date,temperature_2m (°C),relative_humidity_2m (%),apparent_temperature (°C),precipitation (mm),rain (mm),surface_pressure (hPa),cloud_cover (%),wind_speed_100m (km/h),wind_direction_100m (°)
2024-01-01 00:00,6.2,74,2.9,0.00,0.00,993.1,100,22.7,226
2024-01-01 01:00,5.7,76,2.4,0.00,0.00,993.3,100,22.7,224
2024-01-01 02:00,5.6,77,2.3,0.00,0.00,993.1,98,22.7,221
2024-01-01 03:00,5.9,76,2.0,0.00,0.00,992.9,1,28.3,226
2024-01-01 04:00,5.8,77,1.3,0.00,0.00,993.1,19,33.1,224
2024-01-01 05:00,5.6,78,1.2,0.00,0.00,993.0,51,32.7,221
2024-01-01 06:00,6.0,77,1.6,0.00,0.00,992.9,100,32.3,224
2024-01-01 07:00,6.7,75,2.1,0.00,0.00,992.6,98,33.9,225
2024-01-01 08:00,6.6,76,1.9,0.00,0.00,992.6,91,35.7,229
2024-01-01 09:00,5.8,78,1.4,0.00,0.00,993.2,40,32.9,233
2024-01-01 10:00,5.8,77,1.2,0.00,0.00,993.6,99,35.0,230
2024-01-01 11:00,6.1,79,1.2,0.50,0.50,993.9,100,37.2,232
2024-01-01 12:00,6.7,79,1.9,0.10,0.10,994.1,99,36.4,232
2024-01-01 13:00,7.4,75,2.8,0.00,0.00,994.1,100,33.6,235
2024-01-01 14:00,7.7,72,3.3,0.00,0.00,994.2,100,30.6,228
2024-01-01 15:00,8.4,63,3.3,0.00,0.00,993.5,97,37.3,230
2024-01-01 16:00,7.7,68,2.8,0.00,0.00,993.7,97,35.6,234
2024-01-01 17:00,7.2,72,2.3,0.10,0.10,994.2,100,35.8,240
2024-01-01 18:00,6.8,75,2.2,0.10,0.10,994.7,100,34.2,240
2024-01-01 19:00,6.1,81,1.7,0.80,0.80,995.4,97,33.4,248
2024-01-01 20:00,5.8,83,1.6,0.10,0.10,996.0,56,32.4,246
2024-01-01 21:00,5.4,83,1.0,0.00,0.00,996.4,64,33.8,245
2024-01-01 22:00,4.9,84,0.6,0.00,0.00,996.8,11,32.7,245
2024-01-01 23:00,4.3,86,-0.0,0.00,0.00,996.9,1,32.4,243
2024-01-02 00:00,3.9,88,-0.1,0.00,0.00,996.9,2,29.2,240
2024-01-02 01:00,3.5,89,-0.3,0.00,0.00,996.9,99,27.1,234
2024-01-02 02:00,3.0,91,-0.5,0.00,0.00,996.5,100,24.8,229
2024-01-02 03:00,3.2,89,0.1,0.00,0.00,995.8,100,21.8,214
2024-01-02 04:00,3.8,88,0.8,0.00,0.00,995.4,100,19.0,205
2024-01-02 05:00,4.3,87,1.2,0.00,0.00,994.4,100,19.3,189
2024-01-02 06:00,4.7,88,1.4,0.10,0.10,993.2,100,22.4,186
2024-01-02 07:00,5.2,88,1.6,0.30,0.30,991.7,100,25.3,175
2024-01-02 08:00,5.0,91,1.3,0.40,0.40,990.6,100,27.9,174
2024-01-02 09:00,5.2,90,1.1,1.20,1.20,989.9,100,31.0,181
2024-01-02 10:00,5.0,91,0.3,1.70,1.70,989.0,100,36.0,182
2024-01-02 11:00,4.8,91,-0.0,1.40,1.40,987.6,100,37.8,182
2024-01-02 12:00,4.9,91,0.9,2.80,1.50,986.4,100,30.6,177
2024-01-02 13:00,6.3,86,2.4,0.10,0.10,985.0,100,30.9,199
2024-01-02 14:00,8.2,85,3.5,0.10,0.10,983.6,100,42.8,224
2024-01-02 15:00,8.7,85,4.9,0.00,0.00,983.4,100,35.0,230
2024-01-02 16:00,8.9,84,4.9,0.00,0.00,983.4,100,37.4,232
2024-01-02 17:00,8.8,84,4.9,0.10,0.10,983.3,100,36.0,229
2024-01-02 18:00,8.3,88,4.6,0.50,0.50,983.0,100,34.9,223
2024-01-02 19:00,8.2,88,4.5,1.00,1.00,982.4,100,34.6,219
2024-01-02 20:00,8.1,89,4.7,1.10,1.10,981.4,100,30.3,208
2024-01-02 21:00,8.1,89,4.7,0.80,0.80,980.4,100,31.1,207
2024-01-02 22:00,8.6,88,4.7,1.10,1.10,979.5,100,37.2,218
2024-01-02 23:00,8.8,87,4.6,2.30,2.30,978.7,100,39.8,215
2024-01-03 00:00,8.8,86,5.1,3.10,3.10,978.3,100,35.7,223
2024-01-03 01:00,9.7,83,5.3,0.20,0.20,978.5,89,42.2,236
2024-01-03 02:00,9.9,82,5.2,0.00,0.00,978.6,39,44.6,234
2024-01-03 03:00,9.4,82,4.7,0.00,0.00,978.4,93,43.7,229
2024-01-03 04:00,9.7,83,5.0,0.00,0.00,978.6,26,44.3,236
2024-01-03 05:00,9.4,80,4.5,0.00,0.00,978.9,37,46.7,239
2024-01-03 06:00,9.2,79,4.2,0.00,0.00,979.2,51,45.3,241
2024-01-03 07:00,8.9,79,4.1,0.00,0.00,979.5,29,43.2,240
2024-01-03 08:00,8.8,78,3.9,0.00,0.00,979.8,43,43.6,239
2024-01-03 09:00,8.6,79,3.9,0.00,0.00,980.3,52,41.8,239
2024-01-03 10:00,8.8,78,4.1,0.00,0.00,980.8,74,41.2,236
2024-01-03 11:00,9.4,76,4.9,0.00,0.00,980.9,75,38.6,233
2024-01-03 12:00,10.1,74,5.3,0.00,0.00,980.8,100,41.8,235
2024-01-03 13:00,10.2,73,5.9,0.00,0.00,980.7,89,37.2,232
2024-01-03 14:00,9.7,79,4.8,1.20,1.20,980.5,76,43.0,236
2024-01-03 15:00,9.9,77,4.9,0.90,0.90,980.4,100,44.9,244
2024-01-03 16:00,10.0,76,5.8,0.00,0.00,980.2,34,36.2,239
2024-01-03 17:00,9.4,74,5.1,0.00,0.00,980.4,10,37.1,238
2024-01-03 18:00,8.8,77,4.8,0.10,0.10,980.4,73,35.0,233
2024-01-03 19:00,8.4,80,4.2,0.20,0.20,980.6,100,37.2,237
2024-01-03 20:00,8.2,83,4.6,0.10,0.10,980.3,99,31.3,232
2024-01-03 21:00,8.1,83,4.2,0.00,0.00,980.2,100,34.2,229
2024-01-03 22:00,7.7,84,3.8,0.10,0.10,980.1,93,33.0,234
2024-01-03 23:00,7.7,86,3.8,0.00,0.00,980.0,100,34.9,235
2024-01-04 00:00,7.7,85,3.6,0.00,0.00,980.2,90,35.2,235
2024-01-04 01:00,7.6,85,3.3,0.00,0.00,980.0,97,36.3,236
2024-01-04 02:00,7.4,84,3.0,0.00,0.00,980.1,100,37.6,238
2024-01-04 03:00,7.7,83,3.3,0.40,0.40,980.3,100,37.7,241
2024-01-04 04:00,7.8,82,2.8,0.00,0.00,980.6,100,43.0,244
2024-01-04 05:00,7.6,84,3.0,0.40,0.40,980.8,100,39.8,243
2024-01-04 06:00,7.3,85,2.7,0.10,0.10,981.3,100,39.7,254
2024-01-04 07:00,7.2,84,2.7,0.00,0.00,982.0,100,37.9,261
2024-01-04 08:00,7.2,83,2.6,0.00,0.00,982.9,100,37.3,260
2024-01-04 09:00,7.2,82,2.5,0.10,0.10,984.2,100,37.4,263
2024-01-04 10:00,6.9,80,2.0,0.00,0.00,985.2,94,39.5,264
2024-01-04 11:00,6.7,80,1.9,0.00,0.00,985.8,98,37.4,269
2024-01-04 12:00,6.8,76,1.5,0.10,0.10,986.7,100,36.9,276
2024-01-04 13:00,6.7,74,1.7,0.10,0.10,987.6,100,33.1,284
2024-01-04 14:00,6.6,69,1.2,0.10,0.10,988.3,100,34.2,292
2024-01-04 15:00,6.8,68,1.7,0.00,0.00,989.3,100,32.0,297
2024-01-04 16:00,6.2,70,1.7,0.00,0.00,990.1,100,27.6,311
2024-01-04 17:00,4.9,76,0.8,0.00,0.00,991.3,100,23.0,331
2024-01-04 18:00,3.9,78,-0.0,0.00,0.00,992.5,100,20.1,336
2024-01-04 19:00,3.8,76,-0.0,0.00,0.00,993.1,100,18.5,331
2024-01-04 20:00,3.8,75,0.3,0.00,0.00,993.8,100,15.0,339
2024-01-04 21:00,3.5,77,0.2,0.00,0.00,994.3,100,10.9,9
2024-01-04 22:00,3.0,80,-0.0,0.10,0.10,994.7,100,8.3,56
2024-01-04 23:00,2.6,84,-0.2,0.30,0.30,995.2,100,7.2,96
2024-01-05 00:00,2.2,90,-0.7,0.40,0.40,995.4,100,8.2,105
2024-01-05 01:00,2.0,97,-0.9,0.50,0.50,995.2,100,8.7,95
2024-01-05 02:00,2.2,93,-0.9,0.00,0.00,995.2,100,11.4,101
2024-01-05 03:00,2.4,93,-0.6,0.00,0.00,994.7,100,10.9,134
2024-01-05 04:00,2.5,95,-0.3,0.00,0.00,994.2,100,10.5,149
2024-01-05 05:00,2.0,98,-0.8,0.00,0.00,993.3,100,13.7,145
2024-01-05 06:00,2.5,97,-0.3,0.00,0.00,992.4,100,15.1,140
2024-01-05 07:00,3.2,96,0.1,0.10,0.10,991.8,100,18.4,140
2024-01-05 08:00,3.7,96,0.8,0.00,0.00,991.6,100,18.0,147
2024-01-05 09:00,4.2,95,1.4,0.00,0.00,991.6,99,19.0,165
2024-01-05 10:00,4.3,95,1.5,0.00,0.00,991.1,99,18.4,179
2024-01-05 11:00,5.2,92,2.4,0.00,0.00,990.9,100,18.8,187
2024-01-05 12:00,6.6,87,3.7,0.00,0.00,990.8,100,20.9,199
2024-01-05 13:00,7.2,83,3.8,0.00,0.00,990.5,100,26.1,210
2024-01-05 14:00,7.7,82,4.2,0.00,0.00,990.2,99,24.6,212
2024-01-05 15:00,8.4,83,5.8,0.00,0.00,990.0,100,18.0,206
2024-01-05 16:00,7.8,85,5.6,0.00,0.00,989.9,100,17.4,198
2024-01-05 17:00,6.8,86,4.1,0.00,0.00,989.8,100,20.8,194
2024-01-05 18:00,5.8,87,2.9,0.00,0.00,990.2,100,22.1,199
2024-01-05 19:00,5.1,89,2.4,0.00,0.00,990.6,100,19.6,194
2024-01-05 20:00,4.8,89,1.9,0.00,0.00,990.6,99,22.2,188
2024-01-05 21:00,4.6,91,1.6,0.00,0.00,991.0,100,22.6,205
2024-01-05 22:00,4.0,92,1.0,0.00,0.00,991.1,100,21.7,216
2024-01-05 23:00,3.8,93,0.7,0.00,0.00,991.5,66,22.2,222
2024-01-06 00:00,3.3,93,0.0,0.00,0.00,991.5,92,23.6,219
2024-01-06 01:00,3.2,93,-0.2,0.00,0.00,991.7,87,25.3,221
2024-01-06 02:00,3.0,93,-0.3,0.00,0.00,991.7,100,23.9,226
2024-01-06 03:00,3.3,91,0.2,0.00,0.00,992.0,100,22.3,232
2024-01-06 04:00,3.0,91,-0.1,0.00,0.00,992.3,47,21.3,231
2024-01-06 05:00,0.9,94,-2.7,0.00,0.00,992.5,96,16.3,229
2024-01-06 06:00,2.2,90,-0.6,0.00,0.00,993.2,100,10.5,248
2024-01-06 07:00,2.0,94,-0.9,0.00,0.00,993.2,100,10.2,252
2024-01-06 08:00,2.6,92,-0.3,0.00,0.00,993.6,100,12.8,230
2024-01-06 09:00,2.0,94,-0.8,0.00,0.00,994.2,100,12.8,218
2024-01-06 10:00,2.5,94,0.0,0.00,0.00,995.0,100,10.3,209
2024-01-06 11:00,3.2,93,0.6,0.00,0.00,995.7,100,10.5,184
2024-01-06 12:00,4.2,91,2.2,0.00,0.00,996.2,100,6.5,199
2024-01-06 13:00,5.0,88,3.4,0.00,0.00,996.5,100,2.3,252
2024-01-06 14:00,5.6,86,3.7,0.00,0.00,996.5,99,3.6,37
2024-01-06 15:00,4.8,90,1.9,0.00,0.00,997.4,99,12.0,51
2024-01-06 16:00,4.2,91,1.1,0.00,0.00,997.9,100,14.4,53
2024-01-06 17:00,3.3,94,-0.1,0.00,0.00,998.7,100,17.1,55
2024-01-06 18:00,2.7,95,-1.0,0.00,0.00,999.4,100,19.8,63
2024-01-06 19:00,2.3,94,-1.4,0.00,0.00,999.9,100,20.0,64
2024-01-06 20:00,1.9,92,-2.0,0.00,0.00,1000.5,100,20.0,60
2024-01-06 21:00,1.5,89,-2.5,0.00,0.00,1001.1,100,20.0,56
2024-01-06 22:00,1.1,88,-3.1,0.00,0.00,1001.5,100,21.0,52
2024-01-06 23:00,0.6,87,-3.7,0.00,0.00,1002.0,100,20.5,51
2024-01-07 00:00,0.2,87,-4.2,0.00,0.00,1002.6,100,20.9,48
2024-01-07 01:00,-0.2,86,-4.8,0.00,0.00,1003.1,100,22.4,48
2024-01-07 02:00,-0.6,84,-5.3,0.00,0.00,1003.6,100,23.2,46
2024-01-07 03:00,-0.9,86,-5.6,0.10,0.00,1004.2,100,22.3,34
2024-01-07 04:00,-1.3,85,-6.3,0.10,0.00,1005.1,100,24.3,35
2024-01-07 05:00,-1.6,84,-6.7,0.10,0.00,1005.5,100,25.2,34
2024-01-07 06:00,-1.9,81,-7.0,0.10,0.00,1005.9,100,24.8,36
2024-01-07 07:00,-2.0,79,-7.2,0.00,0.00,1006.4,100,24.5,30
2024-01-07 08:00,-2.0,74,-7.3,0.00,0.00,1006.9,100,24.3,21
2024-01-07 09:00,-2.1,70,-7.5,0.00,0.00,1007.6,100,25.0,25
2024-01-07 10:00,-2.3,66,-7.9,0.00,0.00,1008.5,100,25.6,26
2024-01-07 11:00,-2.7,66,-8.5,0.00,0.00,1009.3,100,27.9,29
2024-01-07 12:00,-2.7,67,-8.5,0.00,0.00,1009.8,100,28.2,28
2024-01-07 13:00,-2.1,67,-7.9,0.00,0.00,1009.8,100,27.7,28
2024-01-07 14:00,-1.6,65,-7.3,0.00,0.00,1009.9,100,27.0,27
2024-01-07 15:00,-1.8,66,-7.8,0.00,0.00,1010.6,100,28.8,29
2024-01-07 16:00,-1.9,71,-7.4,0.00,0.00,1011.0,100,25.9,21
2024-01-07 17:00,-2.0,75,-7.1,0.00,0.00,1011.3,100,23.9,7
2024-01-07 18:00,-1.5,73,-6.3,0.00,0.00,1011.5,100,21.0,5
2024-01-07 19:00,-1.2,71,-6.4,0.00,0.00,1011.8,100,25.2,1
2024-01-07 20:00,-1.4,78,-6.8,0.10,0.00,1012.1,100,28.8,2
2024-01-07 21:00,-1.5,80,-6.7,0.00,0.00,1012.3,100,27.7,1
2024-01-07 22:00,-1.5,82,-6.9,0.00,0.00,1012.7,96,28.2,10
2024-01-07 23:00,-1.9,78,-7.5,0.00,0.00,1013.2,49,29.8,35
2024-01-08 00:00,-3.2,68,-9.0,0.00,0.00,1013.8,4,30.6,32
2024-01-08 01:00,-4.1,70,-9.9,0.00,0.00,1014.1,29,29.6,21
2024-01-08 02:00,-4.3,63,-10.1,0.00,0.00,1014.3,0,28.6,21
2024-01-08 03:00,-4.1,55,-10.0,0.00,0.00,1014.5,6,27.7,16
2024-01-08 04:00,-6.1,64,-11.9,0.00,0.00,1014.8,13,27.5,26
2024-01-08 05:00,-7.1,70,-12.6,0.00,0.00,1015.4,82,23.3,27
2024-01-08 06:00,-7.4,72,-13.0,0.00,0.00,1015.9,100,22.6,29
2024-01-08 07:00,-7.3,71,-13.1,0.00,0.00,1016.4,100,23.2,36
2024-01-08 08:00,-7.2,68,-13.0,0.00,0.00,1016.9,100,24.2,43
2024-01-08 09:00,-6.9,68,-12.9,0.00,0.00,1017.3,100,24.6,39
2024-01-08 10:00,-6.5,61,-12.3,0.00,0.00,1018.1,99,23.2,47
2024-01-08 11:00,-6.7,59,-12.3,0.00,0.00,1018.6,56,21.5,50
2024-01-08 12:00,-6.4,56,-12.0,0.00,0.00,1019.2,24,19.6,44
2024-01-08 13:00,-6.2,53,-11.8,0.00,0.00,1019.4,0,19.5,39
2024-01-08 14:00,-5.6,50,-11.0,0.00,0.00,1019.2,0,18.6,43
2024-01-08 15:00,-6.2,60,-11.9,0.00,0.00,1020.2,100,22.1,46
2024-01-08 16:00,-5.3,57,-11.1,0.00,0.00,1020.4,36,22.9,48
2024-01-08 17:00,-5.6,60,-10.8,0.00,0.00,1021.0,5,21.0,38
2024-01-08 18:00,-6.2,62,-11.4,0.00,0.00,1021.3,0,23.0,40
2024-01-08 19:00,-6.4,64,-11.4,0.00,0.00,1021.6,0,21.1,47
2024-01-08 20:00,-6.6,68,-11.4,0.00,0.00,1022.1,0,20.5,51
2024-01-08 21:00,-6.8,71,-11.6,0.00,0.00,1022.3,0,20.7,55
2024-01-08 22:00,-6.9,71,-11.8,0.00,0.00,1022.9,0,20.1,57
2024-01-08 23:00,-7.2,70,-12.0,0.00,0.00,1023.3,0,19.1,58
2024-01-09 00:00,-7.6,69,-12.3,0.00,0.00,1023.3,0,18.2,56
2024-01-09 01:00,-7.8,70,-12.7,0.00,0.00,1023.6,0,18.2,52
2024-01-09 02:00,-8.1,70,-13.0,0.00,0.00,1023.6,0,17.9,52
2024-01-09 03:00,-8.6,80,-13.2,0.00,0.00,1024.1,0,17.1,49
2024-01-09 04:00,-8.9,81,-13.4,0.00,0.00,1024.1,0,16.6,51
2024-01-09 05:00,-9.1,82,-13.8,0.00,0.00,1024.0,0,17.6,46
2024-01-09 06:00,-9.4,83,-14.0,0.00,0.00,1023.8,0,17.8,43
2024-01-09 07:00,-9.6,83,-14.4,0.00,0.00,1023.7,0,19.3,45
2024-01-09 08:00,-9.7,81,-14.6,0.00,0.00,1023.9,0,19.4,48
2024-01-09 09:00,-9.9,80,-14.7,0.00,0.00,1024.0,0,18.6,49
2024-01-09 10:00,-9.6,77,-14.4,0.00,0.00,1024.4,0,18.6,54
2024-01-09 11:00,-8.4,69,-13.1,0.00,0.00,1024.4,0,12.4,54
2024-01-09 12:00,-7.2,61,-11.8,0.00,0.00,1024.2,0,10.5,52
2024-01-09 13:00,-5.9,54,-10.7,0.00,0.00,1023.6,0,11.5,41
2024-01-09 14:00,-4.8,49,-9.8,0.00,0.00,1023.1,0,13.7,35
2024-01-09 15:00,-4.9,56,-10.0,0.00,0.00,1023.2,0,16.1,39
2024-01-09 16:00,-4.9,55,-10.1,0.00,0.00,1022.9,0,17.8,36
2024-01-09 17:00,-5.8,59,-10.7,0.00,0.00,1022.6,0,20.5,39
2024-01-09 18:00,-6.7,64,-11.6,0.00,0.00,1022.6,0,22.1,46
2024-01-09 19:00,-7.1,66,-11.9,0.00,0.00,1022.7,0,20.5,52
2024-01-09 20:00,-7.4,68,-12.1,0.00,0.00,1022.8,0,20.1,57
2024-01-09 21:00,-7.7,70,-12.3,0.00,0.00,1022.3,0,19.4,59
2024-01-09 22:00,-7.9,72,-12.6,0.00,0.00,1022.3,0,19.4,59
2024-01-09 23:00,-8.1,73,-12.7,0.00,0.00,1021.9,0,19.1,58
2024-01-10 00:00,-8.4,74,-12.9,0.00,0.00,1021.8,0,17.8,58
2024-01-10 01:00,-8.6,75,-13.1,0.00,0.00,1021.6,0,17.7,57
2024-01-10 02:00,-8.9,76,-13.3,0.00,0.00,1021.2,0,16.6,56
2024-01-10 03:00,-9.8,80,-14.2,0.00,0.00,1021.1,0,15.9,52
2024-01-10 04:00,-9.8,80,-14.3,0.00,0.00,1021.0,0,15.6,52
2024-01-10 05:00,-9.8,79,-14.2,0.00,0.00,1020.8,0,16.3,55
2024-01-10 06:00,-9.6,78,-14.2,0.00,0.00,1020.4,0,17.7,57
2024-01-10 07:00,-9.6,77,-14.0,0.00,0.00,1020.3,0,15.8,55
2024-01-10 08:00,-9.8,77,-14.2,0.00,0.00,1020.4,0,14.4,58
2024-01-10 09:00,-9.9,77,-14.3,0.00,0.00,1020.3,0,15.0,63
2024-01-10 10:00,-9.1,72,-13.7,0.00,0.00,1020.2,0,12.9,67
2024-01-10 11:00,-7.2,59,-11.5,0.00,0.00,1020.2,0,10.6,62
2024-01-10 12:00,-5.3,50,-9.6,0.00,0.00,1020.1,0,6.8,58
2024-01-10 13:00,-3.7,43,-8.0,0.00,0.00,1019.7,0,7.4,51
2024-01-10 14:00,-2.4,39,-6.9,0.00,0.00,1019.2,0,9.3,36
2024-01-10 15:00,-3.1,56,-7.6,0.00,0.00,1019.3,0,11.4,35
2024-01-10 16:00,-3.0,55,-7.6,0.00,0.00,1019.2,0,12.1,30
2024-01-10 17:00,-4.4,62,-8.6,0.00,0.00,1019.0,0,14.9,37
2024-01-10 18:00,-5.7,68,-10.1,0.00,0.00,1019.2,0,16.8,42
2024-01-10 19:00,-6.0,69,-10.4,0.00,0.00,1019.5,0,17.3,42
2024-01-10 20:00,-6.4,71,-10.7,0.00,0.00,1019.3,0,15.0,48
2024-01-10 21:00,-6.9,74,-11.1,0.00,0.00,1019.2,0,12.0,51
2024-01-10 22:00,-7.4,77,-11.6,0.00,0.00,1019.0,0,11.5,46
2024-01-10 23:00,-7.8,79,-12.1,0.00,0.00,1019.4,0,12.3,32
2024-01-11 00:00,-8.2,81,-12.5,0.00,0.00,1019.6,0,13.7,23
2024-01-11 01:00,-8.4,81,-12.8,0.00,0.00,1019.8,0,15.2,14
2024-01-11 02:00,-8.6,82,-12.8,0.00,0.00,1019.6,0,11.9,2
2024-01-11 03:00,-9.4,85,-13.7,0.00,0.00,1019.4,0,12.8,349
2024-01-11 04:00,-9.1,84,-13.4,0.00,0.00,1019.3,0,14.5,346
2024-01-11 05:00,-8.9,83,-13.0,0.00,0.00,1019.3,0,14.3,342
2024-01-11 06:00,-8.7,82,-12.8,0.00,0.00,1018.9,0,13.7,330
2024-01-11 07:00,-8.4,80,-12.5,0.00,0.00,1019.3,0,15.5,335
2024-01-11 08:00,-8.7,82,-12.9,0.00,0.00,1019.5,53,12.5,327
2024-01-11 09:00,-8.1,80,-12.0,0.00,0.00,1019.3,100,10.8,300
2024-01-11 10:00,-6.8,73,-10.9,0.00,0.00,1019.4,40,10.9,297
2024-01-11 11:00,-4.9,64,-8.8,0.00,0.00,1019.4,42,12.1,307
2024-01-11 12:00,-2.9,53,-7.0,0.00,0.00,1019.7,50,7.9,313
2024-01-11 13:00,-1.3,46,-5.7,0.00,0.00,1018.9,99,9.5,299
2024-01-11 14:00,-0.2,40,-4.7,0.00,0.00,1018.1,77,10.2,302
2024-01-11 15:00,-1.0,54,-5.9,0.00,0.00,1018.1,67,16.9,326
2024-01-11 16:00,-2.5,69,-7.4,0.00,0.00,1018.5,100,19.6,340
2024-01-11 17:00,-3.0,80,-7.2,0.00,0.00,1018.4,100,14.3,313
2024-01-11 18:00,-2.8,87,-6.7,0.00,0.00,1018.2,100,15.8,305
2024-01-11 19:00,-2.3,89,-6.3,0.00,0.00,1018.5,100,17.3,312
2024-01-11 20:00,-1.9,90,-5.7,0.00,0.00,1018.7,100,17.8,324
2024-01-11 21:00,-1.6,92,-5.3,0.00,0.00,1018.8,100,16.1,326
2024-01-11 22:00,-1.4,93,-5.0,0.00,0.00,1019.1,100,16.8,318
2024-01-11 23:00,-1.2,94,-4.9,0.00,0.00,1019.3,100,17.8,318
2024-01-12 00:00,-1.0,94,-4.6,0.00,0.00,1019.4,100,17.6,319
2024-01-12 01:00,-0.9,96,-4.6,0.00,0.00,1019.2,100,17.1,319
2024-01-12 02:00,-0.9,96,-4.5,0.00,0.00,1019.3,100,17.5,323
2024-01-12 03:00,-1.2,96,-4.7,0.00,0.00,1019.3,100,16.1,331
2024-01-12 04:00,-1.2,96,-4.7,0.00,0.00,1019.3,100,15.9,332
2024-01-12 05:00,-1.2,97,-4.7,0.00,0.00,1019.1,100,16.5,324
2024-01-12 06:00,-1.1,97,-4.7,0.00,0.00,1018.9,100,17.2,323
2024-01-12 07:00,-1.1,97,-4.5,0.00,0.00,1018.6,100,15.3,315
2024-01-12 08:00,-1.1,97,-4.3,0.00,0.00,1018.5,100,12.6,307
2024-01-12 09:00,-1.2,98,-4.3,0.00,0.00,1018.7,100,11.6,300
2024-01-12 10:00,-1.2,99,-4.5,0.00,0.00,1018.9,100,12.7,295
2024-01-12 11:00,-0.7,95,-4.1,0.00,0.00,1018.6,100,11.9,268
2024-01-12 12:00,-0.1,91,-3.7,0.00,0.00,1018.3,100,12.4,248
2024-01-12 13:00,0.5,86,-3.4,0.00,0.00,1018.0,100,15.1,245
2024-01-12 14:00,0.9,84,-3.1,0.00,0.00,1017.4,100,16.1,254
2024-01-12 15:00,0.7,85,-3.2,0.00,0.00,1016.9,100,15.8,270
2024-01-12 16:00,1.0,83,-2.8,0.00,0.00,1016.4,100,15.6,277
2024-01-12 17:00,0.3,88,-2.7,0.00,0.00,1016.2,100,12.3,275
2024-01-12 18:00,-0.1,91,-3.9,0.00,0.00,1016.0,100,18.7,245
2024-01-12 19:00,-0.3,91,-4.8,0.00,0.00,1015.8,100,26.0,248
2024-01-12 20:00,-0.3,90,-5.0,0.00,0.00,1015.4,100,28.9,251
2024-01-12 21:00,-0.2,89,-5.0,0.00,0.00,1014.9,97,30.4,253
2024-01-12 22:00,0.1,88,-4.8,0.00,0.00,1014.3,100,31.2,251
2024-01-12 23:00,0.3,88,-4.5,0.00,0.00,1014.0,100,30.7,254
2024-01-13 00:00,0.5,90,-4.2,0.00,0.00,1013.7,100,29.6,254
2024-01-13 01:00,0.6,91,-4.0,0.00,0.00,1013.4,100,28.5,254
2024-01-13 02:00,0.5,93,-4.0,0.00,0.00,1013.0,100,28.7,252
2024-01-13 03:00,0.2,91,-4.4,0.00,0.00,1012.8,100,28.6,251
2024-01-13 04:00,0.1,90,-4.7,0.00,0.00,1012.4,100,29.1,252
2024-01-13 05:00,0.4,88,-4.2,0.00,0.00,1011.8,100,27.9,255
2024-01-13 06:00,0.9,87,-3.9,0.00,0.00,1010.8,100,30.1,251
2024-01-13 07:00,1.0,87,-3.7,0.00,0.00,1010.4,100,29.9,255
2024-01-13 08:00,0.9,88,-3.7,0.00,0.00,1010.1,100,29.5,257
2024-01-13 09:00,1.0,89,-3.6,0.00,0.00,1009.6,100,28.3,258
2024-01-13 10:00,1.0,90,-3.5,0.00,0.00,1008.8,100,27.8,253
2024-01-13 11:00,1.5,87,-3.0,0.00,0.00,1008.2,100,26.7,254
2024-01-13 12:00,2.1,82,-2.5,0.00,0.00,1007.6,100,26.8,259
2024-01-13 13:00,2.3,81,-2.5,0.00,0.00,1006.7,100,27.9,259
2024-01-13 14:00,2.5,79,-2.6,0.00,0.00,1005.7,100,30.4,251
2024-01-13 15:00,2.0,80,-3.2,0.00,0.00,1005.3,100,31.3,247
2024-01-13 16:00,1.9,81,-3.4,0.00,0.00,1004.2,100,33.6,251
2024-01-13 17:00,1.8,82,-3.4,0.00,0.00,1003.5,100,34.2,252
2024-01-13 18:00,1.7,83,-3.6,0.00,0.00,1003.0,100,35.9,257
2024-01-13 19:00,1.9,82,-3.9,0.00,0.00,1002.5,100,40.1,256
2024-01-13 20:00,1.9,83,-4.1,0.00,0.00,1001.7,100,43.2,255
2024-01-13 21:00,2.0,84,-3.9,0.10,0.10,1001.5,100,41.0,259
2024-01-13 22:00,1.9,86,-3.9,0.00,0.00,1000.8,100,41.4,257
2024-01-13 23:00,1.8,88,-4.0,0.00,0.00,1000.1,100,40.8,258
2024-01-14 00:00,1.9,87,-3.9,0.00,0.00,999.3,100,42.5,259
2024-01-14 01:00,2.1,86,-3.8,0.00,0.00,998.9,100,42.9,262
2024-01-14 02:00,2.2,86,-3.8,0.00,0.00,998.2,100,43.6,259
2024-01-14 03:00,1.9,86,-3.9,0.20,0.20,997.6,100,40.6,255
2024-01-14 04:00,1.6,88,-4.2,0.20,0.20,997.1,100,42.3,256
2024-01-14 05:00,1.7,88,-4.3,0.10,0.10,996.3,100,43.7,257
2024-01-14 06:00,1.7,88,-4.2,0.10,0.10,995.8,100,42.7,258
2024-01-14 07:00,1.8,88,-3.9,0.10,0.10,995.6,100,41.2,261
2024-01-14 08:00,2.0,88,-3.5,0.00,0.00,995.4,78,39.1,264
2024-01-14 09:00,2.0,88,-3.3,0.00,0.00,995.5,100,36.8,267
2024-01-14 10:00,2.2,88,-2.9,0.00,0.00,995.8,100,35.3,266
2024-01-14 11:00,2.5,87,-2.7,0.00,0.00,995.6,100,35.4,265
2024-01-14 12:00,2.7,86,-2.6,0.00,0.00,995.6,100,36.4,268
2024-01-14 13:00,3.3,83,-1.7,0.00,0.00,995.0,100,32.2,264
2024-01-14 14:00,3.3,84,-1.6,0.00,0.00,994.2,100,30.8,256
2024-01-14 15:00,2.0,89,-3.1,0.00,0.00,993.7,100,33.5,251
2024-01-14 16:00,1.6,87,-3.7,0.00,0.00,993.1,100,35.3,250
2024-01-14 17:00,1.2,87,-4.2,0.00,0.00,992.4,100,36.6,247
2024-01-14 18:00,1.2,87,-4.2,0.10,0.10,991.7,100,36.8,248
2024-01-14 19:00,1.2,87,-4.3,0.10,0.10,991.0,100,38.2,247
2024-01-14 20:00,1.2,84,-4.4,0.20,0.00,990.0,60,37.9,246
2024-01-14 21:00,0.4,85,-5.5,0.10,0.00,989.2,79,41.1,246
2024-01-14 22:00,0.4,84,-5.8,0.30,0.00,988.5,100,43.5,246
2024-01-14 23:00,0.5,82,-5.7,0.10,0.00,987.6,100,42.4,246
2024-01-15 00:00,0.5,81,-5.7,0.10,0.00,987.0,100,42.6,247
2024-01-15 01:00,0.4,79,-6.1,0.20,0.00,986.2,100,45.6,245
2024-01-15 02:00,0.5,79,-5.7,0.00,0.00,986.0,100,41.5,248
2024-01-15 03:00,0.9,79,-5.4,0.00,0.00,985.2,100,42.7,248
2024-01-15 04:00,0.8,79,-5.5,0.00,0.00,985.0,100,42.4,251
2024-01-15 05:00,0.8,81,-5.3,0.00,0.00,984.9,100,39.9,250
2024-01-15 06:00,0.9,77,-5.4,0.00,0.00,984.5,80,42.8,252
2024-01-15 07:00,0.8,76,-5.7,0.00,0.00,984.3,100,45.0,256
2024-01-15 08:00,1.2,73,-5.3,0.00,0.00,984.2,98,45.0,256
2024-01-15 09:00,1.2,73,-5.1,0.00,0.00,983.9,32,42.9,257
2024-01-15 10:00,1.2,73,-5.2,0.00,0.00,984.2,63,43.2,257
2024-01-15 11:00,1.9,71,-4.6,0.00,0.00,984.2,80,42.9,259
2024-01-15 12:00,2.0,72,-5.0,0.10,0.00,984.1,100,47.1,256
2024-01-15 13:00,2.1,70,-4.9,0.00,0.00,984.1,97,46.6,255
2024-01-15 14:00,2.2,66,-5.1,0.00,0.00,983.9,91,49.4,260
2024-01-15 15:00,2.3,69,-4.0,0.00,0.00,984.4,100,40.5,258
2024-01-15 16:00,1.9,71,-4.0,0.00,0.00,984.8,100,36.5,255
2024-01-15 17:00,1.5,71,-4.1,0.00,0.00,985.0,95,35.5,257
2024-01-15 18:00,0.6,74,-5.1,0.00,0.00,985.5,100,36.1,258
2024-01-15 19:00,0.6,73,-5.0,0.10,0.00,985.6,100,35.2,259
2024-01-15 20:00,0.1,78,-5.2,0.20,0.00,986.2,100,32.2,264
2024-01-15 21:00,0.3,78,-4.9,0.40,0.00,986.9,100,30.4,281
2024-01-15 22:00,0.8,75,-4.8,0.70,0.00,987.5,81,34.7,280
2024-01-15 23:00,0.6,75,-4.6,0.00,0.00,988.7,15,31.5,275
2024-01-16 00:00,-0.3,80,-5.5,0.00,0.00,989.4,100,31.6,262
2024-01-16 01:00,0.4,76,-5.0,0.00,0.00,989.8,80,32.7,262
2024-01-16 02:00,0.5,75,-5.3,0.00,0.00,990.3,84,36.0,261
2024-01-16 03:00,-0.2,81,-5.6,0.00,0.00,990.9,25,35.5,264
2024-01-16 04:00,-0.3,80,-5.9,0.00,0.00,991.8,61,36.0,268
2024-01-16 05:00,-0.4,78,-6.0,0.00,0.00,992.7,80,34.6,271
2024-01-16 06:00,-0.2,77,-6.0,0.00,0.00,993.3,95,35.3,269
2024-01-16 07:00,0.0,76,-5.7,0.20,0.00,993.6,75,35.0,267
2024-01-16 08:00,-0.2,78,-5.6,0.00,0.00,994.1,67,32.8,270
2024-01-16 09:00,-0.6,79,-5.7,0.00,0.00,994.7,38,30.0,266
2024-01-16 10:00,-0.9,78,-6.3,0.00,0.00,995.3,86,31.5,259
2024-01-16 11:00,0.1,70,-5.5,0.00,0.00,995.5,100,30.9,259
2024-01-16 12:00,0.9,67,-4.9,0.00,0.00,995.6,100,31.5,254
2024-01-16 13:00,1.5,63,-4.1,0.00,0.00,995.7,100,30.4,253
2024-01-16 14:00,1.8,62,-4.0,0.00,0.00,995.6,100,30.3,250
2024-01-16 15:00,1.7,69,-3.7,0.00,0.00,995.6,95,28.8,254
2024-01-16 16:00,1.2,74,-3.5,0.00,0.00,995.4,100,25.4,249
2024-01-16 17:00,0.7,75,-3.8,0.00,0.00,995.3,100,24.0,244
2024-01-16 18:00,-0.1,78,-4.4,0.00,0.00,995.6,100,23.8,245
2024-01-16 19:00,-0.2,77,-4.5,0.00,0.00,995.6,88,21.9,237
2024-01-16 20:00,-1.2,80,-5.7,0.00,0.00,995.8,59,24.5,230
2024-01-16 21:00,-2.0,84,-6.3,0.00,0.00,995.5,41,24.4,226
2024-01-16 22:00,-2.5,86,-6.8,0.00,0.00,995.2,26,24.4,226
2024-01-16 23:00,-2.8,86,-7.0,0.00,0.00,995.2,11,23.2,227
2024-01-17 00:00,-3.3,87,-7.3,0.00,0.00,994.6,47,19.9,221
2024-01-17 01:00,-3.5,87,-7.5,0.00,0.00,993.9,87,19.0,209
2024-01-17 02:00,-3.5,88,-7.5,0.00,0.00,993.2,38,19.3,204
2024-01-17 03:00,-3.2,88,-7.5,0.00,0.00,992.5,48,23.0,209
2024-01-17 04:00,-3.5,87,-7.9,0.00,0.00,992.1,84,24.8,210
2024-01-17 05:00,-3.7,87,-8.1,0.00,0.00,991.0,100,23.4,205
2024-01-17 06:00,-3.9,87,-8.4,0.00,0.00,990.1,99,24.1,197
2024-01-17 07:00,-4.0,86,-8.4,0.00,0.00,989.0,100,23.2,193
2024-01-17 08:00,-4.0,85,-8.3,0.00,0.00,988.1,100,22.7,190
2024-01-17 09:00,-3.8,82,-8.2,0.00,0.00,986.9,100,21.6,184
2024-01-17 10:00,-3.2,78,-7.6,0.00,0.00,986.0,100,20.9,184
2024-01-17 11:00,-1.8,71,-6.1,0.00,0.00,984.9,100,24.4,188
2024-01-17 12:00,-0.2,62,-4.5,0.00,0.00,983.9,100,14.1,183
2024-01-17 13:00,1.2,53,-3.1,0.00,0.00,982.6,100,12.6,183
2024-01-17 14:00,1.5,53,-2.5,0.00,0.00,981.6,100,10.1,176
2024-01-17 15:00,1.1,65,-2.6,0.00,0.00,980.1,100,10.7,192
2024-01-17 16:00,0.1,75,-3.1,0.20,0.00,979.0,100,8.7,185
2024-01-17 17:00,-0.6,86,-3.5,0.60,0.00,978.2,100,7.1,139
2024-01-17 18:00,-0.9,94,-3.9,0.90,0.00,977.3,100,11.6,112
2024-01-17 19:00,-0.9,97,-4.1,0.90,0.00,976.5,100,12.6,95
2024-01-17 20:00,-0.9,98,-3.6,0.90,0.00,976.1,100,8.5,102
2024-01-17 21:00,-0.9,99,-4.2,1.70,0.00,975.4,100,8.4,25
2024-01-17 22:00,-1.2,98,-5.0,0.90,0.00,975.3,100,17.7,4
2024-01-17 23:00,-1.3,97,-5.2,0.60,0.00,975.9,100,19.2,354
2024-01-18 00:00,-1.3,97,-5.1,0.50,0.00,976.2,100,18.5,347
2024-01-18 01:00,-1.5,96,-5.7,0.20,0.00,976.8,100,21.1,340
2024-01-18 02:00,-1.8,96,-6.0,0.20,0.00,977.6,100,22.6,343
2024-01-18 03:00,-1.4,91,-5.5,0.00,0.00,978.8,100,21.9,340
2024-01-18 04:00,-1.3,89,-5.2,0.00,0.00,979.6,100,19.1,338
2024-01-18 05:00,-1.4,89,-5.5,0.10,0.00,979.9,100,20.3,337
2024-01-18 06:00,-1.6,88,-5.2,0.10,0.00,980.4,100,15.8,343
2024-01-18 07:00,-1.8,88,-5.3,0.00,0.00,980.9,100,15.2,346
2024-01-18 08:00,-1.9,89,-5.4,0.10,0.00,981.5,100,14.0,342
2024-01-18 09:00,-2.1,91,-5.8,0.30,0.00,982.1,100,15.3,345
2024-01-18 10:00,-2.1,92,-5.7,0.40,0.00,983.0,100,15.7,340
2024-01-18 11:00,-1.9,91,-5.3,0.50,0.00,983.3,100,15.8,343
2024-01-18 12:00,-1.0,87,-4.6,0.20,0.00,983.9,100,13.6,348
2024-01-18 13:00,-0.6,86,-4.2,0.10,0.00,984.5,100,13.3,347
2024-01-18 14:00,-0.4,86,-3.8,0.10,0.00,985.0,100,12.2,336
2024-01-18 15:00,0.1,85,-4.2,0.00,0.00,985.6,100,19.4,338
2024-01-18 16:00,0.2,82,-4.2,0.00,0.00,986.5,100,20.9,339
2024-01-18 17:00,-0.3,84,-4.2,0.00,0.00,987.9,100,19.5,332
2024-01-18 18:00,-0.9,86,-4.6,0.00,0.00,989.1,100,19.4,317
2024-01-18 19:00,-2.0,87,-6.0,0.00,0.00,990.3,99,23.2,317
2024-01-18 20:00,-2.0,88,-6.3,0.00,0.00,991.8,7,24.7,318
2024-01-18 21:00,-3.2,89,-7.2,0.00,0.00,992.8,0,22.3,304
2024-01-18 22:00,-3.7,90,-7.8,0.00,0.00,994.3,16,23.2,303
2024-01-18 23:00,-4.1,90,-8.1,0.00,0.00,995.8,0,20.8,296
2024-01-19 00:00,-5.2,90,-9.4,0.00,0.00,996.6,0,20.8,280
2024-01-19 01:00,-5.3,88,-9.8,0.00,0.00,997.7,0,24.3,264
2024-01-19 02:00,-5.5,88,-10.2,0.00,0.00,998.3,0,26.0,260
2024-01-19 03:00,-5.6,90,-10.2,0.00,0.00,999.1,2,26.8,258
2024-01-19 04:00,-5.5,89,-10.6,0.00,0.00,999.6,0,30.3,257
2024-01-19 05:00,-5.2,88,-10.6,0.00,0.00,1000.2,12,32.0,255
2024-01-19 06:00,-4.8,89,-10.2,0.00,0.00,1000.8,36,32.4,253
2024-01-19 07:00,-4.8,90,-10.2,0.00,0.00,1001.0,7,32.8,251
2024-01-19 08:00,-4.8,89,-10.4,0.00,0.00,1001.6,0,34.6,251
2024-01-19 09:00,-4.8,87,-10.4,0.00,0.00,1001.9,17,34.6,248
2024-01-19 10:00,-4.5,82,-10.4,0.00,0.00,1002.7,17,36.8,252
2024-01-19 11:00,-3.8,79,-9.4,0.00,0.00,1003.4,2,36.2,255
2024-01-19 12:00,-2.0,76,-7.7,0.00,0.00,1004.3,4,33.4,256
2024-01-19 13:00,-0.9,76,-6.2,0.00,0.00,1004.8,0,29.4,248
2024-01-19 14:00,-0.6,79,-6.0,0.00,0.00,1005.1,2,30.0,247
2024-01-19 15:00,-0.6,81,-6.1,0.00,0.00,1006.3,4,32.0,253
2024-01-19 16:00,-0.6,82,-6.0,0.00,0.00,1007.0,2,33.1,248
2024-01-19 17:00,-1.2,86,-6.4,0.00,0.00,1007.6,3,32.8,244
2024-01-19 18:00,-1.9,88,-7.2,0.00,0.00,1008.2,2,34.5,245
2024-01-19 19:00,-2.0,87,-7.5,0.00,0.00,1008.6,2,36.6,246
2024-01-19 20:00,-2.2,87,-8.0,0.00,0.00,1009.2,5,37.6,248
2024-01-19 21:00,-2.5,86,-8.5,0.00,0.00,1009.6,2,40.1,246
2024-01-19 22:00,-2.7,86,-8.8,0.00,0.00,1010.0,5,41.4,245
2024-01-19 23:00,-2.8,87,-9.1,0.00,0.00,1010.4,67,43.2,245
2024-01-20 00:00,-2.9,88,-9.3,0.00,0.00,1010.7,39,44.0,246
2024-01-20 01:00,-2.9,90,-9.1,0.00,0.00,1011.3,44,42.2,248
2024-01-20 02:00,-2.6,89,-8.7,0.00,0.00,1011.7,1,41.0,250
2024-01-20 03:00,-1.9,88,-7.8,0.00,0.00,1012.6,70,38.8,245
2024-01-20 04:00,-2.2,88,-7.9,0.00,0.00,1012.8,77,36.9,245
2024-01-20 05:00,-2.5,88,-8.0,0.00,0.00,1013.1,94,35.6,247
2024-01-20 06:00,-2.5,87,-8.1,0.00,0.00,1013.3,71,35.7,244
2024-01-20 07:00,-2.8,87,-8.6,0.00,0.00,1013.7,44,36.6,242
2024-01-20 08:00,-3.2,86,-9.1,0.00,0.00,1014.2,25,38.2,244
2024-01-20 09:00,-3.7,86,-9.6,0.00,0.00,1014.6,17,38.3,248
2024-01-20 10:00,-3.7,84,-9.6,0.00,0.00,1015.1,51,37.6,252
2024-01-20 11:00,-2.9,80,-9.0,0.00,0.00,1015.7,28,38.3,252
2024-01-20 12:00,-1.5,76,-7.1,0.00,0.00,1016.1,17,32.6,248
2024-01-20 13:00,-0.6,73,-6.2,0.00,0.00,1015.9,2,32.4,241
2024-01-20 14:00,-1.1,74,-6.7,0.00,0.00,1015.9,10,31.1,238
2024-01-20 15:00,-0.8,77,-6.0,0.00,0.00,1016.4,72,29.5,240
2024-01-20 16:00,-0.6,78,-6.0,0.00,0.00,1016.6,47,31.2,248
2024-01-20 17:00,-1.2,79,-6.5,0.00,0.00,1017.0,79,31.9,240
2024-01-20 18:00,-2.2,81,-7.3,0.00,0.00,1017.6,29,32.8,239
2024-01-20 19:00,-2.5,80,-7.7,0.00,0.00,1017.8,0,32.7,240
2024-01-20 20:00,-2.8,79,-8.1,0.00,0.00,1017.9,0,33.2,243
2024-01-20 21:00,-3.3,78,-8.7,0.00,0.00,1018.3,4,33.6,244
2024-01-20 22:00,-3.5,77,-9.0,0.00,0.00,1018.2,65,34.0,243
2024-01-20 23:00,-3.7,75,-9.0,0.00,0.00,1018.1,41,33.0,241
2024-01-21 00:00,-4.1,75,-9.1,0.00,0.00,1017.9,40,30.4,239
2024-01-21 01:00,-4.6,75,-9.5,0.00,0.00,1017.9,77,27.4,232
2024-01-21 02:00,-5.0,76,-9.8,0.00,0.00,1017.5,31,25.8,229
2024-01-21 03:00,-5.6,78,-10.4,0.00,0.00,1017.3,47,25.5,225
2024-01-21 04:00,-6.1,79,-10.9,0.00,0.00,1016.9,99,24.9,211
2024-01-21 05:00,-5.8,78,-10.7,0.00,0.00,1016.5,93,25.8,205
2024-01-21 06:00,-5.5,77,-10.3,0.00,0.00,1015.9,99,25.8,205
2024-01-21 07:00,-5.1,76,-9.8,0.00,0.00,1015.6,100,25.5,202
2024-01-21 08:00,-4.4,72,-9.5,0.00,0.00,1014.9,100,29.1,195
2024-01-21 09:00,-2.7,63,-7.8,0.00,0.00,1014.6,100,30.3,193
2024-01-21 10:00,-1.7,58,-7.2,0.00,0.00,1013.9,100,33.7,190
2024-01-21 11:00,0.0,51,-5.9,0.00,0.00,1013.1,100,36.7,198
2024-01-21 12:00,1.0,48,-4.9,0.00,0.00,1013.1,100,36.1,206
2024-01-21 13:00,1.9,46,-4.1,0.00,0.00,1012.4,100,36.4,205
2024-01-21 14:00,2.3,46,-3.5,0.00,0.00,1011.9,100,35.7,214
2024-01-21 15:00,2.1,56,-3.7,0.00,0.00,1012.0,98,36.8,230
2024-01-21 16:00,1.8,60,-4.0,0.00,0.00,1011.6,95,36.9,223
2024-01-21 17:00,1.3,63,-4.7,0.00,0.00,1011.5,99,40.3,229
2024-01-21 18:00,0.9,65,-5.4,0.00,0.00,1011.5,99,45.0,230
2024-01-21 19:00,0.7,67,-5.1,0.00,0.00,1011.9,99,38.7,227
2024-01-21 20:00,0.5,71,-4.5,0.00,0.00,1012.0,100,31.2,220
2024-01-21 21:00,0.6,75,-4.2,0.00,0.00,1011.5,100,29.5,213
2024-01-21 22:00,1.2,78,-3.7,0.00,0.00,1010.4,99,32.9,210
2024-01-21 23:00,2.5,79,-3.0,0.00,0.00,1009.5,100,39.5,218
2024-01-22 00:00,3.1,80,-2.3,0.00,0.00,1008.4,68,40.6,220
2024-01-22 01:00,3.5,80,-2.4,0.00,0.00,1007.6,100,47.1,225
2024-01-22 02:00,4.1,79,-1.2,0.00,0.00,1006.7,100,41.8,222
2024-01-22 03:00,4.1,78,-1.4,0.00,0.00,1006.3,100,42.3,223
2024-01-22 04:00,4.2,77,-1.1,0.00,0.00,1005.1,100,41.6,218
2024-01-22 05:00,4.8,72,-0.1,0.20,0.20,1004.3,100,35.8,205
2024-01-22 06:00,5.3,71,-0.9,0.00,0.00,1002.3,100,49.2,212
2024-01-22 07:00,5.2,75,-1.3,0.00,0.00,1001.1,100,53.0,211
2024-01-22 08:00,5.3,75,-0.3,0.00,0.00,1000.2,100,45.9,214
2024-01-22 09:00,6.1,72,0.8,0.00,0.00,1000.7,100,41.2,219
2024-01-22 10:00,6.4,75,0.4,0.20,0.20,999.6,100,48.8,215
2024-01-22 11:00,6.6,79,1.8,0.30,0.30,999.6,100,39.8,217
2024-01-22 12:00,7.9,75,3.1,0.00,0.00,999.2,100,39.7,223
2024-01-22 13:00,9.1,71,4.6,0.00,0.00,998.7,100,37.7,232
2024-01-22 14:00,9.4,74,4.6,0.00,0.00,997.8,100,40.9,230
2024-01-22 15:00,9.6,74,5.3,0.00,0.00,997.3,100,36.9,225
2024-01-22 16:00,9.4,76,5.1,0.00,0.00,996.5,100,38.4,226
2024-01-22 17:00,9.0,78,3.8,0.00,0.00,996.2,100,46.2,228
2024-01-22 18:00,9.1,78,3.5,0.00,0.00,996.9,100,50.0,238
2024-01-22 19:00,8.6,80,3.8,0.00,0.00,997.9,98,43.0,245
2024-01-22 20:00,7.9,82,3.5,0.00,0.00,998.8,33,37.3,251
2024-01-22 21:00,6.7,83,2.1,0.00,0.00,1000.1,80,38.8,255
2024-01-22 22:00,6.3,82,1.5,0.00,0.00,1001.1,7,38.8,253
2024-01-22 23:00,5.6,85,0.7,0.00,0.00,1001.9,15,40.4,243
2024-01-23 00:00,5.3,83,0.2,0.00,0.00,1002.3,57,40.9,243
2024-01-23 01:00,5.2,82,0.1,0.00,0.00,1002.6,47,40.0,241
2024-01-23 02:00,5.0,82,0.2,0.00,0.00,1002.4,45,37.0,242
2024-01-23 03:00,5.2,81,0.3,0.00,0.00,1002.8,29,38.8,245
2024-01-23 04:00,4.9,83,0.1,0.00,0.00,1002.9,82,38.5,245
2024-01-23 05:00,4.6,83,-0.4,0.00,0.00,1003.5,97,38.4,250
2024-01-23 06:00,4.4,79,-0.8,0.00,0.00,1004.3,100,38.7,258
2024-01-23 07:00,4.3,79,-1.0,0.00,0.00,1005.6,56,39.3,262
2024-01-23 08:00,4.2,78,-0.9,0.00,0.00,1006.7,52,37.0,263
2024-01-23 09:00,4.2,81,-0.8,0.00,0.00,1007.7,47,36.5,261
2024-01-23 10:00,4.6,80,-0.1,0.00,0.00,1008.5,62,33.7,259
2024-01-23 11:00,5.6,77,0.6,0.00,0.00,1009.8,86,34.7,260
2024-01-23 12:00,6.2,75,1.5,0.00,0.00,1010.8,81,32.1,261
2024-01-23 13:00,6.4,74,1.6,0.00,0.00,1011.2,87,33.5,249
2024-01-23 14:00,6.8,72,1.8,0.00,0.00,1011.2,68,35.3,262
2024-01-23 15:00,7.7,69,2.3,0.00,0.00,1011.8,84,39.3,262
2024-01-23 16:00,7.6,66,2.4,0.00,0.00,1011.9,76,37.0,252
2024-01-23 17:00,6.7,71,1.8,0.00,0.00,1012.7,100,35.8,249
2024-01-23 18:00,6.3,70,1.2,0.00,0.00,1012.5,100,37.7,246
2024-01-23 19:00,6.2,69,1.1,0.00,0.00,1012.1,100,36.4,242
2024-01-23 20:00,6.1,68,0.9,0.00,0.00,1011.6,100,37.1,238
2024-01-23 21:00,5.9,69,0.7,0.00,0.00,1011.0,100,38.0,237
2024-01-23 22:00,5.9,73,0.8,0.10,0.10,1010.3,100,38.9,234
2024-01-23 23:00,5.8,81,0.9,0.40,0.40,1009.3,100,37.8,221
2024-01-24 00:00,5.4,88,0.6,0.70,0.70,1008.0,100,39.4,214
2024-01-24 01:00,5.6,88,0.2,1.30,1.30,1005.6,100,45.7,215
2024-01-24 02:00,6.3,88,0.6,1.00,1.00,1003.9,100,51.9,225
2024-01-24 03:00,6.8,86,0.9,1.10,1.10,1002.5,100,52.1,221
2024-01-24 04:00,7.8,87,1.8,0.40,0.40,1001.6,100,55.5,231
2024-01-24 05:00,8.6,87,2.7,0.00,0.00,1000.5,100,57.2,237
2024-01-24 06:00,9.4,86,3.3,0.80,0.80,999.7,100,61.0,240
2024-01-24 07:00,10.1,84,4.7,0.10,0.10,999.5,100,54.6,239
2024-01-24 08:00,10.8,83,5.4,0.10,0.10,999.1,56,54.2,247
2024-01-24 09:00,10.4,85,5.6,0.20,0.20,999.1,88,50.0,252
2024-01-24 10:00,11.1,80,5.7,0.00,0.00,999.8,28,54.7,259
2024-01-24 11:00,10.9,78,5.3,0.00,0.00,1000.4,50,55.1,268
2024-01-24 12:00,10.8,72,5.1,0.00,0.00,1001.2,25,50.8,268
2024-01-24 13:00,11.1,69,5.1,0.00,0.00,1001.2,34,53.0,266
2024-01-24 14:00,10.6,68,4.2,0.00,0.00,1001.6,28,54.8,268
2024-01-24 15:00,10.7,66,4.7,0.00,0.00,1002.8,31,51.0,264
2024-01-24 16:00,10.4,63,3.6,0.00,0.00,1003.6,28,56.9,269
2024-01-24 17:00,9.6,63,3.3,0.00,0.00,1004.4,95,51.5,271
2024-01-24 18:00,9.1,67,2.7,0.00,0.00,1005.4,99,52.6,270
2024-01-24 19:00,8.5,69,2.6,0.00,0.00,1006.1,91,46.8,269
2024-01-24 20:00,8.0,71,2.1,0.00,0.00,1006.8,100,47.9,267
2024-01-24 21:00,7.5,74,2.2,0.10,0.10,1007.4,25,42.2,267
2024-01-24 22:00,6.8,76,1.7,0.00,0.00,1007.9,49,38.9,269
2024-01-24 23:00,6.6,75,1.6,0.00,0.00,1008.4,48,38.2,268
2024-01-25 00:00,6.2,76,1.1,0.00,0.00,1008.7,54,39.7,265
2024-01-25 01:00,5.8,78,0.9,0.00,0.00,1009.0,60,37.6,265
2024-01-25 02:00,5.8,78,1.1,0.00,0.00,1009.6,51,35.7,268
2024-01-25 03:00,6.3,80,2.0,0.10,0.10,1009.7,84,35.6,270
2024-01-25 04:00,6.5,82,2.3,0.00,0.00,1009.9,92,34.9,271
2024-01-25 05:00,6.3,82,2.1,0.00,0.00,1009.8,28,36.7,270
2024-01-25 06:00,6.2,81,1.9,0.00,0.00,1010.1,18,37.5,274
2024-01-25 07:00,5.5,83,1.4,0.00,0.00,1010.9,47,34.5,281
2024-01-25 08:00,5.4,82,1.4,0.00,0.00,1011.9,100,31.2,284
2024-01-25 09:00,5.8,79,1.8,0.00,0.00,1012.5,100,30.9,281
2024-01-25 10:00,6.1,78,1.9,0.00,0.00,1013.1,100,33.4,281
2024-01-25 11:00,6.4,77,2.2,0.00,0.00,1013.7,100,28.8,279
2024-01-25 12:00,6.8,75,1.9,0.00,0.00,1014.1,100,32.8,282
2024-01-25 13:00,7.4,71,2.4,0.00,0.00,1014.2,99,34.4,290
2024-01-25 14:00,7.8,68,2.7,0.00,0.00,1014.1,99,33.3,283
2024-01-25 15:00,8.4,62,3.2,0.00,0.00,1014.2,99,34.2,285
2024-01-25 16:00,8.1,64,3.6,0.00,0.00,1014.0,99,29.1,278
2024-01-25 17:00,7.2,68,3.0,0.00,0.00,1014.1,100,28.1,273
2024-01-25 18:00,6.2,72,2.0,0.00,0.00,1014.4,100,29.6,273
2024-01-25 19:00,5.5,75,1.4,0.00,0.00,1014.6,99,28.1,274
2024-01-25 20:00,4.9,78,1.2,0.00,0.00,1014.8,59,25.4,277
2024-01-25 21:00,3.6,85,0.2,0.00,0.00,1014.6,2,22.9,277
2024-01-25 22:00,2.5,90,-0.9,0.00,0.00,1014.6,65,21.6,268
2024-01-25 23:00,2.3,90,-0.9,0.00,0.00,1014.4,76,21.1,262
2024-01-26 00:00,2.6,90,-0.7,0.00,0.00,1014.2,100,21.1,256
2024-01-26 01:00,3.5,85,0.3,0.00,0.00,1014.0,100,19.9,250
2024-01-26 02:00,3.8,83,0.8,0.00,0.00,1013.6,100,17.4,243
2024-01-26 03:00,3.7,85,0.8,0.00,0.00,1013.6,100,16.8,235
2024-01-26 04:00,3.8,84,0.8,0.00,0.00,1013.1,100,17.6,223
2024-01-26 05:00,4.2,83,0.9,0.00,0.00,1012.6,100,21.1,217
2024-01-26 06:00,4.5,82,1.1,0.00,0.00,1012.3,100,22.8,219
2024-01-26 07:00,5.2,82,1.7,0.00,0.00,1011.7,100,24.7,228
2024-01-26 08:00,5.3,87,1.8,0.10,0.10,1011.2,100,26.5,228
2024-01-26 09:00,6.1,89,2.5,0.10,0.10,1010.6,100,28.7,231
2024-01-26 10:00,6.4,90,2.9,0.00,0.00,1010.1,100,28.8,226
2024-01-26 11:00,7.8,86,4.0,0.00,0.00,1008.8,98,31.8,225
2024-01-26 12:00,9.7,79,5.4,0.00,0.00,1007.8,100,35.8,230
2024-01-26 13:00,9.6,81,5.5,0.00,0.00,1006.9,100,35.5,230
2024-01-26 14:00,9.1,87,5.1,0.90,0.90,1005.9,100,36.4,234
2024-01-26 15:00,9.9,86,5.8,0.00,0.00,1005.1,99,41.3,240
2024-01-26 16:00,10.7,84,6.7,0.10,0.10,1004.5,100,39.8,241
2024-01-26 17:00,9.9,81,5.3,1.40,1.40,1005.8,100,43.8,286
2024-01-26 18:00,8.0,74,3.0,0.00,0.00,1008.3,19,39.7,299
2024-01-26 19:00,6.7,74,1.5,0.00,0.00,1010.1,33,39.9,290
2024-01-26 20:00,6.2,75,0.8,0.00,0.00,1012.0,49,40.9,297
2024-01-26 21:00,5.8,77,0.5,0.00,0.00,1013.3,13,39.8,296
2024-01-26 22:00,4.9,78,-0.0,0.00,0.00,1014.3,2,35.4,292
2024-01-26 23:00,4.3,78,-0.4,0.00,0.00,1015.2,5,33.2,285
2024-01-27 00:00,3.8,81,-0.8,0.00,0.00,1016.3,28,31.0,273
2024-01-27 01:00,3.2,85,-1.4,0.00,0.00,1016.8,23,31.3,269
2024-01-27 02:00,3.0,84,-1.8,0.00,0.00,1017.2,59,32.8,271
2024-01-27 03:00,3.0,83,-1.5,0.00,0.00,1018.1,3,30.7,273
2024-01-27 04:00,2.7,84,-2.0,0.00,0.00,1018.6,5,32.0,271
2024-01-27 05:00,2.4,84,-2.3,0.00,0.00,1019.0,1,32.8,272
2024-01-27 06:00,2.2,85,-2.6,0.00,0.00,1019.3,22,33.8,270
2024-01-27 07:00,2.5,84,-2.2,0.00,0.00,1019.6,69,33.2,273
2024-01-27 08:00,3.0,83,-1.5,0.00,0.00,1020.1,51,29.8,278
2024-01-27 09:00,2.5,85,-1.8,0.00,0.00,1020.7,27,28.9,276
2024-01-27 10:00,2.5,86,-1.6,0.00,0.00,1021.0,3,26.7,272
2024-01-27 11:00,4.2,78,-0.1,0.00,0.00,1021.3,1,24.3,277
2024-01-27 12:00,5.2,76,1.4,0.00,0.00,1021.7,0,18.7,254
2024-01-27 13:00,6.0,74,2.1,0.00,0.00,1021.9,0,20.3,258
2024-01-27 14:00,6.8,71,3.0,0.00,0.00,1021.6,2,19.5,267
2024-01-27 15:00,7.7,67,3.9,0.00,0.00,1022.3,0,18.4,264
2024-01-27 16:00,7.3,67,3.4,0.00,0.00,1022.6,2,22.1,264
2024-01-27 17:00,6.3,71,2.8,0.00,0.00,1022.9,63,21.5,260
2024-01-27 18:00,4.6,75,0.8,0.00,0.00,1023.2,0,25.2,260
2024-01-27 19:00,3.8,74,-0.2,0.00,0.00,1023.4,20,27.2,263
2024-01-27 20:00,3.1,78,-0.7,0.00,0.00,1023.6,6,25.4,263
2024-01-27 21:00,2.2,83,-1.5,0.00,0.00,1024.0,4,24.2,259
2024-01-27 22:00,1.5,86,-2.1,0.00,0.00,1024.5,20,23.9,258
2024-01-27 23:00,1.1,88,-2.5,0.00,0.00,1024.4,0,23.1,255
2024-01-28 00:00,0.6,89,-2.9,0.00,0.00,1024.2,0,22.1,254
2024-01-28 01:00,0.2,89,-3.4,0.00,0.00,1024.1,0,21.0,257
2024-01-28 02:00,-0.4,90,-3.9,0.00,0.00,1023.9,0,18.8,253
2024-01-28 03:00,-1.1,91,-4.5,0.00,0.00,1023.7,0,16.7,245
2024-01-28 04:00,-2.5,92,-6.4,0.00,0.00,1023.6,0,13.8,242
2024-01-28 05:00,-2.3,93,-5.8,0.00,0.00,1023.5,18,12.9,216
2024-01-28 06:00,-2.3,93,-5.9,0.00,0.00,1023.4,47,15.2,194
2024-01-28 07:00,-2.8,94,-6.5,0.00,0.00,1023.2,94,15.9,184
2024-01-28 08:00,-2.9,93,-6.7,0.00,0.00,1023.1,52,17.6,181
2024-01-28 09:00,-2.8,93,-6.5,0.00,0.00,1023.1,9,18.4,180
2024-01-28 10:00,-1.5,91,-5.4,0.00,0.00,1022.9,12,18.4,186
2024-01-28 11:00,0.5,86,-3.1,0.00,0.00,1022.9,31,18.7,182
2024-01-28 12:00,2.7,79,-0.9,0.00,0.00,1022.7,7,16.0,166
2024-01-28 13:00,4.7,71,1.2,0.00,0.00,1022.1,0,13.9,163
2024-01-28 14:00,6.3,67,3.1,0.00,0.00,1021.4,0,11.0,161
2024-01-28 15:00,7.5,65,4.4,0.00,0.00,1021.1,2,11.7,169
2024-01-28 16:00,7.7,69,4.9,0.00,0.00,1020.7,0,15.7,164
2024-01-28 17:00,6.4,75,3.4,0.00,0.00,1020.2,0,20.6,164
2024-01-28 18:00,4.6,81,1.2,0.00,0.00,1020.1,0,24.1,170
2024-01-28 19:00,3.5,80,0.0,0.00,0.00,1020.1,63,24.8,180
2024-01-28 20:00,2.8,74,-1.1,0.00,0.00,1020.1,71,25.4,187
2024-01-28 21:00,2.2,66,-1.9,0.00,0.00,1020.0,2,25.4,187
2024-01-28 22:00,1.8,63,-2.5,0.00,0.00,1019.8,9,24.3,187
2024-01-28 23:00,1.5,62,-2.9,0.00,0.00,1019.5,9,24.5,184
2024-01-29 00:00,1.4,60,-3.1,0.00,0.00,1019.1,23,25.5,188
2024-01-29 01:00,1.5,57,-3.0,0.00,0.00,1018.9,1,26.3,193
2024-01-29 02:00,1.8,53,-2.9,0.00,0.00,1018.8,3,27.5,191
2024-01-29 03:00,2.5,53,-2.3,0.00,0.00,1018.4,0,30.5,194
2024-01-29 04:00,2.5,54,-2.4,0.00,0.00,1018.1,0,31.4,195
2024-01-29 05:00,2.5,56,-2.3,0.00,0.00,1017.5,0,31.0,195
2024-01-29 06:00,2.6,55,-2.2,0.00,0.00,1017.1,12,31.1,196
2024-01-29 07:00,2.5,55,-2.3,0.00,0.00,1017.0,36,29.6,198
2024-01-29 08:00,2.1,54,-2.5,0.00,0.00,1017.1,99,27.6,197
2024-01-29 09:00,2.2,52,-2.5,0.00,0.00,1017.0,100,27.5,194
2024-01-29 10:00,3.0,54,-1.6,0.00,0.00,1017.2,93,27.0,196
2024-01-29 11:00,4.8,55,0.6,0.00,0.00,1017.5,94,23.2,199
2024-01-29 12:00,6.8,56,3.1,0.00,0.00,1017.9,96,23.5,207
2024-01-29 13:00,8.2,53,4.5,0.00,0.00,1017.8,100,15.8,207
2024-01-29 14:00,9.1,54,5.7,0.00,0.00,1017.1,100,13.5,214
2024-01-29 15:00,9.8,57,6.6,0.00,0.00,1016.9,84,15.4,217
2024-01-29 16:00,9.4,60,5.9,0.00,0.00,1016.6,100,22.6,217
2024-01-29 17:00,8.1,65,4.5,0.00,0.00,1016.6,100,26.0,217
2024-01-29 18:00,6.6,69,3.2,0.00,0.00,1016.8,100,24.0,221
2024-01-29 19:00,5.6,72,2.2,0.00,0.00,1017.2,100,23.2,224
2024-01-29 20:00,4.9,72,1.5,0.00,0.00,1017.4,100,22.7,224
2024-01-29 21:00,4.4,73,0.9,0.00,0.00,1017.6,91,23.5,221
2024-01-29 22:00,3.8,74,0.3,0.00,0.00,1017.9,50,23.2,226
2024-01-29 23:00,2.9,79,-0.6,0.00,0.00,1017.9,23,22.9,226
2024-01-30 00:00,2.3,81,-1.2,0.00,0.00,1017.8,41,23.2,223
2024-01-30 01:00,2.0,83,-1.5,0.00,0.00,1018.0,79,22.9,225
2024-01-30 02:00,1.9,83,-1.6,0.00,0.00,1018.0,93,23.2,227
2024-01-30 03:00,4.0,76,0.2,0.00,0.00,1017.6,89,27.1,230
2024-01-30 04:00,3.8,77,-0.1,0.00,0.00,1017.6,80,27.0,226
2024-01-30 05:00,2.9,82,-0.7,0.00,0.00,1017.3,99,23.2,226
2024-01-30 06:00,2.2,85,-1.2,0.00,0.00,1017.3,100,20.6,227
2024-01-30 07:00,1.8,87,-1.7,0.00,0.00,1017.2,100,21.2,222
2024-01-30 08:00,2.0,83,-1.8,0.00,0.00,1017.1,100,25.5,216
2024-01-30 09:00,2.8,76,-1.1,0.00,0.00,1016.8,100,26.2,217
2024-01-30 10:00,3.8,72,-0.2,0.00,0.00,1016.8,98,25.6,218
2024-01-30 11:00,5.5,70,1.8,0.00,0.00,1016.9,100,23.7,221
2024-01-30 12:00,7.1,67,3.7,0.00,0.00,1016.8,100,21.6,213
2024-01-30 13:00,8.4,66,4.8,0.00,0.00,1016.5,100,17.9,214
2024-01-30 14:00,8.8,67,5.3,0.00,0.00,1016.1,100,20.0,218
2024-01-30 15:00,9.6,68,6.4,0.00,0.00,1015.7,100,19.4,215
2024-01-30 16:00,9.7,67,6.3,0.00,0.00,1015.5,98,28.8,233
2024-01-30 17:00,9.2,68,5.7,0.00,0.00,1015.5,100,27.3,236
2024-01-30 18:00,8.1,72,4.6,0.00,0.00,1016.0,95,27.7,242
2024-01-30 19:00,7.2,75,3.6,0.00,0.00,1016.2,100,28.6,236
2024-01-30 20:00,6.9,78,3.4,0.00,0.00,1016.6,100,28.5,241
2024-01-30 21:00,6.7,81,3.8,0.00,0.00,1017.0,100,23.5,249
2024-01-30 22:00,6.6,84,3.9,0.00,0.00,1017.3,100,21.8,254
2024-01-30 23:00,7.0,86,3.8,0.20,0.20,1017.6,100,26.9,254
2024-01-31 00:00,7.0,88,3.3,0.10,0.10,1017.7,100,32.1,252
2024-01-31 01:00,6.7,90,3.1,0.00,0.00,1018.4,100,30.3,267
2024-01-31 02:00,7.2,87,3.7,0.00,0.00,1018.8,72,28.5,268
2024-01-31 03:00,7.4,88,4.3,0.00,0.00,1018.8,35,27.4,269
2024-01-31 04:00,6.7,88,3.3,0.00,0.00,1018.9,30,28.8,271
2024-01-31 05:00,6.5,88,3.1,0.00,0.00,1019.0,57,28.6,264
2024-01-31 06:00,7.0,87,3.7,0.00,0.00,1019.5,100,26.4,265
2024-01-31 07:00,6.9,89,4.2,0.00,0.00,1019.9,100,19.9,276
2024-01-31 08:00,6.3,92,4.2,0.10,0.10,1019.8,100,14.5,284
2024-01-31 09:00,5.4,95,3.3,0.20,0.20,1020.3,100,14.9,307
2024-01-31 10:00,5.2,95,3.0,0.10,0.10,1020.7,100,13.2,313
2024-01-31 11:00,5.8,90,3.2,0.00,0.00,1021.2,100,11.0,311
2024-01-31 12:00,6.3,84,3.8,0.10,0.10,1021.2,100,9.6,290
2024-01-31 13:00,6.8,77,3.9,0.10,0.10,1020.9,100,13.0,273
2024-01-31 14:00,7.1,73,3.8,0.00,0.00,1020.3,100,15.5,265
2024-01-31 15:00,6.2,71,1.9,0.00,0.00,1019.7,85,22.9,248
2024-01-31 16:00,6.3,70,2.3,0.00,0.00,1019.4,100,22.4,255
2024-01-31 17:00,6.4,70,2.8,0.00,0.00,1018.4,84,19.5,245
2024-01-31 18:00,5.8,73,2.4,0.00,0.00,1018.0,84,19.8,241
2024-01-31 19:00,5.6,75,2.0,0.00,0.00,1017.0,75,23.0,229
2024-01-31 20:00,5.4,76,1.7,0.00,0.00,1016.1,19,23.9,224
2024-01-31 21:00,3.8,84,0.2,0.00,0.00,1015.2,75,25.5,220
2024-01-31 22:00,3.5,83,-0.8,0.00,0.00,1014.4,62,31.2,230
2024-01-31 23:00,3.7,80,-1.6,0.00,0.00,1012.7,35,39.5,228
2024-02-01 00:00,3.8,80,-1.5,0.00,0.00,1012.1,94,40.2,236
2024-02-01 01:00,3.7,81,-1.0,0.00,0.00,1011.9,100,33.9,251
2024-02-01 02:00,3.7,79,-0.9,0.00,0.00,1011.6,97,32.8,255
2024-02-01 03:00,4.7,70,-0.5,0.00,0.00,1011.3,100,36.4,252
2024-02-01 04:00,5.0,69,-0.6,0.00,0.00,1010.5,100,40.1,246
2024-02-01 05:00,5.1,76,-0.3,0.50,0.50,1010.6,100,39.5,250
2024-02-01 06:00,4.7,88,-0.1,0.90,0.90,1010.6,100,37.5,250
2024-02-01 07:00,5.1,87,0.3,0.20,0.20,1010.1,100,38.8,248
2024-02-01 08:00,5.5,88,0.7,0.10,0.10,1010.3,100,38.4,253
2024-02-01 09:00,5.8,87,1.4,0.00,0.00,1010.8,100,35.3,253
2024-02-01 10:00,6.2,88,2.3,0.00,0.00,1011.6,100,31.1,265
2024-02-01 11:00,6.9,88,3.7,0.10,0.10,1012.6,62,23.9,281
2024-02-01 12:00,7.8,79,3.9,0.00,0.00,1013.3,40,26.1,298
2024-02-01 13:00,8.1,67,3.5,0.00,0.00,1013.5,8,29.0,297
2024-02-01 14:00,8.4,58,3.3,0.00,0.00,1013.5,18,31.2,296
2024-02-01 15:00,8.7,54,4.0,0.00,0.00,1013.6,2,25.9,286
2024-02-01 16:00,8.4,54,3.6,0.00,0.00,1014.2,12,26.9,290
2024-02-01 17:00,7.5,58,3.1,0.00,0.00,1015.1,57,26.7,302
2024-02-01 18:00,6.8,62,2.5,0.00,0.00,1015.9,37,26.1,300
2024-02-01 19:00,6.2,65,2.0,0.00,0.00,1016.3,86,25.8,285
2024-02-01 20:00,5.1,70,0.8,0.00,0.00,1016.4,67,27.6,277
2024-02-01 21:00,4.1,76,-0.3,0.00,0.00,1016.8,91,29.2,271
2024-02-01 22:00,3.5,80,-0.8,0.00,0.00,1017.1,95,30.3,268
2024-02-01 23:00,3.6,80,-0.8,0.00,0.00,1017.3,100,30.4,265
2024-02-02 00:00,3.5,82,-0.9,0.00,0.00,1017.6,100,31.1,264
2024-02-02 01:00,3.7,82,-0.7,0.00,0.00,1017.7,100,29.9,260
2024-02-02 02:00,4.1,79,-0.2,0.00,0.00,1017.7,100,28.4,261
2024-02-02 03:00,4.2,80,-0.0,0.00,0.00,1017.4,100,27.9,263
2024-02-02 04:00,4.1,80,0.2,0.00,0.00,1017.2,100,25.0,264
2024-02-02 05:00,4.1,81,0.2,0.00,0.00,1016.9,100,24.4,262
2024-02-02 06:00,4.3,81,0.4,0.00,0.00,1016.7,100,24.7,257
2024-02-02 07:00,4.3,80,0.2,0.00,0.00,1016.6,100,26.6,257
2024-02-02 08:00,4.4,79,0.1,0.00,0.00,1016.1,100,28.0,250
2024-02-02 09:00,4.5,76,0.1,0.00,0.00,1015.9,100,28.6,249
2024-02-02 10:00,4.7,76,0.1,0.00,0.00,1015.6,100,29.6,243
2024-02-02 11:00,4.8,75,0.0,0.00,0.00,1015.0,100,31.6,238
2024-02-02 12:00,5.1,73,-0.1,0.00,0.00,1014.8,100,36.5,239
2024-02-02 13:00,5.8,70,1.3,0.00,0.00,1013.8,100,28.2,232
2024-02-02 14:00,6.3,64,0.9,0.00,0.00,1012.4,99,38.6,243
2024-02-02 15:00,7.0,66,2.1,0.00,0.00,1011.9,100,32.4,238
2024-02-02 16:00,7.3,67,2.5,0.00,0.00,1010.8,100,33.7,236
2024-02-02 17:00,7.7,68,2.7,0.00,0.00,1009.8,100,37.2,242
2024-02-02 18:00,7.5,69,2.8,0.00,0.00,1009.8,100,36.5,251
2024-02-02 19:00,7.6,71,2.8,0.00,0.00,1010.1,100,37.0,263
2024-02-02 20:00,8.1,73,3.6,0.00,0.00,1010.1,100,35.1,264
2024-02-02 21:00,8.2,77,3.7,0.00,0.00,1010.3,100,37.1,269
2024-02-02 22:00,8.1,80,3.4,0.00,0.00,1010.3,100,38.5,268
2024-02-02 23:00,8.0,81,3.6,0.00,0.00,1010.3,100,36.7,268
2024-02-03 00:00,8.2,81,3.7,0.00,0.00,1009.8,100,37.7,263
2024-02-03 01:00,8.4,81,4.0,0.00,0.00,1009.5,100,37.3,264
2024-02-03 02:00,8.6,81,4.3,0.00,0.00,1009.3,100,37.1,267
2024-02-03 03:00,8.9,81,4.6,0.00,0.00,1009.7,100,36.9,264
2024-02-03 04:00,8.7,82,4.4,0.00,0.00,1009.7,100,36.9,264
2024-02-03 05:00,8.9,81,4.6,0.00,0.00,1009.7,100,36.8,266
2024-02-03 06:00,8.9,81,4.5,0.00,0.00,1009.6,100,37.6,265
2024-02-03 07:00,8.9,81,4.3,0.00,0.00,1009.1,100,40.3,259
2024-02-03 08:00,8.8,80,3.9,0.00,0.00,1008.9,100,42.0,260
2024-02-03 09:00,8.6,81,3.8,0.00,0.00,1009.2,100,41.0,259
2024-02-03 10:00,8.5,82,4.0,0.00,0.00,1009.6,100,38.3,258
2024-02-03 11:00,8.6,82,4.5,0.00,0.00,1010.0,100,35.0,255
2024-02-03 12:00,8.6,83,4.3,0.00,0.00,1010.0,100,36.8,250
2024-02-03 13:00,9.4,79,4.8,0.00,0.00,1009.8,100,38.8,257
2024-02-03 14:00,9.2,81,5.1,0.00,0.00,1009.5,100,34.0,249
2024-02-03 15:00,9.2,85,5.0,0.10,0.10,1009.1,100,37.8,251
2024-02-03 16:00,9.6,85,5.9,0.00,0.00,1009.0,100,34.1,257
2024-02-03 17:00,9.8,85,6.3,0.00,0.00,1009.1,100,31.7,262
2024-02-03 18:00,9.5,86,6.3,0.10,0.10,1009.2,100,29.7,259
2024-02-03 19:00,9.4,87,6.1,0.20,0.20,1009.2,100,31.0,255
2024-02-03 20:00,8.7,89,5.1,0.20,0.20,1009.2,100,33.2,247
2024-02-03 21:00,9.1,88,5.2,0.00,0.00,1009.1,90,36.0,258
2024-02-03 22:00,8.9,88,5.0,0.20,0.20,1008.9,100,36.2,260
2024-02-03 23:00,9.0,86,5.2,0.00,0.00,1009.1,96,34.2,269
2024-02-04 00:00,8.2,91,4.6,0.60,0.60,1008.7,100,33.3,260
2024-02-04 01:00,8.4,90,4.5,0.20,0.20,1008.4,100,36.1,258
2024-02-04 02:00,8.3,89,4.2,0.20,0.20,1008.2,58,37.4,259
2024-02-04 03:00,8.2,93,5.4,1.00,1.00,1008.2,100,25.7,264
2024-02-04 04:00,8.4,90,5.3,0.50,0.50,1007.7,100,30.0,265
2024-02-04 05:00,8.8,87,5.3,0.10,0.10,1007.8,100,31.7,267
2024-02-04 06:00,8.4,89,5.5,0.60,0.60,1007.4,90,26.0,260
2024-02-04 07:00,8.2,90,5.3,0.00,0.00,1006.8,100,26.5,248
2024-02-04 08:00,8.4,90,5.2,0.00,0.00,1006.1,100,29.3,251
2024-02-04 09:00,9.1,88,4.8,0.10,0.10,1006.1,100,40.8,261
2024-02-04 10:00,9.4,84,5.3,0.00,0.00,1006.2,100,37.1,268
2024-02-04 11:00,9.6,81,5.9,0.00,0.00,1006.1,100,31.7,271
2024-02-04 12:00,9.6,82,5.6,0.10,0.10,1005.7,100,35.8,257
2024-02-04 13:00,10.2,77,5.5,0.10,0.10,1005.1,100,41.4,262
2024-02-04 14:00,10.5,77,6.5,0.20,0.20,1004.7,100,33.9,274
2024-02-04 15:00,10.1,72,5.6,0.10,0.10,1004.7,100,34.9,269
2024-02-04 16:00,9.4,76,5.4,0.10,0.10,1004.8,100,31.8,274
2024-02-04 17:00,9.2,71,4.6,0.00,0.00,1004.6,100,37.2,274
2024-02-04 18:00,8.7,76,5.0,0.20,0.20,1004.0,100,29.2,274
2024-02-04 19:00,8.1,89,5.4,1.00,1.00,1004.0,100,23.8,273
2024-02-04 20:00,8.1,92,5.5,1.30,1.30,1003.7,100,23.4,280
2024-02-04 21:00,8.5,85,5.0,0.00,0.00,1003.5,100,30.7,275
2024-02-04 22:00,8.6,87,5.0,0.20,0.20,1003.2,100,32.9,260
2024-02-04 23:00,9.4,86,5.1,0.20,0.20,1002.3,100,40.9,256
2024-02-05 00:00,9.3,86,4.1,0.30,0.30,1001.5,100,50.4,252
2024-02-05 01:00,9.4,86,4.3,0.10,0.10,1001.5,100,49.7,258
2024-02-05 02:00,9.8,84,4.6,0.00,0.00,1001.4,100,50.6,259
2024-02-05 03:00,10.3,84,5.2,0.10,0.10,1001.1,100,50.4,255
2024-02-05 04:00,10.2,85,5.2,0.20,0.20,1001.0,100,49.7,256
2024-02-05 05:00,10.2,86,5.2,0.30,0.30,1000.9,100,50.4,260
2024-02-05 06:00,9.9,86,5.2,0.20,0.20,1001.1,100,46.8,260
2024-02-05 07:00,9.9,86,5.0,0.10,0.10,1001.4,100,47.7,262
2024-02-05 08:00,9.8,86,5.0,0.10,0.10,1001.8,100,44.5,261
2024-02-05 09:00,9.6,85,4.4,0.00,0.00,1002.5,100,49.2,261
2024-02-05 10:00,9.5,84,4.5,0.00,0.00,1003.2,100,46.0,260
2024-02-05 11:00,9.6,81,4.7,0.00,0.00,1003.4,100,45.6,260
2024-02-05 12:00,10.1,76,4.9,0.00,0.00,1003.4,100,46.1,263
2024-02-05 13:00,10.4,73,4.6,0.00,0.00,1003.5,100,49.5,266
2024-02-05 14:00,11.2,67,5.6,0.00,0.00,1003.2,98,47.7,264
2024-02-05 15:00,11.7,64,5.9,0.00,0.00,1002.3,96,48.8,257
2024-02-05 16:00,11.9,62,6.6,0.00,0.00,1001.5,96,43.8,254
2024-02-05 17:00,11.8,62,6.3,0.00,0.00,1001.3,98,46.1,251
2024-02-05 18:00,11.1,63,6.0,0.00,0.00,1001.3,99,44.6,254
2024-02-05 19:00,10.8,64,5.7,0.00,0.00,1001.4,99,42.9,257
2024-02-05 20:00,10.2,67,5.5,0.00,0.00,1001.7,100,39.5,260
2024-02-05 21:00,9.5,70,5.2,0.00,0.00,1001.8,100,37.0,259
2024-02-05 22:00,8.5,73,4.2,0.00,0.00,1001.8,97,35.1,260
2024-02-05 23:00,7.9,74,3.6,0.00,0.00,1001.8,100,34.1,259
2024-02-06 00:00,7.3,74,2.6,0.00,0.00,1001.7,100,39.9,257
2024-02-06 01:00,7.8,71,3.1,0.00,0.00,1001.5,100,38.4,251
2024-02-06 02:00,7.6,71,2.7,0.00,0.00,1001.1,100,40.2,252
2024-02-06 03:00,8.4,71,3.9,0.00,0.00,1001.3,100,40.0,251
2024-02-06 04:00,7.9,72,3.4,0.00,0.00,1000.7,100,40.3,247
2024-02-06 05:00,7.7,75,3.4,0.00,0.00,1000.2,100,39.5,247
2024-02-06 06:00,7.7,75,3.0,0.00,0.00,999.6,100,41.3,247
2024-02-06 07:00,7.8,75,3.1,0.00,0.00,999.3,100,41.6,245
2024-02-06 08:00,7.8,76,3.2,0.00,0.00,998.8,100,42.9,246
2024-02-06 09:00,7.8,75,3.0,0.00,0.00,998.5,100,43.7,246
2024-02-06 10:00,7.8,77,3.2,0.00,0.00,998.5,100,41.9,246
2024-02-06 11:00,8.8,72,3.7,0.00,0.00,998.1,100,39.8,246
2024-02-06 12:00,8.9,74,4.5,0.00,0.00,997.9,100,32.7,229
2024-02-06 13:00,9.4,72,4.4,0.00,0.00,997.6,100,40.3,237
2024-02-06 14:00,9.2,74,4.3,0.00,0.00,997.3,100,40.6,237
2024-02-06 15:00,10.0,72,4.9,0.00,0.00,996.6,100,43.0,230
2024-02-06 16:00,9.4,72,4.0,0.00,0.00,995.7,100,45.0,233
2024-02-06 17:00,9.9,70,4.0,0.00,0.00,995.1,100,51.5,244
2024-02-06 18:00,9.8,71,4.2,0.00,0.00,994.6,100,49.7,240
2024-02-06 19:00,9.2,73,4.1,0.00,0.00,994.6,100,50.5,241
2024-02-06 20:00,9.2,73,4.1,0.00,0.00,994.0,100,52.2,240
2024-02-06 21:00,9.2,73,3.5,0.00,0.00,993.4,100,54.1,242
2024-02-06 22:00,9.1,74,3.4,0.00,0.00,993.0,100,56.0,243
2024-02-06 23:00,9.1,74,4.1,0.00,0.00,992.8,100,52.7,242
2024-02-07 00:00,9.1,74,3.1,0.00,0.00,991.9,100,55.3,240
2024-02-07 01:00,9.2,75,3.5,0.00,0.00,991.1,100,56.3,240
2024-02-07 02:00,9.2,76,3.2,0.10,0.10,990.5,100,55.6,239
2024-02-07 03:00,10.1,71,4.1,0.00,0.00,989.9,100,58.8,238
2024-02-07 04:00,9.8,75,3.7,0.10,0.10,989.2,100,60.0,238
2024-02-07 05:00,9.1,83,4.2,0.60,0.60,988.5,100,58.4,240
2024-02-07 06:00,8.8,88,3.3,0.70,0.70,987.8,100,56.8,243
2024-02-07 07:00,8.8,88,3.5,0.70,0.70,987.8,100,51.6,252
2024-02-07 08:00,6.5,93,2.7,2.90,2.90,989.1,100,30.2,327
2024-02-07 09:00,2.7,96,-1.7,1.90,1.90,990.2,100,32.3,325
2024-02-07 10:00,3.2,89,-1.3,0.80,0.80,991.2,100,35.6,308
2024-02-07 11:00,3.5,88,-0.8,0.50,0.50,991.7,100,26.4,298
2024-02-07 12:00,4.1,86,0.3,0.20,0.20,991.8,100,22.7,290
2024-02-07 13:00,4.5,87,1.0,0.10,0.10,992.3,100,19.4,292
2024-02-07 14:00,4.6,85,1.2,0.00,0.00,992.4,100,17.8,284
2024-02-07 15:00,4.9,83,1.5,0.10,0.10,992.8,100,18.0,303
2024-02-07 16:00,4.7,81,1.2,0.20,0.20,993.0,100,18.5,303
2024-02-07 17:00,4.4,83,1.4,0.10,0.10,992.9,100,13.9,291
2024-02-07 18:00,4.1,84,1.3,0.00,0.00,993.2,100,13.6,287
2024-02-07 19:00,2.8,91,0.2,0.00,0.00,993.4,100,13.7,273
2024-02-07 20:00,3.0,93,0.2,0.00,0.00,993.7,100,14.4,257
2024-02-07 21:00,3.0,95,0.3,0.00,0.00,993.6,100,13.6,253
2024-02-07 22:00,3.0,95,0.4,0.00,0.00,993.4,100,12.4,248
2024-02-07 23:00,2.8,96,0.4,0.10,0.10,993.4,100,10.3,241
2024-02-08 00:00,2.8,97,0.5,0.10,0.10,992.9,100,9.2,219
2024-02-08 01:00,2.5,98,0.2,0.00,0.00,992.7,100,9.4,203
2024-02-08 02:00,1.6,99,-0.9,0.00,0.00,992.6,99,10.8,195
2024-02-08 03:00,0.4,99,-2.6,0.00,0.00,992.3,100,9.7,211
2024-02-08 04:00,1.6,99,-0.9,0.00,0.00,992.0,100,8.0,207
2024-02-08 05:00,1.4,100,-0.8,0.00,0.00,991.7,100,5.0,210
2024-02-08 06:00,1.4,100,-0.7,0.00,0.00,991.6,100,2.8,220
2024-02-08 07:00,0.5,100,-1.9,0.00,0.00,991.3,100,0.8,117
2024-02-08 08:00,0.9,100,-1.2,0.00,0.00,991.2,100,1.1,90
2024-02-08 09:00,1.4,99,-1.0,0.00,0.00,991.4,100,3.7,79
2024-02-08 10:00,1.6,99,-0.6,0.00,0.00,991.5,100,3.1,111
2024-02-08 11:00,2.2,98,0.1,0.00,0.00,991.1,100,3.3,139
2024-02-08 12:00,2.9,95,0.7,0.00,0.00,991.0,100,3.6,135
2024-02-08 13:00,3.8,90,1.4,0.00,0.00,990.3,100,5.1,141
2024-02-08 14:00,4.5,85,2.1,0.00,0.00,989.5,100,5.0,120
2024-02-08 15:00,4.2,87,1.7,0.00,0.00,988.8,100,7.1,120
2024-02-08 16:00,4.2,85,1.4,0.00,0.00,988.0,100,9.6,103
2024-02-08 17:00,3.9,89,1.0,0.60,0.60,987.5,100,12.9,103
2024-02-08 18:00,2.7,97,-0.4,1.60,1.60,986.7,100,14.8,90
2024-02-08 19:00,1.7,100,-1.8,1.70,1.20,986.4,100,19.7,82
2024-02-08 20:00,1.4,100,-2.4,1.30,0.70,986.0,100,19.8,88
2024-02-08 21:00,1.2,100,-2.9,1.00,0.70,985.5,100,21.3,84
2024-02-08 22:00,1.5,99,-2.6,0.80,0.80,984.8,100,23.5,86
2024-02-08 23:00,1.7,98,-2.0,0.80,0.80,984.2,100,22.3,92
2024-02-09 00:00,2.2,96,-1.0,0.30,0.30,983.8,100,19.0,105
2024-02-09 01:00,2.5,97,-0.6,0.10,0.10,983.3,100,16.2,111
2024-02-09 02:00,2.5,98,-0.3,0.20,0.20,982.9,100,13.1,98
2024-02-09 03:00,1.6,98,-1.5,0.70,0.70,982.4,100,12.3,97
2024-02-09 04:00,2.2,97,-0.7,0.70,0.70,981.7,100,10.2,113
2024-02-09 05:00,2.7,96,0.1,0.40,0.40,980.9,100,10.9,146
2024-02-09 06:00,3.0,97,0.5,0.70,0.70,980.0,100,13.2,154
2024-02-09 07:00,3.5,98,0.9,0.80,0.80,979.1,100,17.4,162
2024-02-09 08:00,5.2,95,2.5,0.70,0.70,978.4,100,23.1,194
2024-02-09 09:00,7.6,92,4.7,0.30,0.30,978.6,100,28.9,211
2024-02-09 10:00,8.3,91,5.5,0.20,0.20,978.6,100,27.9,209
2024-02-09 11:00,8.6,91,6.5,0.20,0.20,978.5,100,21.4,207
2024-02-09 12:00,8.4,93,6.8,0.30,0.30,978.5,100,17.1,202
2024-02-09 13:00,10.6,87,7.8,0.00,0.00,978.4,100,28.8,227
2024-02-09 14:00,13.0,76,10.1,0.00,0.00,978.1,99,28.0,233
2024-02-09 15:00,12.8,77,9.8,0.00,0.00,978.0,100,28.5,223
2024-02-09 16:00,13.0,77,10.2,0.00,0.00,978.0,100,29.1,220
2024-02-09 17:00,12.7,76,10.2,0.00,0.00,977.8,100,26.2,217
2024-02-09 18:00,11.6,80,9.4,0.00,0.00,977.8,100,25.4,207
2024-02-09 19:00,10.2,85,7.7,0.00,0.00,977.8,100,29.0,197
2024-02-09 20:00,9.9,86,7.4,0.00,0.00,977.9,100,28.6,197
2024-02-09 21:00,9.5,88,7.0,0.00,0.00,978.2,100,28.6,201
2024-02-09 22:00,9.4,87,6.9,0.00,0.00,978.2,100,27.7,205
2024-02-09 23:00,9.6,86,7.1,0.00,0.00,978.4,100,27.0,207
2024-02-10 00:00,9.4,88,7.1,0.00,0.00,978.3,100,25.8,208
2024-02-10 01:00,9.1,91,6.7,0.00,0.00,978.4,100,25.1,207
2024-02-10 02:00,8.9,92,6.5,0.10,0.10,978.4,100,26.4,208
2024-02-10 03:00,9.6,93,7.7,0.70,0.70,978.5,100,22.6,209
2024-02-10 04:00,9.7,91,7.5,0.90,0.90,978.6,100,24.3,218
2024-02-10 05:00,9.3,91,7.5,1.40,1.40,978.3,98,20.3,207
2024-02-10 06:00,8.8,93,7.1,0.00,0.00,978.1,100,18.4,203
2024-02-10 07:00,8.9,93,7.1,0.00,0.00,978.1,100,17.9,199
2024-02-10 08:00,8.8,92,6.9,0.00,0.00,978.2,100,19.6,194
2024-02-10 09:00,8.7,92,7.0,0.00,0.00,978.6,86,16.3,185
2024-02-10 10:00,8.9,93,7.2,0.00,0.00,979.3,100,14.1,186
2024-02-10 11:00,9.9,92,8.7,0.00,0.00,979.6,100,11.6,185
2024-02-10 12:00,10.6,90,9.4,0.00,0.00,979.7,99,8.9,148
2024-02-10 13:00,11.9,84,10.8,0.00,0.00,979.2,100,8.2,128
2024-02-10 14:00,12.9,78,11.8,0.00,0.00,978.5,100,8.6,112
2024-02-10 15:00,14.1,70,12.8,0.00,0.00,978.4,100,8.4,110
2024-02-10 16:00,14.0,70,12.7,0.00,0.00,978.0,100,9.5,99
2024-02-10 17:00,12.9,77,11.9,0.00,0.00,978.1,100,12.3,69
2024-02-10 18:00,11.8,82,10.2,0.00,0.00,978.1,100,19.8,63
2024-02-10 19:00,10.7,87,8.6,0.00,0.00,978.0,100,25.1,66
2024-02-10 20:00,10.1,92,8.1,0.00,0.00,978.0,100,26.0,71
2024-02-10 21:00,9.9,93,7.9,0.00,0.00,977.8,100,24.6,85
2024-02-10 22:00,9.6,90,7.8,0.00,0.00,977.8,100,20.3,96
2024-02-10 23:00,8.8,91,7.0,0.00,0.00,977.5,100,19.4,90
2024-02-11 00:00,8.9,90,6.7,0.00,0.00,977.3,100,21.7,85
2024-02-11 01:00,8.7,92,6.5,0.00,0.00,977.0,100,21.4,82
2024-02-11 02:00,8.3,93,6.2,0.00,0.00,976.5,92,19.9,77
2024-02-11 03:00,7.9,94,5.9,0.00,0.00,976.6,100,19.9,84
2024-02-11 04:00,7.8,94,5.8,0.00,0.00,976.6,100,18.8,83
2024-02-11 05:00,7.7,94,5.6,0.00,0.00,976.4,100,18.2,76
2024-02-11 06:00,7.3,96,5.5,0.00,0.00,976.5,100,14.6,70
2024-02-11 07:00,6.8,97,4.9,0.00,0.00,976.4,100,13.4,59
2024-02-11 08:00,6.8,98,4.8,0.00,0.00,976.0,100,15.6,38
2024-02-11 09:00,6.8,99,5.2,0.00,0.00,976.7,100,11.7,45
2024-02-11 10:00,7.3,96,5.8,0.00,0.00,977.3,100,5.6,15
2024-02-11 11:00,7.9,93,6.3,0.00,0.00,977.5,100,7.3,327
2024-02-11 12:00,8.3,91,6.2,0.10,0.10,977.8,100,11.8,320
2024-02-11 13:00,8.9,88,6.9,0.20,0.20,977.8,100,12.0,314
2024-02-11 14:00,9.4,87,7.3,0.20,0.20,978.0,100,12.5,309
2024-02-11 15:00,9.1,88,7.1,0.30,0.30,978.7,100,12.7,317
2024-02-11 16:00,9.0,93,7.5,0.20,0.20,978.8,100,12.1,323
2024-02-11 17:00,8.8,94,7.5,0.40,0.40,979.3,100,10.8,323
2024-02-11 18:00,8.4,95,7.1,0.40,0.40,979.6,100,10.5,329
2024-02-11 19:00,8.1,96,7.0,0.80,0.80,980.2,100,9.5,307
2024-02-11 20:00,8.2,96,6.2,1.20,1.20,981.0,100,19.1,274
2024-02-11 21:00,8.2,92,5.0,1.00,1.00,981.7,100,29.7,264
2024-02-11 22:00,8.0,91,4.7,0.70,0.70,982.2,100,30.3,265
2024-02-11 23:00,7.9,91,4.7,0.40,0.40,982.8,100,28.8,261
2024-02-12 00:00,7.8,92,4.9,0.20,0.20,983.2,100,26.8,255
2024-02-12 01:00,7.8,91,4.7,0.10,0.10,983.8,100,28.0,252
2024-02-12 02:00,7.4,89,4.0,0.00,0.00,984.1,100,28.2,251
2024-02-12 03:00,7.2,91,3.9,0.00,0.00,984.6,100,27.6,250
2024-02-12 04:00,6.8,91,3.5,0.00,0.00,985.0,100,27.7,249
2024-02-12 05:00,6.3,92,3.0,0.00,0.00,985.0,100,28.2,253
2024-02-12 06:00,6.1,92,2.7,0.00,0.00,985.4,73,28.6,253
2024-02-12 07:00,5.7,93,2.3,0.00,0.00,985.9,42,27.7,254
2024-02-12 08:00,5.3,93,2.0,0.00,0.00,986.5,48,27.2,255
2024-02-12 09:00,5.2,94,1.7,0.00,0.00,987.4,69,28.5,257
2024-02-12 10:00,6.4,91,3.0,0.00,0.00,988.1,54,25.3,259
2024-02-12 11:00,7.6,86,3.9,0.00,0.00,988.9,100,26.3,267
2024-02-12 12:00,8.9,77,5.1,0.10,0.10,989.5,95,25.3,275
2024-02-12 13:00,9.0,75,5.4,0.20,0.20,990.0,44,23.8,274
2024-02-12 14:00,9.6,73,6.0,0.10,0.10,990.4,53,23.4,280
2024-02-12 15:00,9.4,73,6.2,0.70,0.70,990.9,79,19.1,292
2024-02-12 16:00,8.8,77,6.2,0.20,0.20,991.5,62,14.9,285
2024-02-12 17:00,9.0,76,6.6,0.00,0.00,992.1,24,14.5,276
2024-02-12 18:00,7.4,83,5.0,0.00,0.00,992.8,61,17.0,264
2024-02-12 19:00,6.3,89,3.7,0.00,0.00,993.9,34,20.2,268
2024-02-12 20:00,5.8,91,3.1,0.00,0.00,995.0,51,20.6,266
2024-02-12 21:00,5.4,90,2.1,0.00,0.00,995.8,56,26.4,265
2024-02-12 22:00,5.7,87,2.3,0.00,0.00,996.6,86,25.7,265
2024-02-12 23:00,4.9,91,1.6,0.00,0.00,997.5,16,24.5,267
2024-02-13 00:00,4.1,93,0.8,0.00,0.00,998.3,11,25.2,267
2024-02-13 01:00,3.7,93,0.3,0.00,0.00,999.1,15,24.9,266
2024-02-13 02:00,3.5,93,0.0,0.00,0.00,1000.0,36,25.7,264
2024-02-13 03:00,3.9,94,0.3,0.00,0.00,1000.9,23,27.8,266
2024-02-13 04:00,3.7,93,0.0,0.00,0.00,1001.6,3,27.4,268
2024-02-13 05:00,3.3,93,-0.4,0.00,0.00,1002.2,0,27.2,263
2024-02-13 06:00,3.2,93,-0.7,0.00,0.00,1003.1,30,29.4,258
2024-02-13 07:00,3.3,94,-0.6,0.00,0.00,1003.7,43,28.6,253
2024-02-13 08:00,3.3,93,-0.6,0.00,0.00,1004.4,10,27.8,253
2024-02-13 09:00,3.0,92,-0.8,0.00,0.00,1005.0,12,27.8,251
2024-02-13 10:00,4.2,88,0.3,0.00,0.00,1005.4,13,26.5,248
2024-02-13 11:00,5.4,80,0.9,0.00,0.00,1005.7,41,28.6,249
2024-02-13 12:00,6.4,73,2.2,0.00,0.00,1006.1,59,24.3,246
2024-02-13 13:00,7.2,69,3.1,0.00,0.00,1006.4,98,22.1,244
2024-02-13 14:00,7.8,64,3.4,0.00,0.00,1006.3,99,24.3,246
2024-02-13 15:00,8.6,59,4.1,0.00,0.00,1006.5,100,25.3,255
2024-02-13 16:00,8.4,57,4.1,0.00,0.00,1006.4,100,23.7,257
2024-02-13 17:00,8.1,58,4.4,0.00,0.00,1006.7,100,19.0,251
2024-02-13 18:00,6.1,68,3.1,0.00,0.00,1006.8,69,17.5,238
2024-02-13 19:00,4.8,72,1.4,0.00,0.00,1007.1,98,21.2,230
2024-02-13 20:00,4.1,74,0.7,0.00,0.00,1007.7,69,22.2,243
2024-02-13 21:00,3.3,77,-0.1,0.00,0.00,1007.9,96,21.7,246
2024-02-13 22:00,2.5,80,-0.8,0.00,0.00,1007.7,95,21.4,234
2024-02-13 23:00,2.7,79,-0.9,0.00,0.00,1007.8,83,22.4,226
2024-02-14 00:00,2.6,79,-0.9,0.00,0.00,1007.6,100,22.0,218
2024-02-14 01:00,3.9,73,0.4,0.00,0.00,1007.9,100,21.4,225
2024-02-14 02:00,4.4,71,0.7,0.00,0.00,1007.8,100,22.7,223
2024-02-14 03:00,4.0,75,0.4,0.00,0.00,1007.2,100,21.7,220
2024-02-14 04:00,4.5,74,1.0,0.10,0.10,1006.9,85,22.9,224
2024-02-14 05:00,4.7,74,1.0,0.00,0.00,1006.4,100,24.3,209
2024-02-14 06:00,5.4,69,1.2,0.00,0.00,1005.9,100,28.5,205
2024-02-14 07:00,6.1,66,1.8,0.00,0.00,1005.4,99,28.7,205
2024-02-14 08:00,6.2,69,2.1,0.00,0.00,1005.2,83,27.5,212
2024-02-14 09:00,6.8,70,2.3,0.00,0.00,1005.1,97,32.7,216
2024-02-14 10:00,7.6,72,3.7,0.00,0.00,1005.5,100,27.5,225
2024-02-14 11:00,8.1,74,4.2,0.10,0.10,1005.6,100,29.4,230
2024-02-14 12:00,8.4,78,4.2,0.30,0.30,1005.5,99,33.7,228
2024-02-14 13:00,9.2,80,5.3,0.50,0.50,1005.6,100,34.0,234
2024-02-14 14:00,9.7,82,5.8,0.20,0.20,1005.6,90,35.3,237
2024-02-14 15:00,10.2,81,7.2,0.40,0.40,1006.0,86,25.4,238
2024-02-14 16:00,11.7,75,8.6,0.00,0.00,1006.1,95,26.6,245
2024-02-14 17:00,11.3,76,8.3,0.00,0.00,1006.0,99,26.5,233
2024-02-14 18:00,10.5,78,7.5,0.00,0.00,1006.3,41,27.6,230
2024-02-14 19:00,9.4,82,6.4,0.00,0.00,1006.6,70,28.0,227
2024-02-14 20:00,9.1,83,6.1,0.00,0.00,1006.9,100,27.8,230
2024-02-14 21:00,9.2,84,6.4,0.00,0.00,1007.0,100,26.0,229
2024-02-14 22:00,9.5,83,6.5,0.00,0.00,1006.8,100,27.5,227
2024-02-14 23:00,9.3,86,6.3,0.40,0.40,1006.9,100,28.7,231
2024-02-15 00:00,9.1,90,6.3,0.90,0.90,1006.9,100,29.6,229
2024-02-15 01:00,9.2,91,6.3,0.60,0.60,1006.5,100,31.1,228
2024-02-15 02:00,9.5,91,6.6,1.10,1.10,1006.4,100,30.8,233
2024-02-15 03:00,9.4,93,6.8,0.40,0.40,1006.6,100,27.4,235
2024-02-15 04:00,9.6,93,7.2,0.30,0.30,1006.6,100,26.1,242
2024-02-15 05:00,9.3,93,7.2,0.10,0.10,1006.4,99,23.5,238
2024-02-15 06:00,9.2,93,7.2,0.00,0.00,1006.5,100,22.8,235
2024-02-15 07:00,8.9,94,6.9,0.00,0.00,1006.6,100,22.4,233
2024-02-15 08:00,8.9,94,6.8,0.00,0.00,1006.6,94,24.0,230
2024-02-15 09:00,8.6,95,6.4,0.00,0.00,1006.8,100,24.5,227
2024-02-15 10:00,9.8,93,7.6,0.00,0.00,1007.0,100,23.4,233
2024-02-15 11:00,11.3,90,9.2,0.00,0.00,1006.9,99,23.4,233
2024-02-15 12:00,12.3,86,10.3,0.00,0.00,1006.9,97,21.2,230
2024-02-15 13:00,13.6,78,11.1,0.00,0.00,1006.7,100,24.3,230
2024-02-15 14:00,13.9,75,11.7,0.00,0.00,1006.5,100,21.4,222
2024-02-15 15:00,14.1,78,12.6,0.00,0.00,1006.0,100,17.7,209
2024-02-15 16:00,14.4,75,12.8,0.00,0.00,1005.4,100,17.7,207
2024-02-15 17:00,14.0,77,12.4,0.00,0.00,1005.4,100,20.0,208
2024-02-15 18:00,12.6,83,11.1,0.40,0.40,1005.2,100,19.6,200
2024-02-15 19:00,11.1,90,9.5,0.20,0.20,1005.1,100,22.3,190
2024-02-15 20:00,10.8,91,9.1,0.00,0.00,1005.2,97,22.8,186
2024-02-15 21:00,10.1,91,8.2,0.00,0.00,1005.0,96,23.7,193
2024-02-15 22:00,9.4,93,7.5,0.00,0.00,1004.7,97,22.6,197
2024-02-15 23:00,9.2,93,7.2,0.00,0.00,1004.8,100,22.1,187
2024-02-16 00:00,9.3,92,7.2,0.00,0.00,1004.4,99,22.8,185
2024-02-16 01:00,8.8,92,6.5,0.00,0.00,1004.2,99,24.3,187
2024-02-16 02:00,8.6,91,6.3,0.00,0.00,1003.9,49,22.0,184
2024-02-16 03:00,9.1,89,6.7,0.00,0.00,1003.3,66,24.0,189
2024-02-16 04:00,8.4,91,6.0,0.00,0.00,1003.2,89,23.8,190
2024-02-16 05:00,8.7,88,5.8,0.10,0.10,1002.4,39,28.7,188
2024-02-16 06:00,8.4,88,5.6,0.00,0.00,1002.2,96,28.3,187
2024-02-16 07:00,8.6,86,5.7,0.00,0.00,1002.3,97,27.9,195
2024-02-16 08:00,8.2,86,5.3,0.00,0.00,1002.0,99,27.7,193
2024-02-16 09:00,8.6,84,6.0,0.00,0.00,1002.4,99,25.3,204
2024-02-16 10:00,9.9,80,7.2,0.00,0.00,1002.5,96,24.7,209
2024-02-16 11:00,11.2,80,8.7,0.00,0.00,1002.6,98,30.0,215
2024-02-16 12:00,12.9,74,10.6,0.00,0.00,1002.6,83,25.1,212
2024-02-16 13:00,14.5,69,12.3,0.00,0.00,1002.7,100,20.2,211
2024-02-16 14:00,15.1,68,13.4,0.00,0.00,1002.3,99,17.6,208
2024-02-16 15:00,15.1,75,14.1,0.00,0.00,1002.0,100,18.0,213
2024-02-16 16:00,16.4,68,14.9,0.00,0.00,1001.9,100,18.1,215
2024-02-16 17:00,15.8,68,13.8,0.00,0.00,1002.1,96,24.8,221
2024-02-16 18:00,14.0,78,12.5,0.90,0.90,1002.9,99,22.4,228
2024-02-16 19:00,13.2,79,11.6,0.00,0.00,1003.6,80,23.5,234
2024-02-16 20:00,12.6,83,11.1,0.00,0.00,1004.4,99,22.7,245
2024-02-16 21:00,12.2,85,10.8,0.30,0.30,1004.8,100,21.9,250
2024-02-16 22:00,12.2,87,10.4,0.20,0.20,1005.3,100,24.6,245
2024-02-16 23:00,11.8,91,10.0,0.30,0.30,1005.9,100,26.2,254
2024-02-17 00:00,11.8,92,10.0,0.80,0.80,1006.5,100,26.6,271
2024-02-17 01:00,11.6,92,9.7,2.10,2.10,1007.4,100,26.0,314
2024-02-17 02:00,10.7,93,8.4,1.20,1.20,1008.3,100,26.5,314
2024-02-17 03:00,10.8,92,8.9,0.20,0.20,1009.2,100,23.7,311
2024-02-17 04:00,10.4,93,8.4,0.00,0.00,1009.8,66,23.1,307
2024-02-17 05:00,9.7,93,7.9,0.00,0.00,1010.1,6,20.9,289
2024-02-17 06:00,8.4,94,6.5,0.00,0.00,1010.7,8,20.5,269
2024-02-17 07:00,7.8,95,5.7,0.00,0.00,1011.6,6,22.3,272
2024-02-17 08:00,7.7,94,5.5,0.00,0.00,1012.5,72,22.0,273
2024-02-17 09:00,8.1,93,5.7,0.00,0.00,1013.8,100,21.6,298
2024-02-17 10:00,8.9,90,6.6,0.00,0.00,1014.8,100,19.9,302
2024-02-17 11:00,9.6,86,7.4,0.00,0.00,1015.5,100,17.2,286
2024-02-17 12:00,10.3,81,7.4,0.10,0.10,1016.2,100,22.3,284
2024-02-17 13:00,11.5,71,8.0,0.10,0.10,1016.6,87,26.4,287
2024-02-17 14:00,12.3,67,8.8,0.10,0.10,1016.7,72,25.9,291
2024-02-17 15:00,12.6,65,9.1,0.00,0.00,1017.3,7,25.4,309
2024-02-17 16:00,12.4,63,8.8,0.00,0.00,1017.6,26,25.0,313
2024-02-17 17:00,11.6,63,8.2,0.00,0.00,1018.4,25,23.7,324
2024-02-17 18:00,9.9,71,6.5,0.00,0.00,1019.1,10,25.3,332
2024-02-17 19:00,8.8,75,5.4,0.00,0.00,1020.0,10,26.6,333
2024-02-17 20:00,8.2,77,5.4,0.00,0.00,1020.6,50,21.0,348
2024-02-17 21:00,7.2,82,4.9,0.00,0.00,1021.1,10,15.7,11
2024-02-17 22:00,6.8,81,4.5,0.00,0.00,1021.3,75,8.8,12
2024-02-17 23:00,6.4,83,4.9,0.00,0.00,1021.6,33,1.6,27
2024-02-18 00:00,4.3,92,2.2,0.00,0.00,1021.8,12,1.5,166
2024-02-18 01:00,4.1,94,1.9,0.00,0.00,1021.9,31,6.2,190
2024-02-18 02:00,3.9,95,1.6,0.00,0.00,1021.9,37,12.5,192
2024-02-18 03:00,3.0,97,0.4,0.00,0.00,1022.2,3,6.6,158
2024-02-18 04:00,2.0,98,-1.1,0.00,0.00,1021.8,11,10.7,160
2024-02-18 05:00,3.0,98,0.2,0.00,0.00,1021.4,0,18.8,168
2024-02-18 06:00,3.0,96,0.2,0.00,0.00,1021.0,2,19.8,168
2024-02-18 07:00,3.0,95,-0.0,0.00,0.00,1020.6,100,21.7,175
2024-02-18 08:00,3.0,96,-0.0,0.00,0.00,1020.2,100,20.5,183
2024-02-18 09:00,3.5,98,0.8,0.00,0.00,1019.9,100,15.5,198
2024-02-18 10:00,4.5,97,1.9,0.00,0.00,1019.6,100,12.8,190
2024-02-18 11:00,5.9,94,3.3,0.00,0.00,1018.8,100,12.4,188
2024-02-18 12:00,8.4,86,6.2,0.00,0.00,1018.2,100,12.7,187
2024-02-18 13:00,10.4,79,8.3,0.00,0.00,1016.9,100,14.4,184
2024-02-18 14:00,11.9,73,9.8,0.00,0.00,1016.2,100,12.8,190
2024-02-18 15:00,12.9,62,9.5,0.00,0.00,1014.9,100,23.2,210
2024-02-18 16:00,12.6,62,9.3,0.00,0.00,1013.8,100,23.8,200
2024-02-18 17:00,12.1,62,9.1,0.00,0.00,1012.9,100,22.1,196
2024-02-18 18:00,11.4,62,8.0,0.00,0.00,1011.5,100,25.6,190
2024-02-18 19:00,10.9,62,7.3,0.00,0.00,1010.9,100,28.0,198
2024-02-18 20:00,10.4,68,7.1,0.00,0.00,1010.1,100,25.8,213
2024-02-18 21:00,9.9,74,6.4,0.30,0.30,1009.2,100,28.5,212
2024-02-18 22:00,8.7,87,5.4,1.20,1.20,1008.4,100,30.6,210
2024-02-18 23:00,8.6,88,4.5,0.70,0.70,1007.1,100,37.7,218
2024-02-19 00:00,8.9,84,4.6,0.00,0.00,1006.2,100,39.0,226
2024-02-19 01:00,9.1,83,4.5,0.00,0.00,1005.7,100,42.3,232
2024-02-19 02:00,9.3,83,4.6,0.00,0.00,1005.4,100,42.8,236
2024-02-19 03:00,9.0,83,4.5,0.00,0.00,1004.9,64,40.9,244
2024-02-19 04:00,9.1,81,4.6,0.00,0.00,1004.8,100,39.3,252
2024-02-19 05:00,8.6,84,4.4,0.40,0.40,1005.1,100,37.3,277
2024-02-19 06:00,7.3,88,3.2,0.40,0.40,1006.0,100,35.1,294
2024-02-19 07:00,7.4,89,3.2,1.20,1.20,1006.3,100,37.3,287
2024-02-19 08:00,7.2,89,2.2,0.10,0.10,1007.4,100,42.3,296
2024-02-19 09:00,7.0,89,2.0,0.00,0.00,1008.3,100,42.9,300
2024-02-19 10:00,7.5,87,2.7,0.00,0.00,1009.1,100,40.3,302
2024-02-19 11:00,8.4,83,4.0,0.10,0.10,1009.7,100,36.1,295
2024-02-19 12:00,9.1,78,4.7,0.00,0.00,1010.2,100,36.6,287
2024-02-19 13:00,9.6,75,5.4,0.00,0.00,1010.5,100,32.8,282
2024-02-19 14:00,8.9,80,4.8,0.10,0.10,1010.3,100,32.6,263
2024-02-19 15:00,9.4,77,5.4,0.10,0.10,1010.9,64,30.1,278
2024-02-19 16:00,9.8,76,5.9,0.20,0.20,1010.8,91,30.7,284
2024-02-19 17:00,9.6,77,6.6,0.00,0.00,1010.7,76,22.1,277
2024-02-19 18:00,9.1,77,6.1,0.00,0.00,1010.6,100,24.1,267
2024-02-19 19:00,8.6,81,5.4,0.00,0.00,1010.5,98,26.1,259
2024-02-19 20:00,7.6,86,4.4,0.00,0.00,1010.2,100,27.3,257
2024-02-19 21:00,7.9,85,4.7,0.00,0.00,1010.3,100,27.6,258
2024-02-19 22:00,7.6,88,4.3,0.00,0.00,1010.1,100,28.0,258
2024-02-19 23:00,7.6,87,4.4,0.10,0.10,1010.1,100,26.9,258
2024-02-20 00:00,7.6,90,4.5,0.40,0.40,1010.0,98,26.3,248
2024-02-20 01:00,7.3,90,4.1,0.00,0.00,1009.9,54,28.0,257
2024-02-20 02:00,6.7,92,3.5,0.00,0.00,1010.0,34,28.2,265
2024-02-20 03:00,7.0,93,4.2,0.00,0.00,1010.0,36,25.0,263
2024-02-20 04:00,7.1,93,4.4,0.00,0.00,1010.0,100,23.4,271
2024-02-20 05:00,7.6,91,4.8,0.00,0.00,1010.2,100,22.0,288
2024-02-20 06:00,7.2,89,3.9,0.00,0.00,1010.9,100,26.5,301
2024-02-20 07:00,7.1,87,3.6,0.00,0.00,1011.6,100,26.9,296
2024-02-20 08:00,6.8,85,3.1,0.00,0.00,1012.3,100,27.1,299
2024-02-20 09:00,6.8,86,3.5,0.00,0.00,1012.8,100,22.9,292
2024-02-20 10:00,7.2,85,3.8,0.00,0.00,1013.3,100,23.7,290
2024-02-20 11:00,7.6,78,3.7,0.00,0.00,1013.4,100,24.2,298
2024-02-20 12:00,8.1,71,4.2,0.00,0.00,1013.7,100,23.9,291
2024-02-20 13:00,9.1,62,4.7,0.00,0.00,1013.4,100,26.0,284
2024-02-20 14:00,9.8,57,5.1,0.00,0.00,1013.2,100,28.3,277
2024-02-20 15:00,9.3,62,4.7,0.10,0.10,1013.3,100,29.5,268
2024-02-20 16:00,9.4,62,4.8,0.00,0.00,1013.0,100,30.0,265
2024-02-20 17:00,9.4,62,5.3,0.00,0.00,1012.8,100,27.2,262
2024-02-20 18:00,9.1,64,5.2,0.00,0.00,1012.5,95,26.0,264
2024-02-20 19:00,8.1,70,4.8,0.00,0.00,1012.6,100,23.6,263
2024-02-20 20:00,8.2,71,4.8,0.00,0.00,1012.8,100,23.5,255
2024-02-20 21:00,7.8,73,4.3,0.00,0.00,1012.5,100,24.9,252
2024-02-20 22:00,7.1,75,3.7,0.00,0.00,1012.2,100,24.7,247
2024-02-20 23:00,6.8,78,3.3,0.00,0.00,1011.8,100,26.1,244
2024-02-21 00:00,7.1,78,3.4,0.00,0.00,1011.6,100,27.2,244
2024-02-21 01:00,7.2,78,3.4,0.00,0.00,1011.2,100,28.7,242
2024-02-21 02:00,7.3,78,3.5,0.10,0.10,1010.6,100,28.5,244
2024-02-21 03:00,7.8,75,3.8,0.00,0.00,1010.0,100,29.8,240
2024-02-21 04:00,7.5,77,3.3,0.10,0.10,1009.2,100,32.1,245
2024-02-21 05:00,7.3,82,3.4,0.20,0.20,1008.7,100,30.9,244
2024-02-21 06:00,7.2,85,3.3,0.20,0.20,1008.4,100,30.1,241
2024-02-21 07:00,6.8,90,3.3,1.10,1.10,1007.5,100,29.4,234
2024-02-21 08:00,6.8,88,3.0,0.10,0.10,1007.0,64,30.8,232
2024-02-21 09:00,6.4,89,3.1,0.00,0.00,1007.9,100,25.8,255
2024-02-21 10:00,7.2,87,3.8,0.00,0.00,1007.5,96,25.0,247
2024-02-21 11:00,8.4,78,4.1,0.00,0.00,1007.1,95,31.9,243
2024-02-21 12:00,9.4,71,4.9,0.00,0.00,1006.8,100,31.4,255
2024-02-21 13:00,9.8,67,5.8,0.00,0.00,1006.5,100,25.5,251
2024-02-21 14:00,10.2,65,6.3,0.00,0.00,1005.5,100,24.8,240
2024-02-21 15:00,11.2,59,6.5,0.00,0.00,1004.2,100,31.8,235
2024-02-21 16:00,11.3,58,6.6,0.00,0.00,1003.6,100,32.2,238
2024-02-21 17:00,10.9,62,7.3,0.00,0.00,1002.7,100,23.6,232
2024-02-21 18:00,9.9,66,7.0,0.00,0.00,1001.2,100,20.3,213
2024-02-21 19:00,9.1,69,6.0,0.00,0.00,1000.3,100,23.0,200
2024-02-21 20:00,9.4,65,5.9,0.00,0.00,999.3,100,26.3,202
2024-02-21 21:00,9.4,62,5.2,0.00,0.00,999.1,100,30.7,216
2024-02-21 22:00,9.4,58,4.5,0.00,0.00,997.8,100,35.4,215
2024-02-21 23:00,9.0,58,4.3,0.00,0.00,997.0,100,33.1,213
2024-02-22 00:00,9.3,54,4.6,0.00,0.00,996.1,100,32.0,206
2024-02-22 01:00,9.5,55,4.9,0.10,0.10,995.1,100,31.6,203
2024-02-22 02:00,9.1,63,4.5,0.30,0.30,993.8,100,34.3,201
2024-02-22 03:00,8.8,76,4.7,0.30,0.30,992.0,100,34.3,208
2024-02-22 04:00,8.4,79,4.4,0.10,0.10,990.7,100,33.4,210
2024-02-22 05:00,8.4,80,4.1,0.20,0.20,989.6,100,35.5,210
2024-02-22 06:00,8.1,83,4.2,0.30,0.30,988.8,100,33.0,212
2024-02-22 07:00,7.8,89,4.3,0.50,0.50,988.0,100,31.7,214
2024-02-22 08:00,8.0,89,4.7,0.60,0.60,987.1,100,29.2,213
2024-02-22 09:00,8.2,89,5.2,0.70,0.70,986.4,100,27.5,217
2024-02-22 10:00,8.7,87,5.6,0.30,0.30,985.9,100,27.6,220
2024-02-22 11:00,9.4,86,6.0,0.00,0.00,985.1,100,31.3,224
2024-02-22 12:00,10.1,84,6.9,0.00,0.00,984.6,100,29.8,225
2024-02-22 13:00,11.7,78,8.7,0.00,0.00,983.7,67,25.7,223
2024-02-22 14:00,12.2,73,8.4,0.00,0.00,982.6,75,32.6,221
2024-02-22 15:00,12.3,73,9.2,0.00,0.00,981.2,100,25.9,212
2024-02-22 16:00,12.1,73,9.0,0.00,0.00,979.9,100,28.0,204
2024-02-22 17:00,12.4,72,9.0,0.00,0.00,979.0,100,30.6,207
2024-02-22 18:00,11.9,74,8.7,0.00,0.00,977.5,100,30.2,200
2024-02-22 19:00,11.8,73,8.1,0.00,0.00,976.9,100,35.1,204
2024-02-22 20:00,11.6,76,8.0,0.10,0.10,976.3,100,34.2,198
2024-02-22 21:00,11.1,81,7.2,0.60,0.60,975.3,100,38.0,197
2024-02-22 22:00,10.7,83,6.2,0.40,0.40,974.3,100,45.0,199
2024-02-22 23:00,10.8,80,6.0,0.20,0.20,973.9,100,47.2,209
2024-02-23 00:00,11.2,75,6.3,0.00,0.00,973.8,100,47.4,216
2024-02-23 01:00,11.2,70,5.7,0.00,0.00,974.4,100,50.9,225
2024-02-23 02:00,11.1,67,5.5,0.00,0.00,975.2,100,48.6,235
2024-02-23 03:00,10.6,65,5.2,0.00,0.00,975.9,99,46.1,237
2024-02-23 04:00,10.1,62,4.4,0.00,0.00,977.2,21,47.1,236
2024-02-23 05:00,8.6,63,2.4,0.00,0.00,979.2,43,47.8,243
2024-02-23 06:00,7.3,64,1.7,0.00,0.00,980.8,16,41.9,243
2024-02-23 07:00,6.2,67,1.0,0.00,0.00,981.8,93,37.9,240
2024-02-23 08:00,5.6,70,0.7,0.00,0.00,982.6,100,33.7,233
2024-02-23 09:00,5.6,71,0.8,0.00,0.00,983.1,100,32.7,230
2024-02-23 10:00,6.1,69,1.1,0.00,0.00,983.7,100,33.3,231
2024-02-23 11:00,6.3,65,1.4,0.00,0.00,984.3,100,29.8,228
2024-02-23 12:00,7.1,63,2.3,0.00,0.00,984.8,100,26.6,220
2024-02-23 13:00,8.0,57,3.2,0.00,0.00,985.1,100,26.9,212
2024-02-23 14:00,8.9,50,3.5,0.00,0.00,985.0,100,30.8,210
2024-02-23 15:00,8.4,56,3.2,0.00,0.00,986.0,100,31.5,202
2024-02-23 16:00,8.5,52,3.4,0.00,0.00,986.2,100,29.4,203
2024-02-23 17:00,8.4,53,3.6,0.00,0.00,986.3,100,27.7,201
2024-02-23 18:00,7.6,56,3.4,0.00,0.00,986.2,100,23.5,191
2024-02-23 19:00,6.5,60,2.8,0.00,0.00,986.8,99,21.1,189
2024-02-23 20:00,5.3,65,1.7,0.00,0.00,986.7,100,22.0,190
2024-02-23 21:00,4.6,68,1.0,0.00,0.00,986.3,87,21.9,200
2024-02-23 22:00,3.3,74,0.0,0.00,0.00,986.5,70,19.7,195
2024-02-23 23:00,2.6,79,-0.6,0.00,0.00,986.5,1,18.2,189
2024-02-24 00:00,2.4,82,-0.9,0.00,0.00,986.6,16,18.1,186
2024-02-24 01:00,2.0,85,-1.3,0.00,0.00,986.5,16,17.6,181
2024-02-24 02:00,1.6,89,-1.8,0.00,0.00,986.5,22,19.1,182
2024-02-24 03:00,2.1,90,-1.3,0.00,0.00,987.1,1,21.2,198
2024-02-24 04:00,1.8,91,-1.6,0.00,0.00,986.9,3,21.0,202
2024-02-24 05:00,1.5,92,-1.9,0.00,0.00,987.2,4,21.4,197
2024-02-24 06:00,1.4,92,-2.0,0.00,0.00,987.6,1,20.9,207
2024-02-24 07:00,1.3,91,-2.1,0.00,0.00,987.7,4,20.6,207
2024-02-24 08:00,1.2,92,-2.2,0.00,0.00,988.0,19,21.3,202
2024-02-24 09:00,2.2,87,-1.4,0.00,0.00,988.9,34,22.4,210
2024-02-24 10:00,4.3,79,1.0,0.00,0.00,989.5,34,21.9,207
2024-02-24 11:00,6.2,71,2.6,0.00,0.00,990.1,86,17.9,202
2024-02-24 12:00,7.8,65,4.0,0.00,0.00,990.6,53,18.8,206
2024-02-24 13:00,8.7,62,4.7,0.00,0.00,990.6,99,20.6,205
2024-02-24 14:00,9.1,58,4.3,0.00,0.00,990.9,100,29.3,217
2024-02-24 15:00,9.4,53,4.4,0.00,0.00,991.1,99,29.2,209
2024-02-24 16:00,8.8,57,3.4,0.10,0.10,991.6,48,33.9,211
2024-02-24 17:00,8.6,57,4.0,0.00,0.00,992.1,7,28.0,217
2024-02-24 18:00,7.8,61,3.6,0.00,0.00,992.5,2,26.3,203
2024-02-24 19:00,6.1,66,2.2,0.00,0.00,993.3,75,25.8,195
2024-02-24 20:00,5.2,69,1.1,0.00,0.00,994.0,100,29.0,191
2024-02-24 21:00,5.0,71,1.0,0.00,0.00,994.2,24,27.9,194
2024-02-24 22:00,4.2,75,0.2,0.00,0.00,994.4,5,27.4,197
2024-02-24 23:00,3.6,77,-0.5,0.00,0.00,994.6,9,28.1,193
2024-02-25 00:00,3.2,79,-0.9,0.00,0.00,994.9,26,28.0,198
2024-02-25 01:00,2.8,81,-1.3,0.00,0.00,994.9,4,27.6,197
2024-02-25 02:00,2.3,84,-1.2,0.00,0.00,995.1,0,23.7,200
2024-02-25 03:00,2.2,83,-1.2,0.00,0.00,995.7,0,20.8,198
2024-02-25 04:00,1.6,85,-1.7,0.00,0.00,995.3,0,19.6,194
2024-02-25 05:00,1.5,86,-2.0,0.00,0.00,994.9,6,21.3,186
2024-02-25 06:00,1.4,86,-2.2,0.00,0.00,994.9,31,23.0,189
2024-02-25 07:00,1.2,85,-2.3,0.00,0.00,994.6,2,22.6,188
2024-02-25 08:00,1.1,85,-2.7,0.00,0.00,994.5,0,24.1,177
2024-02-25 09:00,1.9,84,-1.9,0.00,0.00,994.8,0,23.8,180
2024-02-25 10:00,4.3,79,0.7,0.00,0.00,994.7,55,26.3,182
2024-02-25 11:00,6.8,71,3.1,0.00,0.00,994.3,81,19.7,172
2024-02-25 12:00,8.8,62,4.8,0.00,0.00,993.9,84,21.7,185
2024-02-25 13:00,10.1,52,5.1,0.00,0.00,993.3,93,28.7,208
2024-02-25 14:00,10.2,48,4.8,0.30,0.30,992.7,82,31.3,213
2024-02-25 15:00,9.8,59,6.1,0.00,0.00,992.8,84,18.2,231
2024-02-25 16:00,9.4,59,5.3,0.00,0.00,992.4,17,21.7,209
2024-02-25 17:00,9.1,58,5.4,0.00,0.00,992.3,22,19.1,226
2024-02-25 18:00,7.6,70,5.1,0.00,0.00,992.3,22,13.5,241
2024-02-25 19:00,7.2,65,4.3,0.00,0.00,992.3,4,9.0,241
2024-02-25 20:00,6.4,68,3.7,0.00,0.00,992.4,0,8.7,210
2024-02-25 21:00,3.0,81,-0.2,0.00,0.00,992.0,0,9.4,184
2024-02-25 22:00,1.4,88,-2.3,0.00,0.00,991.8,0,12.4,150
2024-02-25 23:00,0.6,91,-3.2,0.00,0.00,991.7,0,15.3,131
2024-02-26 00:00,0.4,92,-3.0,0.00,0.00,991.7,23,16.0,136
2024-02-26 01:00,0.4,91,-3.0,0.00,0.00,991.5,0,13.6,148
2024-02-26 02:00,-0.6,94,-4.0,0.00,0.00,991.2,32,14.3,133
2024-02-26 03:00,0.1,94,-3.2,0.00,0.00,990.7,98,18.8,102
2024-02-26 04:00,-0.3,94,-3.5,0.00,0.00,990.5,100,18.9,104
2024-02-26 05:00,-0.5,94,-3.8,0.00,0.00,990.6,100,18.8,97
2024-02-26 06:00,-0.3,93,-4.0,0.00,0.00,990.9,82,16.3,98
2024-02-26 07:00,-0.2,94,-3.6,0.00,0.00,990.8,100,19.8,90
2024-02-26 08:00,0.3,95,-2.9,0.00,0.00,991.2,100,20.2,86
2024-02-26 09:00,2.1,94,-1.1,0.00,0.00,991.9,100,21.0,85
2024-02-26 10:00,4.1,88,1.0,0.00,0.00,992.0,100,22.9,82
2024-02-26 11:00,5.9,82,3.4,0.00,0.00,992.4,100,11.7,72
2024-02-26 12:00,6.9,80,4.2,0.00,0.00,992.4,100,12.0,51
2024-02-26 13:00,8.6,75,5.8,0.00,0.00,992.5,100,13.6,50
2024-02-26 14:00,9.4,73,6.6,0.00,0.00,992.5,100,15.3,47
2024-02-26 15:00,9.8,71,6.7,0.00,0.00,992.7,100,17.3,42
2024-02-26 16:00,10.2,70,7.1,0.00,0.00,993.1,100,18.6,43
2024-02-26 17:00,10.2,70,7.0,0.00,0.00,993.5,100,21.7,43
2024-02-26 18:00,9.4,73,6.5,0.00,0.00,994.3,100,21.7,40
2024-02-26 19:00,8.4,76,5.2,0.00,0.00,994.9,100,24.0,36
2024-02-26 20:00,7.4,80,4.0,0.00,0.00,995.9,100,26.5,37
2024-02-26 21:00,6.8,85,3.7,0.00,0.00,996.4,100,25.1,38
2024-02-26 22:00,6.3,89,3.2,0.00,0.00,997.1,100,24.3,27
2024-02-26 23:00,5.4,92,2.3,0.00,0.00,998.1,100,24.0,19
2024-02-27 00:00,5.2,90,2.0,0.00,0.00,998.9,100,24.4,16
2024-02-27 01:00,4.3,91,0.8,0.00,0.00,999.2,100,25.3,11
2024-02-27 02:00,3.7,90,-0.0,0.00,0.00,999.7,100,25.6,4
2024-02-27 03:00,4.0,86,0.2,0.00,0.00,1000.6,100,24.5,356
2024-02-27 04:00,3.8,84,-0.1,0.00,0.00,1000.7,100,24.1,360
2024-02-27 05:00,3.3,85,-0.4,0.00,0.00,1001.0,54,22.3,359
2024-02-27 06:00,2.2,90,-1.5,0.00,0.00,1001.3,67,22.5,354
2024-02-27 07:00,2.0,91,-1.8,0.00,0.00,1001.9,100,23.5,349
2024-02-27 08:00,1.8,92,-2.1,0.00,0.00,1002.6,100,24.6,348
2024-02-27 09:00,2.3,90,-1.6,0.00,0.00,1003.0,100,27.4,350
2024-02-27 10:00,3.3,86,-0.3,0.00,0.00,1003.3,100,19.3,346
2024-02-27 11:00,5.1,80,1.5,0.00,0.00,1003.5,100,17.2,349
2024-02-27 12:00,6.3,77,2.9,0.00,0.00,1003.4,100,15.7,351
2024-02-27 13:00,7.8,72,4.7,0.00,0.00,1003.3,100,14.9,8
2024-02-27 14:00,9.4,66,6.1,0.00,0.00,1003.2,83,16.9,16
2024-02-27 15:00,6.2,81,2.4,0.00,0.00,1004.1,100,22.1,354
2024-02-27 16:00,6.2,81,2.2,0.00,0.00,1003.9,100,23.5,356
2024-02-27 17:00,5.8,82,2.1,0.00,0.00,1004.3,100,20.9,360
2024-02-27 18:00,5.2,84,1.6,0.00,0.00,1004.2,100,20.9,4
2024-02-27 19:00,5.0,84,1.7,0.00,0.00,1004.6,100,18.1,6
2024-02-27 20:00,4.7,87,1.9,0.00,0.00,1005.4,100,14.4,4
2024-02-27 21:00,4.7,87,1.5,0.00,0.00,1005.5,100,18.6,351
2024-02-27 22:00,4.6,87,1.5,0.00,0.00,1005.8,100,17.8,352
2024-02-27 23:00,4.6,87,1.4,0.00,0.00,1006.3,100,17.0,347
2024-02-28 00:00,4.4,87,1.2,0.00,0.00,1006.4,100,18.0,348
2024-02-28 01:00,4.3,88,1.1,0.00,0.00,1006.4,100,18.5,347
2024-02-28 02:00,4.2,88,1.0,0.00,0.00,1006.4,100,17.9,341
2024-02-28 03:00,4.4,86,1.7,0.00,0.00,1006.7,100,9.7,4
2024-02-28 04:00,4.1,87,1.4,0.00,0.00,1006.7,98,10.6,350
2024-02-28 05:00,3.5,91,0.8,0.00,0.00,1007.3,61,12.2,336
2024-02-28 06:00,2.7,94,-0.1,0.00,0.00,1007.5,39,14.3,335
2024-02-28 07:00,2.2,94,-0.5,0.00,0.00,1008.1,21,11.6,330
2024-02-28 08:00,1.0,96,-1.7,0.00,0.00,1008.6,21,10.0,334
2024-02-28 09:00,2.0,93,-0.9,0.00,0.00,1009.6,35,12.3,328
2024-02-28 10:00,3.4,85,0.9,0.00,0.00,1009.6,100,6.1,315
2024-02-28 11:00,4.7,74,1.6,0.00,0.00,1009.9,95,9.3,306
2024-02-28 12:00,5.7,68,2.8,0.00,0.00,1009.7,25,7.6,289
2024-02-28 13:00,6.7,67,3.9,0.00,0.00,1009.7,19,6.5,270
2024-02-28 14:00,7.4,66,4.7,0.00,0.00,1009.7,19,6.8,238
2024-02-28 15:00,7.6,63,5.0,0.00,0.00,1010.0,99,5.4,228
2024-02-28 16:00,7.7,64,5.0,0.00,0.00,1009.7,41,6.1,208
2024-02-28 17:00,7.5,64,4.8,0.00,0.00,1009.7,56,7.0,215
2024-02-28 18:00,6.4,75,4.2,0.00,0.00,1009.7,76,7.4,209
2024-02-28 19:00,3.1,84,-0.2,0.00,0.00,1009.7,25,10.0,210
2024-02-28 20:00,2.3,84,-1.0,0.00,0.00,1009.9,100,9.7,202
2024-02-28 21:00,2.2,85,-0.9,0.00,0.00,1009.9,100,12.3,173
2024-02-28 22:00,2.2,85,-0.8,0.00,0.00,1009.8,100,16.2,179
2024-02-28 23:00,2.0,88,-1.3,0.00,0.00,1009.7,100,20.0,172
2024-02-29 00:00,2.0,88,-1.0,0.00,0.00,1009.6,88,18.1,173
2024-02-29 01:00,1.3,90,-2.0,0.00,0.00,1009.0,71,19.0,170
2024-02-29 02:00,0.6,90,-2.7,0.00,0.00,1008.6,14,18.8,175
2024-02-29 03:00,-0.6,89,-3.8,0.00,0.00,1008.6,1,16.1,190
2024-02-29 04:00,-0.5,91,-4.0,0.00,0.00,1008.0,9,17.0,176
2024-02-29 05:00,-0.9,93,-4.2,0.00,0.00,1007.5,1,16.7,187
2024-02-29 06:00,-1.2,93,-4.5,0.00,0.00,1006.9,0,16.5,203
2024-02-29 07:00,-1.0,92,-4.4,0.00,0.00,1006.6,0,18.1,201
2024-02-29 08:00,-0.4,90,-4.0,0.00,0.00,1006.2,0,20.8,198
2024-02-29 09:00,1.2,89,-2.5,0.00,0.00,1006.1,1,21.1,194
2024-02-29 10:00,3.8,85,0.5,0.00,0.00,1005.8,46,23.7,193
2024-02-29 11:00,6.5,78,3.5,0.00,0.00,1005.4,59,14.4,181
2024-02-29 12:00,8.6,69,5.3,0.00,0.00,1004.8,100,17.7,185
2024-02-29 13:00,9.8,62,6.2,0.00,0.00,1004.1,80,18.4,182
2024-02-29 14:00,10.4,61,7.1,0.00,0.00,1003.0,81,15.9,176
2024-02-29 15:00,10.1,61,7.0,0.00,0.00,1002.4,15,14.8,181
2024-02-29 16:00,10.4,60,7.2,0.00,0.00,1001.5,12,14.6,170
2024-02-29 17:00,10.2,61,7.2,0.00,0.00,1000.7,1,15.3,161
2024-02-29 18:00,9.1,71,6.8,0.00,0.00,999.8,3,15.1,155
2024-02-29 19:00,6.8,80,3.9,0.00,0.00,999.3,2,21.7,153
2024-02-29 20:00,6.4,82,3.5,0.00,0.00,998.7,27,23.5,169
2024-02-29 21:00,5.6,87,2.8,0.00,0.00,998.3,34,21.1,171
2024-02-29 22:00,4.8,90,1.9,0.00,0.00,997.8,6,22.5,158
2024-02-29 23:00,4.6,91,1.6,0.00,0.00,997.3,5,22.8,168
2024-03-01 00:00,3.7,93,0.9,0.00,0.00,996.8,0,19.2,174
2024-03-01 01:00,2.8,94,0.0,0.00,0.00,996.4,0,18.8,163
2024-03-01 02:00,2.3,95,-0.4,0.00,0.00,995.9,0,19.3,166
2024-03-01 03:00,2.2,96,-0.8,0.00,0.00,995.6,15,19.2,172
2024-03-01 04:00,2.3,95,-0.7,0.00,0.00,995.0,0,20.2,176
2024-03-01 05:00,1.9,95,-1.0,0.00,0.00,994.3,14,18.2,172
2024-03-01 06:00,0.3,97,-3.1,0.00,0.00,994.2,54,13.8,189
2024-03-01 07:00,0.4,97,-2.8,0.00,0.00,994.2,47,13.8,186
2024-03-01 08:00,1.2,96,-1.7,0.00,0.00,994.4,63,15.9,185
2024-03-01 09:00,2.5,95,-0.4,0.00,0.00,995.0,4,16.0,194
2024-03-01 10:00,4.9,88,2.4,0.00,0.00,995.2,88,17.1,210
2024-03-01 11:00,7.2,82,5.0,0.00,0.00,995.1,99,10.1,215
2024-03-01 12:00,9.2,77,7.2,0.00,0.00,994.8,84,7.9,223
2024-03-01 13:00,10.9,71,9.1,0.00,0.00,994.5,79,7.9,231
2024-03-01 14:00,12.1,66,10.1,0.00,0.00,994.4,95,8.7,222
2024-03-01 15:00,11.4,72,9.2,0.00,0.00,995.0,100,12.7,225
2024-03-01 16:00,12.0,68,9.8,0.00,0.00,994.7,100,11.5,226
2024-03-01 17:00,11.8,69,9.8,0.00,0.00,994.9,100,10.2,228
2024-03-01 18:00,10.8,78,9.5,0.00,0.00,994.8,100,5.5,238
2024-03-01 19:00,7.8,83,6.0,0.00,0.00,994.4,100,4.3,95
2024-03-01 20:00,6.6,90,3.9,0.00,0.00,994.7,100,10.4,92
2024-03-01 21:00,7.3,88,5.1,0.00,0.00,994.4,100,10.8,116
2024-03-01 22:00,6.5,91,4.3,0.10,0.10,994.4,100,12.4,144
2024-03-01 23:00,6.0,92,3.7,0.00,0.00,994.2,99,13.6,158
2024-03-02 00:00,4.0,95,1.2,0.00,0.00,994.2,78,11.9,194
2024-03-02 01:00,4.3,96,1.8,0.00,0.00,993.8,100,9.7,248
2024-03-02 02:00,3.5,97,0.9,0.00,0.00,993.5,100,9.0,254
2024-03-02 03:00,3.5,97,0.7,0.00,0.00,993.4,99,12.3,201
2024-03-02 04:00,4.2,97,2.0,0.30,0.30,993.1,100,13.0,204
2024-03-02 05:00,4.7,96,2.3,0.40,0.40,993.3,100,17.8,212
2024-03-02 06:00,4.9,95,2.7,0.10,0.10,993.5,100,15.0,222
2024-03-02 07:00,5.3,95,3.2,0.40,0.40,993.8,100,13.4,204
2024-03-02 08:00,5.7,94,3.3,0.20,0.20,994.0,100,17.7,197
2024-03-02 09:00,6.2,94,3.9,0.10,0.10,994.5,100,19.2,197
2024-03-02 10:00,7.2,93,4.9,0.10,0.10,994.7,99,19.5,196
2024-03-02 11:00,8.8,90,6.8,0.10,0.10,994.9,100,22.4,199
2024-03-02 12:00,9.2,89,7.4,0.00,0.00,995.2,99,17.8,173
2024-03-02 13:00,10.4,82,8.5,0.00,0.00,995.0,41,12.9,167
2024-03-02 14:00,11.9,75,10.1,0.00,0.00,994.9,94,10.9,172
2024-03-02 15:00,13.4,66,11.7,0.00,0.00,994.5,17,9.2,154
2024-03-02 16:00,13.9,61,11.8,0.00,0.00,994.1,76,11.2,147
2024-03-02 17:00,13.4,61,11.0,0.00,0.00,993.9,95,14.6,128
2024-03-02 18:00,12.1,68,10.0,0.00,0.00,993.7,10,18.3,105
2024-03-02 19:00,9.8,77,7.1,0.00,0.00,994.0,0,25.4,108
2024-03-02 20:00,8.3,85,5.5,0.00,0.00,994.3,29,26.5,108
2024-03-02 21:00,7.4,91,4.7,0.00,0.00,994.2,94,25.4,108
2024-03-02 22:00,6.8,92,4.4,0.00,0.00,993.9,99,22.9,127
2024-03-02 23:00,6.1,93,3.8,0.00,0.00,993.7,100,20.0,142
2024-03-03 00:00,4.7,95,1.9,0.00,0.00,993.3,100,15.8,150
2024-03-03 01:00,5.0,95,2.8,0.00,0.00,993.3,100,15.9,129
2024-03-03 02:00,5.2,94,2.9,0.00,0.00,993.0,100,18.4,113
2024-03-03 03:00,3.4,97,0.4,0.00,0.00,992.6,14,14.7,121
2024-03-03 04:00,3.0,98,0.0,0.00,0.00,992.0,29,15.4,111
2024-03-03 05:00,3.4,97,0.9,0.00,0.00,991.9,6,17.3,111
2024-03-03 06:00,3.0,97,0.1,0.00,0.00,991.8,1,18.0,116
2024-03-03 07:00,3.0,97,0.3,0.00,0.00,991.9,25,18.4,121
2024-03-03 08:00,3.5,97,0.9,0.00,0.00,992.0,45,18.8,126
2024-03-03 09:00,5.3,95,2.8,0.00,0.00,991.6,2,18.4,118
2024-03-03 10:00,7.7,90,5.8,0.00,0.00,991.8,20,16.1,117
2024-03-03 11:00,9.9,80,7.5,0.00,0.00,991.8,95,13.9,121
2024-03-03 12:00,11.1,73,8.6,0.00,0.00,991.7,63,15.0,114
2024-03-03 13:00,12.4,67,9.8,0.00,0.00,991.7,96,15.6,109
2024-03-03 14:00,13.1,62,10.5,0.00,0.00,991.3,83,15.3,99
2024-03-03 15:00,14.0,59,11.4,0.00,0.00,990.8,2,15.5,94
2024-03-03 16:00,14.4,58,11.8,0.00,0.00,990.7,17,16.3,95
2024-03-03 17:00,14.1,59,11.6,0.00,0.00,990.6,9,16.9,89
2024-03-03 18:00,12.8,65,10.4,0.00,0.00,990.7,4,19.9,84
2024-03-03 19:00,10.1,74,7.6,0.00,0.00,991.2,16,23.1,88
2024-03-03 20:00,8.6,80,6.2,0.00,0.00,991.6,61,23.4,88
2024-03-03 21:00,7.3,86,5.0,0.00,0.00,991.6,31,20.7,97
2024-03-03 22:00,6.2,89,3.9,0.00,0.00,991.9,47,16.7,96
2024-03-03 23:00,4.6,93,1.9,0.00,0.00,992.1,68,14.4,91
2024-03-04 00:00,3.7,95,0.9,0.00,0.00,992.4,6,13.4,85
2024-03-04 01:00,2.8,97,-0.3,0.00,0.00,992.5,43,13.0,84
2024-03-04 02:00,2.4,98,-0.4,0.00,0.00,992.7,2,9.4,72
2024-03-04 03:00,2.7,98,0.2,0.00,0.00,993.0,0,8.4,31
2024-03-04 04:00,2.6,98,-0.0,0.00,0.00,993.3,0,14.7,28
2024-03-04 05:00,1.5,99,-1.4,0.00,0.00,993.7,0,11.3,31
2024-03-04 06:00,1.5,98,-1.1,0.00,0.00,994.1,0,9.1,18
2024-03-04 07:00,1.2,100,-1.4,0.00,0.00,994.4,26,9.5,9
2024-03-04 08:00,1.7,100,-1.1,0.00,0.00,994.9,100,11.5,4
2024-03-04 09:00,2.8,99,0.1,0.00,0.00,995.9,100,12.2,360
2024-03-04 10:00,4.1,99,1.8,0.00,0.00,996.4,100,7.6,3
2024-03-04 11:00,5.9,91,3.8,0.00,0.00,997.0,100,6.9,354
2024-03-04 12:00,7.8,87,6.0,0.00,0.00,997.2,100,6.5,3
2024-03-04 13:00,9.6,82,8.0,0.00,0.00,997.5,88,7.1,30
2024-03-04 14:00,12.1,71,10.6,0.00,0.00,997.5,59,7.7,49
2024-03-04 15:00,10.1,82,8.5,0.00,0.00,998.2,100,8.9,21
2024-03-04 16:00,10.6,80,8.9,0.00,0.00,998.2,100,9.6,20
2024-03-04 17:00,10.8,79,9.0,0.00,0.00,998.2,100,10.6,18
2024-03-04 18:00,10.2,84,9.1,0.00,0.00,998.4,100,8.3,2
2024-03-04 19:00,9.1,91,7.8,0.00,0.00,998.7,100,6.9,6
2024-03-04 20:00,8.9,92,7.6,0.10,0.10,999.1,100,10.3,36
2024-03-04 21:00,8.9,92,7.4,0.10,0.10,999.2,100,15.0,55
2024-03-04 22:00,8.9,92,7.6,0.00,0.00,999.6,89,12.9,72
2024-03-04 23:00,7.8,94,6.4,0.00,0.00,999.6,95,5.8,83
2024-03-05 00:00,8.2,94,7.0,0.00,0.00,999.7,100,5.7,35
2024-03-05 01:00,7.9,95,6.3,0.00,0.00,999.8,61,11.1,29
2024-03-05 02:00,6.9,98,5.4,0.00,0.00,1000.0,98,11.2,42
2024-03-05 03:00,6.8,98,5.6,0.00,0.00,1000.7,100,1.5,76
2024-03-05 04:00,7.0,98,5.8,0.00,0.00,1000.5,100,0.7,360
2024-03-05 05:00,7.1,93,5.5,0.10,0.10,1000.7,100,7.9,90
2024-03-05 06:00,6.8,96,5.3,0.70,0.70,1000.8,100,10.0,77
2024-03-05 07:00,6.8,95,5.1,0.60,0.60,1000.9,100,11.8,149
2024-03-05 08:00,6.7,94,5.3,0.40,0.40,1001.0,100,4.3,114
2024-03-05 09:00,6.6,97,4.1,0.60,0.60,1001.4,100,19.1,49
2024-03-05 10:00,6.4,97,4.2,0.50,0.50,1001.9,100,17.1,68
2024-03-05 11:00,6.3,96,3.8,1.20,1.20,1002.3,100,16.7,65
2024-03-05 12:00,6.2,95,3.4,1.10,1.10,1002.6,100,17.4,66
2024-03-05 13:00,5.9,95,3.1,0.90,0.90,1002.7,100,17.1,62
2024-03-05 14:00,5.8,95,2.7,0.50,0.50,1002.7,100,19.7,62
2024-03-05 15:00,5.9,92,2.9,0.90,0.90,1003.2,100,16.6,72
2024-03-05 16:00,5.7,92,2.8,0.80,0.80,1003.4,100,16.3,68
2024-03-05 17:00,5.6,91,2.9,0.50,0.50,1003.7,100,15.3,63
2024-03-05 18:00,5.4,90,3.0,0.50,0.50,1004.1,100,14.4,58
2024-03-05 19:00,5.3,86,2.8,0.20,0.20,1004.5,100,14.0,67
2024-03-05 20:00,5.3,84,2.8,0.00,0.00,1005.0,100,14.3,72
2024-03-05 21:00,5.2,83,2.6,0.00,0.00,1005.1,100,14.1,77
2024-03-05 22:00,5.1,85,2.1,0.00,0.00,1005.3,100,17.7,39
2024-03-05 23:00,4.6,79,1.1,0.00,0.00,1005.5,100,20.4,54
2024-03-06 00:00,4.2,78,0.6,0.00,0.00,1006.0,100,20.1,61
2024-03-06 01:00,4.0,78,0.3,0.00,0.00,1006.2,100,20.5,66
2024-03-06 02:00,3.8,78,0.4,0.00,0.00,1006.5,100,18.1,67
2024-03-06 03:00,3.7,81,0.7,0.00,0.00,1007.5,100,13.2,61
2024-03-06 04:00,3.3,83,0.3,0.00,0.00,1007.8,100,14.0,55
2024-03-06 05:00,3.1,85,0.0,0.00,0.00,1007.9,100,14.9,58
2024-03-06 06:00,3.0,85,0.1,0.00,0.00,1008.3,100,12.9,60
2024-03-06 07:00,2.8,87,-0.2,0.00,0.00,1008.7,100,13.1,58
2024-03-06 08:00,2.5,88,-0.6,0.00,0.00,1009.4,100,15.4,57
2024-03-06 09:00,2.8,87,-0.3,0.00,0.00,1010.1,20,16.1,61
2024-03-06 10:00,4.0,82,0.9,0.00,0.00,1010.8,34,11.6,60
2024-03-06 11:00,5.4,77,2.4,0.00,0.00,1011.2,66,10.6,62
2024-03-06 12:00,6.7,72,3.8,0.00,0.00,1011.6,99,9.8,66
2024-03-06 13:00,7.9,67,4.9,0.00,0.00,1011.5,15,10.9,63
2024-03-06 14:00,9.0,59,5.8,0.00,0.00,1011.4,100,11.7,45
2024-03-06 15:00,8.4,62,4.7,0.00,0.00,1011.6,100,16.3,25
2024-03-06 16:00,8.2,60,4.6,0.00,0.00,1011.7,100,16.1,27
2024-03-06 17:00,8.1,58,4.3,0.00,0.00,1011.9,70,15.8,30
2024-03-06 18:00,7.5,59,3.7,0.00,0.00,1012.0,94,17.4,40
2024-03-06 19:00,6.2,65,2.4,0.00,0.00,1012.5,100,20.7,51
2024-03-06 20:00,5.7,68,2.0,0.00,0.00,1013.0,100,19.6,46
2024-03-06 21:00,5.3,70,1.9,0.00,0.00,1013.4,100,17.6,26
2024-03-06 22:00,5.1,75,1.8,0.00,0.00,1013.5,100,15.7,20
2024-03-06 23:00,4.5,77,1.5,0.00,0.00,1013.6,84,15.7,16
2024-03-07 00:00,4.2,78,1.0,0.00,0.00,1013.8,100,17.7,17
2024-03-07 01:00,4.4,77,1.1,0.00,0.00,1013.7,100,16.9,16
2024-03-07 02:00,4.4,80,1.3,0.00,0.00,1013.6,100,15.5,12
2024-03-07 03:00,4.2,83,1.2,0.00,0.00,1013.6,100,14.8,18
2024-03-07 04:00,4.2,86,1.1,0.00,0.00,1013.2,100,16.3,18
2024-03-07 05:00,4.3,87,1.2,0.00,0.00,1012.9,100,16.3,18
2024-03-07 06:00,4.6,90,1.5,0.00,0.00,1012.8,100,17.5,32
2024-03-07 07:00,4.8,92,1.6,0.00,0.00,1012.8,100,19.9,49
2024-03-07 08:00,4.7,93,1.5,0.00,0.00,1013.0,100,19.3,61
2024-03-07 09:00,4.8,88,1.3,0.00,0.00,1013.3,91,19.3,66
2024-03-07 10:00,4.8,78,0.8,0.00,0.00,1013.6,29,20.8,72
2024-03-07 11:00,5.2,66,0.7,0.00,0.00,1013.4,0,21.5,72
2024-03-07 12:00,5.7,60,0.8,0.00,0.00,1013.4,62,23.1,69
2024-03-07 13:00,5.7,58,0.7,0.00,0.00,1013.2,89,24.3,78
2024-03-07 14:00,6.1,57,1.1,0.00,0.00,1012.9,100,24.4,82
2024-03-07 15:00,6.2,57,1.4,0.00,0.00,1012.6,87,22.7,79
2024-03-07 16:00,6.6,53,1.7,0.00,0.00,1012.3,81,23.6,83
2024-03-07 17:00,6.7,51,1.8,0.00,0.00,1011.9,36,23.8,86
2024-03-07 18:00,6.3,51,1.9,0.00,0.00,1011.5,10,21.0,96
2024-03-07 19:00,3.8,62,0.2,0.00,0.00,1011.3,31,17.5,109
2024-03-07 20:00,1.6,75,-2.0,0.00,0.00,1011.5,45,15.0,111
2024-03-07 21:00,1.2,77,-2.2,0.00,0.00,1011.4,28,16.2,86
2024-03-07 22:00,1.5,73,-2.5,0.00,0.00,1011.4,4,24.5,94
2024-03-07 23:00,1.0,74,-2.9,0.00,0.00,1011.1,0,23.1,95
2024-03-08 00:00,0.3,77,-3.6,0.00,0.00,1011.3,0,22.0,94
2024-03-08 01:00,-0.3,80,-4.2,0.00,0.00,1010.9,0,21.0,95
2024-03-08 02:00,-0.9,84,-4.7,0.00,0.00,1010.7,0,20.5,89
2024-03-08 03:00,-1.4,87,-5.3,0.00,0.00,1010.1,0,22.0,87
2024-03-08 04:00,-1.6,89,-5.5,0.00,0.00,1009.6,2,20.9,94
2024-03-08 05:00,-1.9,89,-5.7,0.00,0.00,1009.3,2,20.4,99
2024-03-08 06:00,-2.0,90,-5.8,0.00,0.00,1009.0,0,20.5,100
2024-03-08 07:00,-2.1,90,-6.0,0.00,0.00,1008.8,0,20.8,99
2024-03-08 08:00,-2.2,91,-6.0,0.00,0.00,1008.7,0,20.1,99
2024-03-08 09:00,-0.7,87,-4.5,0.00,0.00,1008.9,0,19.9,94
2024-03-08 10:00,1.1,81,-2.5,0.00,0.00,1008.4,0,13.7,90
2024-03-08 11:00,3.3,75,-0.3,0.00,0.00,1007.9,0,13.3,90
2024-03-08 12:00,5.4,68,1.7,0.00,0.00,1007.2,0,15.1,89
2024-03-08 13:00,7.1,61,2.9,0.00,0.00,1006.3,9,19.7,99
2024-03-08 14:00,7.9,60,3.8,0.00,0.00,1005.7,1,20.2,95
2024-03-08 15:00,7.8,59,3.7,0.00,0.00,1004.9,1,19.8,91
2024-03-08 16:00,8.4,57,3.8,0.00,0.00,1004.3,39,25.4,102
2024-03-08 17:00,8.4,58,3.3,0.00,0.00,1003.6,77,29.7,107
2024-03-08 18:00,8.4,59,4.5,0.00,0.00,1002.6,2,21.1,81
2024-03-08 19:00,6.6,64,2.3,0.00,0.00,1002.2,34,29.4,78
2024-03-08 20:00,5.5,70,1.3,0.00,0.00,1002.3,21,28.4,89
2024-03-08 21:00,4.2,78,0.4,0.00,0.00,1001.9,0,25.4,97
2024-03-08 22:00,3.4,83,-0.5,0.00,0.00,1001.7,5,27.8,95
2024-03-08 23:00,3.2,86,-0.9,0.00,0.00,1001.6,6,29.4,97
2024-03-09 00:00,2.7,89,-1.3,0.00,0.00,1000.9,0,29.0,101
2024-03-09 01:00,2.2,91,-1.7,0.00,0.00,1000.4,1,28.4,105
2024-03-09 02:00,1.7,91,-2.2,0.00,0.00,1000.1,1,26.9,106
2024-03-09 03:00,1.2,90,-2.4,0.00,0.00,999.7,7,23.9,113
2024-03-09 04:00,0.9,91,-2.8,0.00,0.00,999.1,21,22.4,109
2024-03-09 05:00,0.7,91,-3.0,0.00,0.00,998.4,13,23.4,100
2024-03-09 06:00,0.6,92,-3.1,0.00,0.00,997.8,15,24.3,97
2024-03-09 07:00,0.6,93,-3.1,0.00,0.00,997.5,19,22.6,98
2024-03-09 08:00,0.6,93,-3.0,0.00,0.00,997.3,23,21.5,99
2024-03-09 09:00,2.2,89,-1.6,0.00,0.00,997.1,28,22.7,93
2024-03-09 10:00,4.6,81,1.1,0.00,0.00,996.6,23,19.1,89
2024-03-09 11:00,7.1,68,2.7,0.00,0.00,996.3,100,24.9,127
2024-03-09 12:00,8.0,63,4.0,0.00,0.00,995.7,30,20.7,131
2024-03-09 13:00,9.5,57,5.8,0.00,0.00,995.1,31,16.6,124
2024-03-09 14:00,10.4,55,6.7,0.00,0.00,994.4,54,16.7,123
2024-03-09 15:00,10.8,53,7.4,0.00,0.00,993.8,64,13.9,111
2024-03-09 16:00,11.1,52,7.6,0.00,0.00,993.4,71,15.8,120
2024-03-09 17:00,11.2,53,8.1,0.00,0.00,993.1,5,13.5,134
2024-03-09 18:00,10.2,70,8.4,0.00,0.00,992.7,0,9.7,112
2024-03-09 19:00,7.8,67,4.7,0.00,0.00,992.4,0,19.8,87
2024-03-09 20:00,6.9,71,3.4,0.00,0.00,992.6,0,27.6,110
2024-03-09 21:00,6.2,76,2.6,0.00,0.00,992.7,0,26.6,115
2024-03-09 22:00,5.2,82,1.9,0.00,0.00,992.4,0,25.0,117
2024-03-09 23:00,4.4,86,1.4,0.00,0.00,992.3,0,22.6,121
2024-03-10 00:00,3.8,89,0.8,0.00,0.00,992.1,1,21.9,117
2024-03-10 01:00,3.5,91,0.5,0.00,0.00,991.9,0,22.0,108
2024-03-10 02:00,3.2,93,0.2,0.00,0.00,991.8,3,21.9,104
2024-03-10 03:00,2.5,94,-0.7,0.00,0.00,991.5,60,22.0,101
2024-03-10 04:00,2.2,95,-0.9,0.00,0.00,991.2,86,21.0,96
2024-03-10 05:00,2.0,95,-1.2,0.00,0.00,990.9,20,20.5,88
2024-03-10 06:00,2.0,96,-1.4,0.00,0.00,990.5,18,22.6,82
2024-03-10 07:00,2.1,96,-1.3,0.00,0.00,989.8,0,23.3,77
2024-03-10 08:00,2.2,96,-0.9,0.00,0.00,989.8,1,21.0,85
2024-03-10 09:00,4.1,93,0.6,0.00,0.00,989.9,74,22.9,83
2024-03-10 10:00,6.5,86,3.4,0.00,0.00,989.7,82,21.4,77
2024-03-10 11:00,8.6,79,5.5,0.00,0.00,989.7,99,19.8,89
2024-03-10 12:00,10.3,71,6.7,0.00,0.00,989.1,66,23.5,86
2024-03-10 13:00,11.6,67,7.7,0.00,0.00,988.3,95,28.2,80
2024-03-10 14:00,12.4,64,8.5,0.00,0.00,987.5,100,28.8,81
2024-03-10 15:00,11.4,66,7.2,0.00,0.00,988.6,100,31.2,83
2024-03-10 16:00,12.0,63,7.4,0.00,0.00,987.9,100,33.6,85
2024-03-10 17:00,11.8,63,7.5,0.00,0.00,987.6,100,32.2,84
2024-03-10 18:00,10.9,67,7.5,0.00,0.00,987.3,100,26.2,69
2024-03-10 19:00,9.8,71,6.2,0.00,0.00,987.0,100,28.7,60
2024-03-10 20:00,8.9,75,5.3,0.00,0.00,986.9,100,30.0,70
2024-03-10 21:00,8.1,79,4.7,0.00,0.00,986.5,97,28.5,69
2024-03-10 22:00,7.2,86,4.1,0.00,0.00,986.2,95,27.3,72
2024-03-10 23:00,6.8,90,4.0,0.00,0.00,985.8,100,25.6,73
2024-03-11 00:00,6.6,91,4.0,0.00,0.00,985.4,100,24.4,71
2024-03-11 01:00,6.4,93,3.9,0.00,0.00,985.3,100,22.6,73
2024-03-11 02:00,6.1,94,3.8,0.00,0.00,985.1,67,19.9,86
2024-03-11 03:00,5.6,94,3.5,0.00,0.00,986.2,100,15.3,98
2024-03-11 04:00,6.7,91,4.9,0.00,0.00,986.6,100,8.4,130
2024-03-11 05:00,4.9,96,2.7,0.00,0.00,986.7,100,8.4,190
2024-03-11 06:00,5.3,96,3.0,0.00,0.00,987.0,99,15.0,207
2024-03-11 07:00,4.9,96,2.3,0.00,0.00,987.5,53,19.9,215
2024-03-11 08:00,4.5,94,1.8,0.00,0.00,988.3,61,20.9,226
2024-03-11 09:00,6.6,88,3.4,0.00,0.00,989.5,24,24.0,216
2024-03-11 10:00,9.2,78,5.7,0.00,0.00,990.4,2,25.5,213
2024-03-11 11:00,10.4,70,6.2,0.00,0.00,990.7,16,30.8,223
2024-03-11 12:00,11.2,65,7.1,0.00,0.00,991.8,18,28.4,218
2024-03-11 13:00,11.6,62,7.1,0.00,0.00,992.2,65,30.3,226
2024-03-11 14:00,12.1,58,7.9,0.00,0.00,992.7,100,26.5,224
2024-03-11 15:00,13.2,54,9.2,0.00,0.00,993.0,51,26.7,227
2024-03-11 16:00,13.5,53,9.7,0.00,0.00,993.4,47,23.8,232
2024-03-11 17:00,12.9,53,9.4,0.00,0.00,993.9,64,20.8,242
2024-03-11 18:00,11.9,60,9.3,0.00,0.00,994.4,100,17.4,257
2024-03-11 19:00,9.1,72,6.7,0.00,0.00,994.9,100,9.8,278
2024-03-11 20:00,10.3,63,8.6,0.00,0.00,995.7,100,3.7,259
2024-03-11 21:00,8.3,72,6.1,0.00,0.00,996.0,100,6.9,231
2024-03-11 22:00,5.8,85,3.4,0.00,0.00,996.9,88,13.6,258
2024-03-11 23:00,5.2,86,2.5,0.00,0.00,997.3,100,18.7,270
2024-03-12 00:00,5.7,83,2.9,0.00,0.00,997.7,100,21.6,267
2024-03-12 01:00,5.2,85,2.5,0.00,0.00,998.2,100,20.6,265
2024-03-12 02:00,5.1,86,2.1,0.00,0.00,998.2,100,22.1,263
2024-03-12 03:00,3.4,90,0.4,0.00,0.00,998.6,2,17.5,262
2024-03-12 04:00,3.5,90,0.7,0.00,0.00,998.9,88,18.2,261
2024-03-12 05:00,3.5,90,0.6,0.00,0.00,999.0,75,19.5,254
2024-03-12 06:00,3.1,91,0.2,0.00,0.00,999.3,71,19.0,243
2024-03-12 07:00,2.8,91,-0.2,0.00,0.00,999.8,93,19.8,243
2024-03-12 08:00,3.1,90,-0.1,0.00,0.00,1000.4,35,22.9,248
2024-03-12 09:00,5.3,84,2.0,0.00,0.00,1001.0,19,22.8,249
2024-03-12 10:00,7.8,76,4.7,0.00,0.00,1001.4,58,22.2,253
2024-03-12 11:00,9.2,73,5.8,0.00,0.00,1001.6,97,20.6,254
2024-03-12 12:00,10.4,70,6.9,0.00,0.00,1001.9,61,21.1,253
2024-03-12 13:00,11.4,65,7.8,0.00,0.00,1002.0,95,21.6,255
2024-03-12 14:00,11.1,65,7.6,0.00,0.00,1002.1,100,21.2,255
2024-03-12 15:00,10.9,64,7.5,0.00,0.00,1002.6,52,20.6,258
2024-03-12 16:00,11.4,62,7.8,0.00,0.00,1002.6,62,21.0,264
2024-03-12 17:00,11.2,61,7.9,0.00,0.00,1002.8,71,18.8,267
2024-03-12 18:00,10.7,65,7.8,0.00,0.00,1002.9,90,18.6,255
2024-03-12 19:00,9.1,74,6.5,0.00,0.00,1003.2,47,19.9,250
2024-03-12 20:00,7.4,84,4.7,0.00,0.00,1003.5,41,22.0,260
2024-03-12 21:00,6.3,89,3.6,0.00,0.00,1003.8,34,23.2,264
2024-03-12 22:00,5.8,90,3.2,0.00,0.00,1004.1,64,20.5,273
2024-03-12 23:00,5.2,92,2.8,0.00,0.00,1004.4,97,16.2,274
2024-03-13 00:00,5.1,93,2.9,0.00,0.00,1004.7,95,13.4,275
2024-03-13 01:00,4.8,94,2.6,0.00,0.00,1004.6,10,11.6,254
2024-03-13 02:00,2.8,97,0.0,0.00,0.00,1004.4,22,10.9,236
2024-03-13 03:00,3.2,97,0.8,0.00,0.00,1004.3,8,11.2,230
2024-03-13 04:00,2.2,98,-0.9,0.00,0.00,1004.2,3,12.0,224
2024-03-13 05:00,1.7,99,-1.5,0.00,0.00,1004.2,14,13.3,232
2024-03-13 06:00,1.5,99,-1.3,0.00,0.00,1004.2,24,13.8,227
2024-03-13 07:00,1.4,99,-1.4,0.00,0.00,1004.4,31,15.4,217
2024-03-13 08:00,1.9,98,-0.9,0.00,0.00,1004.8,52,16.9,232
2024-03-13 09:00,3.4,96,0.7,0.00,0.00,1005.2,59,17.8,234
2024-03-13 10:00,6.0,88,3.6,0.00,0.00,1005.3,14,10.7,225
2024-03-13 11:00,8.4,77,5.4,0.00,0.00,1005.2,56,16.4,218
2024-03-13 12:00,9.8,71,6.4,0.00,0.00,1005.3,97,20.0,203
2024-03-13 13:00,10.7,66,7.0,0.00,0.00,1005.1,100,22.6,211
2024-03-13 14:00,11.2,62,7.6,0.00,0.00,1004.7,100,21.5,220
2024-03-13 15:00,12.6,58,9.2,0.00,0.00,1004.3,100,18.8,223
2024-03-13 16:00,12.6,58,9.3,0.00,0.00,1004.0,100,19.4,235
2024-03-13 17:00,12.4,61,9.3,0.00,0.00,1003.9,100,19.2,240
2024-03-13 18:00,11.6,68,9.0,0.00,0.00,1004.1,100,18.2,252
2024-03-13 19:00,10.6,74,8.3,0.00,0.00,1004.0,87,18.5,237
2024-03-13 20:00,9.9,75,7.3,0.00,0.00,1004.1,100,21.6,237
2024-03-13 21:00,9.5,77,6.9,0.00,0.00,1004.4,100,21.9,240
2024-03-13 22:00,9.4,80,6.9,0.00,0.00,1004.4,100,20.1,237
2024-03-13 23:00,9.1,84,6.9,0.00,0.00,1004.3,100,18.6,234
2024-03-14 00:00,8.9,87,6.9,0.00,0.00,1004.4,100,17.7,241
2024-03-14 01:00,8.9,88,7.0,0.10,0.10,1004.3,100,18.3,248
2024-03-14 02:00,9.0,90,7.1,0.00,0.00,1004.2,100,17.7,253
2024-03-14 03:00,8.8,92,7.0,0.10,0.10,1004.3,100,15.9,257
2024-03-14 04:00,8.6,94,6.9,0.00,0.00,1003.9,100,15.6,255
2024-03-14 05:00,8.6,95,6.8,0.10,0.10,1003.8,100,16.4,251
2024-03-14 06:00,8.4,96,6.8,0.10,0.10,1003.6,100,15.5,245
2024-03-14 07:00,8.1,96,6.5,0.00,0.00,1003.4,85,15.1,237
2024-03-14 08:00,7.4,97,5.7,0.00,0.00,1003.4,100,16.1,228
2024-03-14 09:00,8.8,95,7.0,0.00,0.00,1003.6,99,17.8,223
2024-03-14 10:00,10.4,92,9.2,0.00,0.00,1003.9,100,17.3,227
2024-03-14 11:00,11.3,88,9.9,0.00,0.00,1004.0,99,12.8,220
2024-03-14 12:00,12.9,80,11.2,0.00,0.00,1003.7,75,14.6,220
2024-03-14 13:00,13.9,72,11.9,0.10,0.10,1003.3,100,16.3,223
2024-03-14 14:00,14.2,70,12.1,0.10,0.10,1002.9,100,16.5,224
2024-03-14 15:00,14.4,67,12.1,0.10,0.10,1002.8,98,17.9,220
2024-03-14 16:00,14.8,65,12.6,0.00,0.00,1002.2,100,16.5,224
2024-03-14 17:00,14.8,63,12.8,0.00,0.00,1001.6,100,15.3,219
2024-03-14 18:00,14.2,68,12.9,0.00,0.00,1001.1,99,12.5,213
2024-03-14 19:00,10.9,83,9.3,0.00,0.00,1000.8,100,10.3,205
2024-03-14 20:00,9.4,86,7.8,0.00,0.00,1000.6,57,9.7,180
2024-03-14 21:00,8.6,88,6.8,0.00,0.00,1000.5,100,15.1,162
2024-03-14 22:00,8.1,90,6.2,0.00,0.00,1000.4,46,18.2,172
2024-03-14 23:00,7.0,91,4.9,0.00,0.00,999.9,24,19.5,205
2024-03-15 00:00,7.1,90,4.7,0.00,0.00,999.8,93,22.4,206
2024-03-15 01:00,7.1,90,4.7,0.00,0.00,999.6,99,22.3,203
2024-03-15 02:00,7.2,90,4.8,0.00,0.00,999.1,100,22.1,196
2024-03-15 03:00,7.7,89,5.3,0.00,0.00,998.8,100,22.2,205
2024-03-15 04:00,7.7,89,5.4,0.00,0.00,998.4,100,21.4,207
2024-03-15 05:00,7.4,89,5.2,0.00,0.00,998.2,78,20.5,208
2024-03-15 06:00,7.3,90,5.0,0.00,0.00,998.0,77,20.6,209
2024-03-15 07:00,7.2,90,4.9,0.00,0.00,997.9,59,21.6,217
2024-03-15 08:00,7.5,91,5.1,0.00,0.00,997.9,66,23.5,221
2024-03-15 09:00,9.7,84,7.1,0.00,0.00,997.9,77,25.0,220
2024-03-15 10:00,11.4,81,9.1,0.00,0.00,997.8,100,30.8,225
2024-03-15 11:00,13.6,74,11.3,0.00,0.00,997.8,43,21.6,226
2024-03-15 12:00,15.6,67,13.0,0.00,0.00,997.7,37,23.3,232
2024-03-15 13:00,17.0,63,14.2,0.00,0.00,997.5,66,26.9,238
2024-03-15 14:00,16.6,62,13.2,0.50,0.50,997.4,91,31.9,242
2024-03-15 15:00,16.9,63,14.2,0.20,0.20,997.6,100,25.7,250
2024-03-15 16:00,15.2,73,13.1,1.00,1.00,997.8,93,25.1,254
2024-03-15 17:00,15.6,69,13.2,0.00,0.00,997.7,98,25.4,245
2024-03-15 18:00,14.4,74,12.4,0.00,0.00,997.7,99,23.8,245
2024-03-15 19:00,13.2,79,11.7,0.00,0.00,997.9,94,21.7,234
2024-03-15 20:00,12.1,82,10.3,0.00,0.00,998.4,100,23.9,236
2024-03-15 21:00,11.8,81,9.6,0.00,0.00,998.8,100,25.6,238
2024-03-15 22:00,11.4,82,9.3,0.00,0.00,998.9,95,23.8,231
2024-03-15 23:00,10.5,85,8.5,0.00,0.00,998.9,59,23.6,231
2024-03-16 00:00,9.8,89,7.8,0.00,0.00,999.2,29,23.5,234
2024-03-16 01:00,9.4,90,7.4,0.00,0.00,999.0,26,23.8,238
2024-03-16 02:00,9.1,90,7.0,0.00,0.00,999.1,81,23.7,237
2024-03-16 03:00,9.6,85,6.9,0.00,0.00,999.0,96,27.7,238
2024-03-16 04:00,10.1,81,7.2,0.00,0.00,999.2,5,27.0,239
2024-03-16 05:00,8.9,86,6.2,0.00,0.00,999.2,100,26.6,242
2024-03-16 06:00,8.6,86,5.6,0.00,0.00,999.5,79,28.6,239
2024-03-16 07:00,8.4,87,5.4,0.90,0.90,999.9,99,28.7,246
2024-03-16 08:00,8.4,89,5.8,1.90,1.90,1000.4,100,25.0,243
2024-03-16 09:00,9.2,89,6.4,0.10,0.10,1000.8,92,26.6,243
2024-03-16 10:00,10.4,85,7.5,0.00,0.00,1001.2,78,27.7,245
2024-03-16 11:00,11.9,76,8.2,0.00,0.00,1001.5,77,31.0,257
2024-03-16 12:00,12.4,74,9.3,0.00,0.00,1001.9,96,26.2,254
2024-03-16 13:00,13.6,67,9.8,0.00,0.00,1001.8,91,31.4,267
2024-03-16 14:00,10.9,81,7.2,2.90,2.90,1002.6,78,32.2,304
2024-03-16 15:00,10.3,75,5.9,0.10,0.10,1004.1,100,34.9,317
2024-03-16 16:00,10.1,67,5.3,0.00,0.00,1005.0,56,34.9,312
2024-03-16 17:00,10.1,60,4.9,0.00,0.00,1005.9,40,35.9,313
2024-03-16 18:00,9.2,59,4.2,0.00,0.00,1006.6,5,31.9,310
2024-03-16 19:00,8.2,60,4.0,0.00,0.00,1007.6,1,27.5,304
2024-03-16 20:00,7.5,62,3.4,0.00,0.00,1008.7,6,26.6,298
2024-03-16 21:00,6.5,66,2.7,0.00,0.00,1009.3,1,25.0,288
2024-03-16 22:00,5.4,71,1.9,0.00,0.00,1009.8,0,23.2,276
2024-03-16 23:00,4.7,77,1.1,0.00,0.00,1010.3,0,24.1,267
2024-03-17 00:00,4.2,78,0.6,0.00,0.00,1010.9,0,24.9,268
2024-03-17 01:00,3.8,80,0.2,0.00,0.00,1011.1,5,22.7,269
2024-03-17 02:00,3.2,84,-0.1,0.00,0.00,1011.6,11,19.8,273
2024-03-17 03:00,2.7,89,-0.5,0.00,0.00,1011.8,27,19.8,270
2024-03-17 04:00,2.7,89,-0.6,0.00,0.00,1011.9,51,19.7,278
2024-03-17 05:00,2.3,91,-0.8,0.00,0.00,1011.7,45,18.1,287
2024-03-17 06:00,1.8,93,-1.2,0.00,0.00,1011.7,95,16.3,298
2024-03-17 07:00,1.6,94,-1.2,0.00,0.00,1011.9,86,14.1,302
2024-03-17 08:00,2.6,90,-0.3,0.00,0.00,1012.5,78,12.8,302
2024-03-17 09:00,4.6,84,2.1,0.00,0.00,1012.8,100,10.9,297
2024-03-17 10:00,6.3,75,4.1,0.00,0.00,1012.7,90,5.4,318
2024-03-17 11:00,7.6,66,4.6,0.00,0.00,1012.4,100,10.7,315
2024-03-17 12:00,8.2,61,5.3,0.10,0.10,1012.4,100,8.7,300
2024-03-17 13:00,8.6,60,5.9,0.00,0.00,1012.2,100,7.8,292
2024-03-17 14:00,9.5,56,7.0,0.00,0.00,1011.8,91,5.2,282
2024-03-17 15:00,10.3,54,7.4,0.00,0.00,1011.3,87,9.3,283
2024-03-17 16:00,10.6,51,7.8,0.00,0.00,1011.0,68,8.1,291
2024-03-17 17:00,10.6,50,7.7,0.00,0.00,1010.8,99,7.9,294
2024-03-17 18:00,10.2,55,8.0,0.00,0.00,1010.2,31,4.2,329
2024-03-17 19:00,7.6,64,4.8,0.00,0.00,1010.0,100,14.5,46
2024-03-17 20:00,5.8,68,2.4,0.00,0.00,1010.3,100,21.5,59
2024-03-17 21:00,4.6,73,1.4,0.00,0.00,1010.2,100,18.9,81
2024-03-17 22:00,3.9,76,0.8,0.00,0.00,1010.2,100,19.9,86
2024-03-17 23:00,2.7,82,-0.5,0.00,0.00,1010.1,100,18.0,92
2024-03-18 00:00,2.2,84,-1.0,0.00,0.00,1009.9,100,17.7,102
2024-03-18 01:00,1.8,86,-1.4,0.00,0.00,1009.9,100,16.3,104
2024-03-18 02:00,1.6,85,-1.5,0.00,0.00,1009.9,100,17.6,101
2024-03-18 03:00,2.5,79,-1.3,0.00,0.00,1009.4,100,21.3,95
2024-03-18 04:00,1.7,82,-2.2,0.00,0.00,1008.9,92,22.6,98
2024-03-18 05:00,1.1,85,-2.6,0.00,0.00,1008.4,100,21.0,102
2024-03-18 06:00,0.9,86,-2.7,0.00,0.00,1008.2,78,18.9,104
2024-03-18 07:00,0.5,87,-2.9,0.00,0.00,1008.3,60,16.3,104
2024-03-18 08:00,0.2,90,-3.4,0.00,0.00,1007.9,87,18.4,102
2024-03-18 09:00,1.5,84,-2.1,0.00,0.00,1007.8,100,17.1,97
2024-03-18 10:00,3.3,79,-0.1,0.00,0.00,1007.6,100,13.3,92
2024-03-18 11:00,5.5,71,2.0,0.00,0.00,1007.2,100,14.5,96
2024-03-18 12:00,7.3,63,3.8,0.00,0.00,1006.9,99,14.5,97
2024-03-18 13:00,8.6,58,5.3,0.00,0.00,1006.3,99,12.6,95
2024-03-18 14:00,9.4,52,6.3,0.00,0.00,1006.1,94,11.9,87
2024-03-18 15:00,9.4,50,5.9,0.00,0.00,1006.2,100,12.1,78
2024-03-18 16:00,9.3,49,5.6,0.00,0.00,1005.8,100,13.1,82
2024-03-18 17:00,8.9,50,5.5,0.00,0.00,1005.8,100,11.3,83
2024-03-18 18:00,8.4,53,5.0,0.00,0.00,1005.9,100,11.9,76
2024-03-18 19:00,6.8,61,3.6,0.00,0.00,1006.2,100,15.7,79
2024-03-18 20:00,5.2,66,1.5,0.00,0.00,1006.9,100,21.7,83
2024-03-18 21:00,4.1,67,0.3,0.00,0.00,1007.3,86,22.0,91
2024-03-18 22:00,3.2,69,-0.5,0.00,0.00,1007.8,77,20.3,97
2024-03-18 23:00,2.6,72,-0.9,0.00,0.00,1008.0,100,19.1,101
2024-03-19 00:00,3.2,69,-0.3,0.00,0.00,1008.2,100,16.0,104
2024-03-19 01:00,3.0,70,-0.2,0.00,0.00,1008.4,98,13.6,102
2024-03-19 02:00,2.8,71,-0.6,0.00,0.00,1008.5,98,14.0,102
2024-03-19 03:00,2.3,73,-1.3,0.00,0.00,1008.6,100,14.0,102
2024-03-19 04:00,1.9,75,-1.6,0.00,0.00,1008.7,99,12.0,99
2024-03-19 05:00,1.5,76,-1.9,0.00,0.00,1008.7,99,11.3,97
2024-03-19 06:00,1.2,77,-2.3,0.00,0.00,1008.8,86,11.6,95
2024-03-19 07:00,0.8,79,-2.9,0.00,0.00,1009.0,52,14.8,108
2024-03-19 08:00,0.5,81,-3.1,0.00,0.00,1009.2,40,15.9,115
2024-03-19 09:00,1.5,78,-1.9,0.00,0.00,1009.6,73,10.0,120
2024-03-19 10:00,3.2,73,0.0,0.00,0.00,1009.6,96,9.2,116
2024-03-19 11:00,5.3,66,2.1,0.00,0.00,1009.8,98,9.8,114
2024-03-19 12:00,7.2,58,4.2,0.00,0.00,1009.9,62,7.4,119
2024-03-19 13:00,8.8,52,5.9,0.00,0.00,1009.8,85,7.9,114
2024-03-19 14:00,10.0,50,7.4,0.00,0.00,1009.4,100,7.6,115
2024-03-19 15:00,10.8,48,7.8,0.00,0.00,1009.1,100,7.4,113
2024-03-19 16:00,11.1,49,8.0,0.00,0.00,1008.8,100,9.0,119
2024-03-19 17:00,11.0,50,7.8,0.00,0.00,1008.7,100,11.1,126
2024-03-19 18:00,10.2,54,7.2,0.00,0.00,1008.4,100,14.4,127
2024-03-19 19:00,7.8,68,5.2,0.00,0.00,1008.6,100,14.0,119
2024-03-19 20:00,6.2,71,3.1,0.00,0.00,1009.2,100,12.6,110
2024-03-19 21:00,6.4,65,3.4,0.00,0.00,1009.4,97,14.3,108
2024-03-19 22:00,4.6,77,1.5,0.00,0.00,1009.4,0,14.3,118
2024-03-19 23:00,3.3,82,0.0,0.00,0.00,1009.2,1,14.8,141
2024-03-20 00:00,3.2,81,0.2,0.00,0.00,1009.1,48,17.3,159
2024-03-20 01:00,2.5,84,-0.9,0.00,0.00,1009.0,79,17.0,175
2024-03-20 02:00,2.1,85,-1.3,0.00,0.00,1008.5,10,16.3,185
2024-03-20 03:00,2.1,87,-1.3,0.00,0.00,1008.3,59,13.1,189
2024-03-20 04:00,2.0,87,-1.5,0.00,0.00,1008.0,96,12.2,199
2024-03-20 05:00,1.6,89,-1.5,0.00,0.00,1007.9,94,10.0,195
2024-03-20 06:00,1.4,92,-1.5,0.00,0.00,1007.9,100,10.4,194
2024-03-20 07:00,1.3,93,-1.6,0.00,0.00,1008.1,98,11.3,207
2024-03-20 08:00,2.3,91,-0.5,0.00,0.00,1008.3,99,12.0,224
2024-03-20 09:00,5.2,80,2.5,0.00,0.00,1008.4,100,12.8,232
2024-03-20 10:00,7.9,75,5.8,0.00,0.00,1008.7,100,13.6,230
2024-03-20 11:00,10.4,70,8.5,0.00,0.00,1008.9,100,8.9,220
2024-03-20 12:00,12.8,66,11.1,0.00,0.00,1008.8,100,7.3,213
2024-03-20 13:00,14.6,61,13.0,0.00,0.00,1008.3,99,7.4,203
2024-03-20 14:00,15.6,54,13.9,0.00,0.00,1008.0,98,9.0,209
2024-03-20 15:00,16.3,47,14.2,0.00,0.00,1008.1,100,9.7,231
2024-03-20 16:00,16.4,47,14.1,0.00,0.00,1007.7,100,9.7,239
2024-03-20 17:00,16.0,50,14.0,0.00,0.00,1007.4,100,9.9,226
2024-03-20 18:00,14.8,61,13.3,0.00,0.00,1007.1,100,12.5,219
2024-03-20 19:00,11.9,74,10.0,0.00,0.00,1007.2,100,13.4,243
2024-03-20 20:00,10.6,70,8.4,0.00,0.00,1007.3,97,10.1,266
2024-03-20 21:00,8.3,81,6.0,0.00,0.00,1007.1,97,7.7,229
2024-03-20 22:00,7.9,83,5.7,0.00,0.00,1007.4,100,13.7,185
2024-03-20 23:00,8.2,81,5.9,0.00,0.00,1007.4,100,19.8,170
2024-03-21 00:00,7.6,84,5.2,0.00,0.00,1007.5,100,19.5,185
2024-03-21 01:00,7.2,86,4.8,0.00,0.00,1007.3,93,19.1,202
2024-03-21 02:00,6.1,89,3.8,0.00,0.00,1007.1,73,16.2,212
2024-03-21 03:00,6.2,90,4.0,0.00,0.00,1006.5,79,16.7,237
2024-03-21 04:00,6.2,89,4.0,0.00,0.00,1006.0,92,17.9,242
2024-03-21 05:00,6.6,88,4.0,0.00,0.00,1005.9,100,20.6,245
2024-03-21 06:00,7.2,85,4.7,0.00,0.00,1005.8,100,22.2,241
2024-03-21 07:00,7.6,85,5.0,0.00,0.00,1006.0,100,22.8,249
2024-03-21 08:00,8.2,83,5.8,0.00,0.00,1005.8,100,21.7,251
2024-03-21 09:00,9.4,80,7.3,0.00,0.00,1006.2,100,17.7,276
2024-03-21 10:00,10.5,79,8.8,0.10,0.10,1006.4,100,16.3,295
2024-03-21 11:00,12.1,78,10.6,0.00,0.00,1007.2,100,11.4,288
2024-03-21 12:00,12.6,81,11.9,0.70,0.70,1007.1,70,4.3,228
2024-03-21 13:00,13.9,75,12.2,0.20,0.20,1007.2,50,14.0,269
2024-03-21 14:00,14.9,70,13.2,0.10,0.10,1007.3,100,14.4,266
2024-03-21 15:00,13.4,78,11.9,2.50,2.50,1008.2,100,13.7,300
2024-03-21 16:00,11.5,71,7.4,0.10,0.10,1008.9,100,32.5,321
2024-03-21 17:00,10.6,72,6.5,0.00,0.00,1009.4,100,31.4,319
2024-03-21 18:00,9.9,74,6.1,0.00,0.00,1009.8,100,27.5,314
2024-03-21 19:00,9.6,74,6.3,0.00,0.00,1010.3,100,25.5,313
2024-03-21 20:00,9.4,76,6.6,0.00,0.00,1010.8,100,20.6,306
2024-03-21 21:00,9.4,76,6.5,0.00,0.00,1011.0,100,20.6,297
2024-03-21 22:00,9.1,76,6.2,0.00,0.00,1011.3,100,20.8,300
2024-03-21 23:00,7.6,82,5.2,0.00,0.00,1011.4,100,17.6,298
2024-03-22 00:00,6.6,87,4.4,0.00,0.00,1011.4,100,14.4,274
2024-03-22 01:00,5.3,92,3.0,0.00,0.00,1010.7,100,14.3,245
2024-03-22 02:00,5.6,91,3.0,0.00,0.00,1010.1,100,19.9,235
2024-03-22 03:00,4.9,91,2.1,0.00,0.00,1009.8,100,21.9,229
2024-03-22 04:00,6.6,83,3.6,0.00,0.00,1009.1,100,22.5,230
2024-03-22 05:00,6.9,82,4.0,0.00,0.00,1008.6,100,21.5,239
2024-03-22 06:00,6.9,81,3.9,0.00,0.00,1007.7,100,23.2,240
2024-03-22 07:00,7.4,79,4.3,0.00,0.00,1007.3,100,24.7,239
2024-03-22 08:00,7.7,80,4.4,0.00,0.00,1006.9,100,26.6,243
2024-03-22 09:00,8.7,79,5.8,0.00,0.00,1006.1,100,27.8,239
2024-03-22 10:00,10.4,75,7.4,0.00,0.00,1005.8,100,21.9,240
2024-03-22 11:00,11.0,74,7.8,0.00,0.00,1005.6,100,24.0,240
2024-03-22 12:00,11.9,71,8.8,0.00,0.00,1004.9,100,24.9,233
2024-03-22 13:00,13.2,67,9.9,0.00,0.00,1003.9,100,27.3,229
2024-03-22 14:00,14.6,64,11.4,0.00,0.00,1002.9,100,26.1,235
2024-03-22 15:00,14.4,68,11.1,0.00,0.00,1002.5,100,29.7,241
2024-03-22 16:00,14.1,72,11.3,0.20,0.20,1001.6,100,28.8,229
2024-03-22 17:00,13.2,80,10.9,1.20,1.20,1000.9,100,28.3,220
2024-03-22 18:00,13.4,76,11.2,0.00,0.00,1000.4,100,25.0,240
2024-03-22 19:00,12.4,84,10.9,0.50,0.50,1000.2,100,21.6,252
2024-03-22 20:00,11.5,89,10.4,0.50,0.50,999.8,99,18.2,245
2024-03-22 21:00,11.1,88,9.8,0.00,0.00,999.4,100,20.0,252
2024-03-22 22:00,10.6,89,9.2,0.00,0.00,998.8,82,19.1,258
2024-03-22 23:00,8.9,93,7.4,0.00,0.00,998.5,60,17.7,283
2024-03-23 00:00,6.9,96,4.9,0.00,0.00,998.0,94,13.9,307
2024-03-23 01:00,7.2,97,5.5,0.00,0.00,998.0,53,12.0,309
2024-03-23 02:00,7.6,97,6.1,0.10,0.10,997.6,100,14.8,321
2024-03-23 03:00,7.2,97,5.3,0.00,0.00,996.7,100,11.8,340
2024-03-23 04:00,7.9,97,6.4,0.50,0.50,996.0,100,13.4,355
2024-03-23 05:00,7.8,98,6.7,0.00,0.00,995.1,100,10.0,26
2024-03-23 06:00,7.8,99,6.3,0.00,0.00,994.1,100,10.7,48
2024-03-23 07:00,7.7,99,6.1,0.10,0.10,993.2,100,12.2,47
2024-03-23 08:00,7.6,97,5.6,0.50,0.50,992.3,100,14.4,37
2024-03-23 09:00,7.2,95,4.1,1.40,1.40,991.7,100,24.8,360
2024-03-23 10:00,4.8,95,0.2,3.00,3.00,992.0,100,34.7,341
2024-03-23 11:00,4.4,95,0.7,2.90,2.90,993.2,100,24.5,319
2024-03-23 12:00,4.4,95,0.4,2.30,2.30,994.3,100,24.9,301
2024-03-23 13:00,5.3,87,1.5,0.50,0.50,994.9,100,22.5,290
2024-03-23 14:00,6.6,74,2.9,0.00,0.00,995.3,26,19.6,263
2024-03-23 15:00,8.6,65,3.6,0.00,0.00,995.1,74,31.7,262
2024-03-23 16:00,9.1,60,4.1,0.00,0.00,995.1,51,30.9,259
2024-03-23 17:00,9.3,56,4.1,0.00,0.00,994.9,99,33.2,255
2024-03-23 18:00,7.8,58,2.4,0.10,0.10,994.6,7,36.3,263
2024-03-23 19:00,6.4,69,1.9,0.00,0.00,994.5,11,29.1,261
2024-03-23 20:00,5.3,72,1.0,0.00,0.00,994.9,11,29.1,262
2024-03-23 21:00,4.8,76,0.8,0.00,0.00,995.1,1,26.0,253
2024-03-23 22:00,4.3,75,0.1,0.00,0.00,995.0,0,27.8,257
2024-03-23 23:00,3.6,77,-0.5,0.00,0.00,994.9,12,27.7,244
2024-03-24 00:00,3.3,79,-1.2,0.00,0.00,994.7,7,30.6,245
2024-03-24 01:00,3.0,80,-1.3,0.00,0.00,994.4,2,28.7,242
2024-03-24 02:00,2.7,80,-1.7,0.00,0.00,994.1,1,28.5,244
2024-03-24 03:00,2.5,82,-2.3,0.00,0.00,993.8,0,32.1,240
2024-03-24 04:00,2.2,84,-2.5,0.00,0.00,993.1,25,31.1,242
2024-03-24 05:00,2.0,84,-2.6,0.00,0.00,992.5,89,31.0,239
2024-03-24 06:00,2.0,86,-2.6,0.00,0.00,991.9,96,31.3,235
2024-03-24 07:00,2.2,85,-2.7,0.00,0.00,991.6,100,33.9,237
2024-03-24 08:00,3.2,80,-1.8,0.00,0.00,991.6,100,33.2,236
2024-03-24 09:00,4.2,76,-1.2,0.00,0.00,991.2,97,34.8,230
2024-03-24 10:00,5.5,67,-0.4,0.00,0.00,990.9,100,37.8,239
2024-03-24 11:00,4.8,72,-0.7,0.00,0.00,990.6,100,35.8,230
2024-03-24 12:00,5.6,73,-0.1,0.30,0.30,990.5,100,36.9,238
2024-03-24 13:00,5.5,79,0.8,0.90,0.80,990.2,100,30.8,235
2024-03-24 14:00,6.1,75,1.0,0.10,0.10,989.7,100,34.5,247
2024-03-24 15:00,8.3,66,3.0,0.00,0.00,989.4,99,35.1,249
2024-03-24 16:00,7.9,65,2.8,1.80,1.30,989.1,85,33.0,254
2024-03-24 17:00,7.8,65,2.4,0.10,0.10,988.8,99,35.9,244
2024-03-24 18:00,6.6,73,1.5,1.30,1.20,988.7,100,35.5,247
2024-03-24 19:00,5.4,78,0.3,0.50,0.50,988.2,100,38.4,241
2024-03-24 20:00,5.0,83,0.2,0.60,0.60,988.2,100,35.3,238
2024-03-24 21:00,5.1,83,0.0,0.50,0.50,987.8,100,38.2,242
2024-03-24 22:00,5.2,84,-0.1,0.30,0.30,987.8,97,40.7,253
2024-03-24 23:00,4.7,87,-0.7,5.50,3.10,987.6,99,42.3,261
2024-03-25 00:00,5.2,85,-0.1,0.10,0.10,988.1,100,41.5,266
2024-03-25 01:00,5.2,84,0.2,0.20,0.20,988.7,100,38.6,274
2024-03-25 02:00,5.1,85,0.2,0.40,0.40,989.2,94,36.5,275
2024-03-25 03:00,4.2,90,-0.1,1.70,1.30,989.9,76,30.7,275
2024-03-25 04:00,4.4,87,-0.1,0.10,0.10,990.3,85,33.1,279
2024-03-25 05:00,4.3,87,0.0,0.00,0.00,990.9,100,30.7,279
2024-03-25 06:00,4.4,86,0.3,0.00,0.00,991.7,83,29.1,282
2024-03-25 07:00,4.2,87,0.1,0.00,0.00,992.5,100,28.0,278
2024-03-25 08:00,4.6,86,0.6,0.00,0.00,993.3,100,25.8,278
2024-03-25 09:00,5.1,84,1.2,0.00,0.00,994.0,53,24.0,278
2024-03-25 10:00,6.1,77,1.5,0.10,0.10,994.5,59,28.2,295
2024-03-25 11:00,6.9,71,2.6,0.20,0.20,994.7,46,25.3,287
2024-03-25 12:00,7.4,68,3.1,0.10,0.10,995.0,60,24.2,285
2024-03-25 13:00,7.8,66,3.7,0.30,0.30,995.0,45,22.9,277
2024-03-25 14:00,8.5,62,4.3,0.20,0.20,994.9,55,22.0,271
2024-03-25 15:00,9.4,54,5.1,0.10,0.10,994.6,35,21.6,271
2024-03-25 16:00,9.6,49,5.3,0.00,0.00,994.5,47,19.8,267
2024-03-25 17:00,9.1,51,5.3,0.00,0.00,994.2,63,16.3,262
2024-03-25 18:00,8.9,52,5.5,0.00,0.00,993.8,56,12.7,255
2024-03-25 19:00,7.5,64,4.9,0.00,0.00,993.6,98,11.6,234
2024-03-25 20:00,5.3,71,2.4,0.00,0.00,993.5,100,12.0,221
2024-03-25 21:00,4.2,77,1.3,0.00,0.00,993.5,100,13.4,194
2024-03-25 22:00,3.0,83,-0.1,0.00,0.00,993.1,28,14.4,177
2024-03-25 23:00,2.9,77,-0.3,0.00,0.00,993.0,0,9.3,152
2024-03-26 00:00,1.1,85,-2.5,0.00,0.00,993.1,0,17.1,134
2024-03-26 01:00,0.3,86,-3.5,0.00,0.00,992.7,0,18.3,135
2024-03-26 02:00,0.4,87,-2.9,0.00,0.00,992.3,53,20.4,126
2024-03-26 03:00,0.9,86,-2.6,0.00,0.00,991.6,5,22.4,118
2024-03-26 04:00,0.6,89,-2.8,0.00,0.00,991.3,57,22.0,130
2024-03-26 05:00,0.3,91,-3.2,0.00,0.00,990.8,85,21.1,134
2024-03-26 06:00,-0.3,91,-3.8,0.00,0.00,990.2,98,20.2,129
2024-03-26 07:00,0.0,89,-3.6,0.00,0.00,989.7,100,22.6,121
2024-03-26 08:00,1.5,84,-2.4,0.00,0.00,989.2,100,23.6,111
2024-03-26 09:00,3.7,78,0.1,0.00,0.00,989.0,100,26.3,112
2024-03-26 10:00,5.8,71,2.2,0.00,0.00,988.4,100,16.4,109
2024-03-26 11:00,7.8,64,4.3,0.00,0.00,987.7,94,15.3,120
2024-03-26 12:00,9.6,60,6.6,0.00,0.00,987.1,33,12.0,123
2024-03-26 13:00,11.2,56,8.6,0.00,0.00,986.2,40,14.3,115
2024-03-26 14:00,12.3,56,9.8,0.00,0.00,985.2,90,16.0,113
2024-03-26 15:00,12.8,54,9.8,0.00,0.00,984.9,15,17.1,115
2024-03-26 16:00,13.2,53,9.8,0.00,0.00,983.9,50,19.0,109
2024-03-26 17:00,13.2,53,9.6,0.00,0.00,982.8,100,21.4,107
2024-03-26 18:00,12.4,58,9.3,0.00,0.00,982.2,100,22.0,108
2024-03-26 19:00,11.0,63,8.1,0.00,0.00,981.4,35,23.1,104
2024-03-26 20:00,9.1,67,5.7,0.00,0.00,981.1,96,27.8,124
2024-03-26 21:00,8.1,68,4.8,0.00,0.00,980.7,99,26.5,132
2024-03-26 22:00,7.7,71,4.6,0.00,0.00,980.3,99,23.7,131
2024-03-26 23:00,7.0,75,4.2,0.00,0.00,980.3,85,21.7,144
2024-03-27 00:00,5.5,83,2.9,0.00,0.00,979.5,3,16.5,126
2024-03-27 01:00,3.7,87,0.4,0.00,0.00,979.0,0,16.5,136
2024-03-27 02:00,3.0,89,-0.5,0.00,0.00,978.6,19,14.8,146
2024-03-27 03:00,3.0,88,0.0,0.00,0.00,978.3,99,9.3,152
2024-03-27 04:00,2.6,91,-0.3,0.00,0.00,978.0,84,14.7,144
2024-03-27 05:00,2.3,92,-0.6,0.00,0.00,977.7,43,18.1,159
2024-03-27 06:00,2.0,91,-1.0,0.00,0.00,976.6,100,19.1,144
2024-03-27 07:00,2.8,89,-0.2,0.00,0.00,976.2,46,21.2,148
2024-03-27 08:00,4.0,85,0.8,0.00,0.00,976.3,94,20.4,154
2024-03-27 09:00,6.3,81,3.8,0.00,0.00,976.7,1,16.9,169
2024-03-27 10:00,9.3,73,7.1,0.00,0.00,976.6,83,15.6,161
2024-03-27 11:00,11.9,64,9.9,0.00,0.00,976.1,97,9.3,152
2024-03-27 12:00,14.1,58,12.3,0.00,0.00,975.8,97,7.9,129
2024-03-27 13:00,15.9,54,14.4,0.00,0.00,975.2,100,9.5,101
2024-03-27 14:00,17.1,52,15.7,0.00,0.00,974.7,100,10.5,86
2024-03-27 15:00,17.5,52,15.5,0.00,0.00,974.7,100,14.9,97
2024-03-27 16:00,17.4,55,15.2,0.00,0.00,974.5,100,16.7,96
2024-03-27 17:00,16.8,59,15.2,0.00,0.00,974.6,100,15.5,91
2024-03-27 18:00,15.4,64,13.7,0.00,0.00,974.2,100,20.8,81
2024-03-27 19:00,14.3,67,12.5,0.00,0.00,974.1,100,22.3,99
2024-03-27 20:00,13.2,70,11.4,0.00,0.00,973.8,100,20.7,110
2024-03-27 21:00,12.1,74,10.4,0.00,0.00,973.8,78,18.5,117
2024-03-27 22:00,10.7,80,9.0,0.00,0.00,973.6,97,17.6,131
2024-03-27 23:00,8.8,88,6.9,0.00,0.00,973.2,100,15.5,179
2024-03-28 00:00,10.2,82,9.2,0.00,0.00,972.7,100,4.6,219
2024-03-28 01:00,8.6,91,6.4,0.00,0.00,972.6,99,21.8,329
2024-03-28 02:00,8.4,92,6.0,0.00,0.00,972.8,100,24.5,313
2024-03-28 03:00,7.8,92,5.3,0.00,0.00,973.0,100,22.5,277
2024-03-28 04:00,8.9,89,5.5,0.20,0.20,973.4,100,32.1,247
2024-03-28 05:00,7.2,90,1.5,1.20,1.20,974.1,100,50.8,254
2024-03-28 06:00,6.4,88,1.5,0.20,0.20,974.8,100,40.5,252
2024-03-28 07:00,5.8,89,1.2,0.40,0.40,975.2,100,36.5,248
2024-03-28 08:00,6.1,89,2.3,0.10,0.10,975.8,100,28.9,247
2024-03-28 09:00,7.0,86,3.7,0.00,0.00,976.5,39,22.3,231
2024-03-28 10:00,8.6,76,4.3,0.00,0.00,977.0,36,30.8,225
2024-03-28 11:00,10.2,69,6.7,0.00,0.00,976.9,1,22.3,211
2024-03-28 12:00,12.1,61,8.5,0.00,0.00,976.7,0,24.3,204
2024-03-28 13:00,13.8,49,9.1,0.00,0.00,977.0,100,35.4,215
2024-03-28 14:00,13.1,48,6.9,0.00,0.00,977.9,100,45.4,222
2024-03-28 15:00,10.1,69,5.2,0.30,0.30,978.7,99,39.3,215
2024-03-28 16:00,10.6,66,5.6,0.00,0.00,979.5,100,37.0,215
2024-03-28 17:00,10.7,60,5.2,0.00,0.00,980.2,93,41.3,229
2024-03-28 18:00,10.7,63,5.2,0.00,0.00,980.9,46,42.5,236
2024-03-28 19:00,9.5,64,5.2,0.00,0.00,981.7,40,31.3,225
2024-03-28 20:00,8.8,61,4.8,0.00,0.00,982.6,5,28.2,232
2024-03-28 21:00,7.8,62,4.4,0.00,0.00,983.8,100,23.8,231
2024-03-28 22:00,8.0,56,3.9,0.00,0.00,984.6,100,26.9,231
2024-03-28 23:00,8.0,59,4.0,0.00,0.00,985.4,100,25.3,237
2024-03-29 00:00,7.4,64,3.6,0.00,0.00,986.3,76,24.8,221
2024-03-29 01:00,7.2,66,2.8,0.00,0.00,987.3,81,31.0,218
2024-03-29 02:00,7.3,66,2.8,0.00,0.00,987.8,7,32.9,223
2024-03-29 03:00,6.6,69,3.3,0.00,0.00,987.8,0,20.5,208
2024-03-29 04:00,5.2,75,1.5,0.00,0.00,987.7,79,23.8,177
2024-03-29 05:00,5.2,74,1.3,0.00,0.00,988.4,100,28.1,193
2024-03-29 06:00,5.1,73,1.7,0.00,0.00,987.6,100,22.7,178
2024-03-29 07:00,5.6,68,1.9,0.00,0.00,987.6,100,24.7,172
2024-03-29 08:00,7.4,60,3.3,0.10,0.10,987.9,100,28.0,192
2024-03-29 09:00,8.6,62,4.6,0.10,0.10,988.1,100,28.9,197
2024-03-29 10:00,9.4,65,5.7,0.10,0.10,987.9,100,27.7,181
2024-03-29 11:00,9.8,64,6.0,0.10,0.10,988.1,100,28.0,187
2024-03-29 12:00,12.1,59,8.8,0.00,0.00,987.7,100,21.7,185
2024-03-29 13:00,13.5,55,9.8,0.00,0.00,987.7,100,24.7,193
2024-03-29 14:00,13.6,61,9.4,0.50,0.50,988.0,100,33.1,197
2024-03-29 15:00,13.9,63,9.7,0.00,0.00,987.4,100,35.2,200
2024-03-29 16:00,13.5,67,10.6,0.00,0.00,987.3,100,23.2,199
2024-03-29 17:00,13.7,69,10.8,0.20,0.20,987.9,100,24.7,209
2024-03-29 18:00,12.2,82,9.9,1.10,1.10,987.7,100,27.6,209
2024-03-29 19:00,11.9,86,10.1,0.50,0.50,987.8,99,24.0,188
2024-03-29 20:00,10.6,89,9.3,0.00,0.00,988.1,84,20.2,185
2024-03-29 21:00,10.6,89,9.5,0.00,0.00,988.7,99,17.1,188
2024-03-29 22:00,8.8,91,6.7,0.00,0.00,988.6,100,14.9,195
2024-03-29 23:00,11.0,83,9.9,0.00,0.00,988.7,99,8.9,220
2024-03-30 00:00,10.8,83,9.8,0.00,0.00,988.9,100,6.4,227
2024-03-30 01:00,8.2,92,6.4,0.00,0.00,988.5,100,9.7,158
2024-03-30 02:00,7.5,93,5.4,0.00,0.00,988.4,100,8.9,137
2024-03-30 03:00,7.6,93,5.9,0.00,0.00,988.4,100,10.8,154
2024-03-30 04:00,7.8,93,5.8,0.00,0.00,988.3,100,16.6,150
2024-03-30 05:00,6.2,96,3.8,0.00,0.00,988.1,100,13.8,152
2024-03-30 06:00,6.9,93,4.8,0.00,0.00,987.7,100,19.6,139
2024-03-30 07:00,6.3,94,4.3,0.00,0.00,987.6,91,17.5,161
2024-03-30 08:00,7.4,89,5.6,0.00,0.00,987.5,14,14.9,173
2024-03-30 09:00,10.2,82,8.5,0.00,0.00,987.6,18,16.2,167
2024-03-30 10:00,13.4,73,11.8,0.00,0.00,988.1,66,21.2,159
2024-03-30 11:00,16.5,59,14.1,0.00,0.00,988.3,45,19.6,160
2024-03-30 12:00,18.8,50,16.8,0.00,0.00,987.9,42,16.3,175
2024-03-30 13:00,20.5,48,19.5,0.00,0.00,987.3,29,13.5,189
2024-03-30 14:00,21.5,48,21.1,0.00,0.00,986.9,6,12.2,182
2024-03-30 15:00,22.1,47,22.1,0.00,0.00,986.6,6,6.8,155
2024-03-30 16:00,22.6,45,22.0,0.00,0.00,986.0,37,6.4,137
2024-03-30 17:00,21.5,50,20.8,0.00,0.00,986.0,93,10.3,126
2024-03-30 18:00,20.0,68,20.7,0.00,0.00,985.5,85,8.8,71
2024-03-30 19:00,17.6,70,17.3,0.00,0.00,985.2,100,13.7,63
2024-03-30 20:00,14.4,78,13.4,0.00,0.00,985.0,100,15.8,73
2024-03-30 21:00,14.4,77,13.4,0.00,0.00,985.3,100,22.9,114
2024-03-30 22:00,13.4,75,11.9,0.00,0.00,985.8,100,21.4,155
2024-03-30 23:00,12.4,74,10.8,0.00,0.00,985.9,33,20.9,151
2024-03-31 00:00,10.9,79,9.0,0.00,0.00,986.1,50,20.0,187
2024-03-31 01:00,9.1,84,7.2,0.00,0.00,986.3,90,10.0,296
2024-03-31 02:00,9.2,87,7.1,0.00,0.00,986.3,1,18.1,339
2024-03-31 03:00,10.9,86,9.0,0.00,0.00,986.8,90,26.1,334
2024-03-31 04:00,10.4,88,8.1,0.00,0.00,986.8,100,28.2,335
2024-03-31 05:00,9.4,90,7.9,0.00,0.00,986.9,100,20.1,333
2024-03-31 06:00,7.4,93,5.0,0.00,0.00,987.3,34,15.4,327
2024-03-31 07:00,8.1,92,6.2,0.00,0.00,987.6,100,18.1,325
2024-03-31 08:00,9.4,88,7.3,0.00,0.00,987.4,99,20.2,321
2024-03-31 09:00,11.1,82,9.6,0.10,0.10,987.7,100,17.3,324
2024-03-31 10:00,11.6,82,10.1,0.40,0.40,987.6,31,12.1,330
2024-03-31 11:00,13.4,77,12.3,0.00,0.00,988.1,6,8.8,289
2024-03-31 12:00,14.9,71,13.8,0.00,0.00,987.8,100,11.5,319
2024-03-31 13:00,16.6,65,16.3,0.00,0.00,986.9,100,7.9,336
2024-03-31 14:00,17.1,61,16.5,0.00,0.00,986.7,100,4.1,285
2024-03-31 15:00,17.5,64,17.5,0.00,0.00,987.0,100,3.7,259
2024-03-31 16:00,17.4,64,16.9,0.00,0.00,986.8,100,5.4,290
2024-03-31 17:00,17.5,64,17.1,0.00,0.00,986.2,100,4.0,5
2024-03-31 18:00,17.0,67,16.4,0.00,0.00,985.7,99,9.5,9
2024-03-31 19:00,14.6,84,14.2,0.00,0.00,985.5,94,9.4,40
2024-03-31 20:00,12.7,85,11.9,0.00,0.00,985.4,100,12.0,39
2024-03-31 21:00,11.6,89,10.7,0.00,0.00,985.8,100,14.3,51
2024-03-31 22:00,12.1,88,11.1,0.00,0.00,985.7,100,17.1,60
2024-03-31 23:00,11.4,89,10.3,0.00,0.00,986.2,100,5.8,248
2024-04-01 00:00,11.6,89,10.2,0.10,0.10,985.7,31,17.6,359
2024-04-01 01:00,8.6,97,7.1,0.00,0.00,985.6,95,10.8,360
2024-04-01 02:00,8.2,98,6.6,0.00,0.00,984.6,100,11.9,25
2024-04-01 03:00,7.5,96,5.4,0.00,0.00,984.1,100,13.3,109
2024-04-01 04:00,8.5,96,7.1,0.00,0.00,983.1,100,13.8,96
2024-04-01 05:00,7.1,98,5.1,0.00,0.00,982.7,100,13.0,109
2024-04-01 06:00,7.8,96,6.2,0.00,0.00,982.0,100,14.5,96
2024-04-01 07:00,7.9,94,6.1,0.00,0.00,981.6,100,18.7,113
2024-04-01 08:00,9.1,87,7.4,0.00,0.00,981.6,100,16.3,139
2024-04-01 09:00,9.9,84,9.1,0.00,0.00,980.9,100,6.6,119
2024-04-01 10:00,11.4,80,10.5,0.00,0.00,980.3,100,9.4,92
2024-04-01 11:00,12.8,77,12.3,0.00,0.00,980.0,100,1.8,11
2024-04-01 12:00,13.6,77,12.7,1.70,1.70,981.0,99,8.0,262
2024-04-01 13:00,13.9,79,13.3,0.60,0.60,980.4,65,6.8,335
2024-04-01 14:00,15.8,71,14.6,0.00,0.00,980.4,94,12.7,227
2024-04-01 15:00,14.5,73,11.0,2.00,2.00,982.3,96,34.8,237
2024-04-01 16:00,13.2,78,9.3,0.40,0.40,983.5,81,40.8,251
2024-04-01 17:00,12.8,70,8.7,0.00,0.00,984.5,100,35.9,239
2024-04-01 18:00,12.6,71,8.7,0.00,0.00,984.8,60,34.7,239
2024-04-01 19:00,11.8,73,7.8,0.00,0.00,985.7,100,36.4,250
2024-04-01 20:00,10.8,72,6.4,0.00,0.00,986.7,55,37.6,257
2024-04-01 21:00,10.3,70,5.9,0.00,0.00,988.2,100,35.4,253
2024-04-01 22:00,9.7,74,5.8,0.10,0.10,988.8,100,31.2,251
2024-04-01 23:00,9.4,76,5.5,0.20,0.20,989.4,100,30.6,250
2024-04-02 00:00,9.1,78,5.4,0.10,0.10,989.6,99,30.3,246
2024-04-02 01:00,8.9,80,5.2,0.00,0.00,989.9,98,30.8,244
2024-04-02 02:00,8.6,82,4.7,0.00,0.00,990.1,34,32.5,244
2024-04-02 03:00,8.4,85,4.7,0.00,0.00,990.0,16,32.8,243
2024-04-02 04:00,8.2,86,4.4,0.00,0.00,990.6,40,34.2,248
2024-04-02 05:00,8.1,85,4.5,0.00,0.00,991.1,44,32.3,248
2024-04-02 06:00,7.9,85,4.0,0.00,0.00,991.8,28,34.1,244
2024-04-02 07:00,7.9,83,3.8,0.00,0.00,992.3,53,35.8,245
2024-04-02 08:00,8.4,81,4.1,0.00,0.00,992.7,16,36.6,245
2024-04-02 09:00,9.4,78,5.2,0.00,0.00,992.7,3,33.7,247
2024-04-02 10:00,10.8,69,4.9,0.00,0.00,993.2,45,47.3,254
2024-04-02 11:00,11.6,67,6.1,0.00,0.00,993.8,51,44.1,253
2024-04-02 12:00,12.1,64,6.6,0.00,0.00,994.2,38,43.9,252
2024-04-02 13:00,12.8,59,7.3,0.00,0.00,994.1,32,42.2,255
2024-04-02 14:00,13.3,55,8.0,0.00,0.00,994.4,33,40.6,255
2024-04-02 15:00,13.5,52,8.2,0.00,0.00,994.7,16,39.5,255
2024-04-02 16:00,13.8,50,8.3,0.00,0.00,994.7,29,40.5,256
2024-04-02 17:00,13.4,50,7.9,0.00,0.00,994.8,43,40.6,255
2024-04-02 18:00,12.9,53,8.1,0.00,0.00,994.8,7,36.5,251
2024-04-02 19:00,12.1,56,7.8,0.00,0.00,994.9,58,34.4,250
2024-04-02 20:00,10.4,66,5.8,0.00,0.00,995.6,20,36.4,258
2024-04-02 21:00,9.4,71,5.2,0.00,0.00,995.9,14,34.9,248
2024-04-02 22:00,8.9,77,4.6,0.80,0.80,996.1,43,37.1,250
2024-04-02 23:00,8.8,76,4.5,0.20,0.20,996.0,39,35.7,251
2024-04-03 00:00,8.2,78,4.2,0.00,0.00,996.2,62,33.6,251
2024-04-03 01:00,8.1,80,4.1,0.00,0.00,996.6,70,33.5,249
2024-04-03 02:00,8.4,81,4.5,0.20,0.20,996.5,52,33.2,250
2024-04-03 03:00,8.4,82,5.1,0.00,0.00,995.9,24,28.5,249
2024-04-03 04:00,8.0,81,4.6,0.00,0.00,995.6,19,28.4,250
2024-04-03 05:00,7.6,82,4.3,0.00,0.00,995.4,54,27.9,250
2024-04-03 06:00,7.2,85,3.9,0.00,0.00,995.5,32,28.7,248
2024-04-03 07:00,7.2,87,3.9,0.00,0.00,995.7,100,27.7,247
2024-04-03 08:00,8.4,84,5.4,0.00,0.00,995.4,96,24.3,249
2024-04-03 09:00,9.9,79,6.5,0.00,0.00,995.5,100,27.8,249
2024-04-03 10:00,10.8,78,7.8,0.00,0.00,995.7,100,22.7,245
2024-04-03 11:00,11.4,76,8.6,0.00,0.00,996.0,100,21.9,240
2024-04-03 12:00,11.5,76,8.9,0.10,0.10,996.0,100,20.3,240
2024-04-03 13:00,12.7,71,10.6,0.00,0.00,995.8,100,14.0,228
2024-04-03 14:00,14.0,61,11.4,0.00,0.00,995.6,100,16.9,220
2024-04-03 15:00,12.6,73,10.4,0.20,0.20,995.8,100,18.2,198
2024-04-03 16:00,12.6,70,10.1,0.10,0.10,995.6,100,20.9,209
2024-04-03 17:00,13.0,65,10.0,0.00,0.00,995.4,100,22.9,208
2024-04-03 18:00,12.2,68,9.2,0.00,0.00,995.5,100,24.9,214
2024-04-03 19:00,11.2,73,8.4,0.00,0.00,996.0,100,24.4,217
2024-04-03 20:00,10.4,76,7.5,0.10,0.10,996.0,100,23.9,214
2024-04-03 21:00,9.9,80,7.2,0.00,0.00,996.4,100,24.2,210
2024-04-03 22:00,9.9,81,7.2,0.00,0.00,996.4,97,23.3,212
2024-04-03 23:00,9.4,84,6.7,0.30,0.30,996.8,95,23.7,216
2024-04-04 00:00,9.3,88,7.1,1.10,1.10,996.8,47,21.8,214
2024-04-04 01:00,8.9,91,6.8,0.00,0.00,996.8,76,20.9,222
2024-04-04 02:00,9.4,90,7.2,0.70,0.70,996.7,98,23.2,226
2024-04-04 03:00,9.6,89,7.5,0.00,0.00,996.6,81,23.1,233
2024-04-04 04:00,9.6,91,7.5,0.00,0.00,996.9,76,24.4,239
2024-04-04 05:00,9.7,90,7.2,0.00,0.00,996.9,90,26.1,252
2024-04-04 06:00,9.1,87,6.4,0.00,0.00,997.0,54,25.4,252
2024-04-04 07:00,8.2,87,5.4,0.00,0.00,997.8,88,26.2,243
2024-04-04 08:00,8.9,85,6.1,0.00,0.00,997.9,96,24.8,234
2024-04-04 09:00,10.6,81,8.3,0.00,0.00,997.7,100,22.3,214
2024-04-04 10:00,11.6,79,9.5,1.40,1.40,997.5,100,15.5,192
2024-04-04 11:00,12.1,81,10.3,0.00,0.00,997.2,100,16.2,184
2024-04-04 12:00,13.9,76,11.0,0.30,0.30,996.3,100,29.9,211
2024-04-04 13:00,13.9,77,10.8,0.90,0.90,995.8,100,34.5,212
2024-04-04 14:00,13.2,80,10.0,0.30,0.30,995.6,100,36.2,217
2024-04-04 15:00,13.8,83,10.7,0.50,0.50,994.9,99,37.3,230
2024-04-04 16:00,15.2,75,12.4,0.10,0.10,994.8,100,31.8,232
2024-04-04 17:00,14.4,73,11.2,0.60,0.60,995.3,92,34.5,243
2024-04-04 18:00,14.0,69,10.1,0.00,0.00,995.5,99,39.5,240
2024-04-04 19:00,13.2,70,9.2,0.00,0.00,996.1,86,38.5,242
2024-04-04 20:00,12.6,70,8.9,0.00,0.00,997.0,2,34.7,239
2024-04-04 21:00,11.6,74,8.1,0.00,0.00,997.8,13,33.3,242
2024-04-04 22:00,11.2,75,7.8,0.00,0.00,998.6,35,33.5,243
2024-04-04 23:00,11.4,76,7.6,0.00,0.00,999.5,62,36.1,241
2024-04-05 00:00,10.9,78,7.5,0.00,0.00,1000.2,99,33.5,242
2024-04-05 01:00,10.6,80,7.3,0.00,0.00,1000.7,100,32.6,241
2024-04-05 02:00,10.4,82,7.5,0.00,0.00,1000.8,90,29.5,243
2024-04-05 03:00,10.4,87,8.0,0.00,0.00,1000.8,100,26.2,238
2024-04-05 04:00,10.4,87,7.7,0.00,0.00,1001.0,94,29.3,242
2024-04-05 05:00,10.1,87,7.7,0.00,0.00,1000.9,100,26.4,238
2024-04-05 06:00,10.4,85,8.2,0.00,0.00,1001.4,100,24.0,229
2024-04-05 07:00,10.4,86,8.6,0.00,0.00,1001.6,100,21.7,222
2024-04-05 08:00,11.0,85,9.0,0.00,0.00,1001.8,100,22.2,222
2024-04-05 09:00,11.9,85,9.8,0.10,0.10,1002.3,100,24.0,229
2024-04-05 10:00,13.8,79,12.0,0.00,0.00,1002.4,100,20.0,232
2024-04-05 11:00,15.4,71,12.7,0.00,0.00,1002.4,91,27.7,231
2024-04-05 12:00,16.6,64,14.1,0.00,0.00,1001.9,100,24.7,224
2024-04-05 13:00,16.2,68,14.4,0.00,0.00,1001.6,99,20.1,201
2024-04-05 14:00,18.9,60,16.9,0.00,0.00,1000.4,100,22.0,184
2024-04-05 15:00,19.8,57,17.3,0.00,0.00,999.6,100,27.5,191
2024-04-05 16:00,19.6,60,17.6,0.00,0.00,999.3,100,26.5,201
2024-04-05 17:00,18.0,72,16.2,0.30,0.30,998.3,93,30.2,192
2024-04-05 18:00,16.7,79,14.9,1.00,1.00,998.8,100,29.8,225
2024-04-05 19:00,16.2,81,15.0,0.10,0.10,998.0,100,28.5,212
2024-04-05 20:00,16.0,75,14.5,0.00,0.00,998.7,100,27.8,233
2024-04-05 21:00,15.9,73,13.7,0.00,0.00,999.9,100,31.8,252
2024-04-05 22:00,15.4,73,13.0,0.00,0.00,1000.6,100,32.8,253
2024-04-05 23:00,14.9,74,12.6,0.00,0.00,1001.3,100,31.7,251
2024-04-06 00:00,14.2,77,12.4,0.00,0.00,1001.7,100,27.3,247
2024-04-06 01:00,13.9,79,12.0,0.00,0.00,1002.4,100,27.5,243
2024-04-06 02:00,13.9,79,11.9,0.00,0.00,1002.5,100,28.5,242
2024-04-06 03:00,13.2,78,11.6,0.00,0.00,1002.6,100,24.0,244
2024-04-06 04:00,13.6,77,12.2,0.00,0.00,1002.7,100,21.6,246
2024-04-06 05:00,14.0,76,12.6,0.00,0.00,1002.9,100,22.0,238
2024-04-06 06:00,13.9,79,12.7,0.90,0.90,1003.2,100,21.0,239
2024-04-06 07:00,13.6,83,12.4,0.00,0.00,1003.5,100,22.0,230
2024-04-06 08:00,14.1,84,13.0,0.00,0.00,1003.6,92,22.3,231
2024-04-06 09:00,15.6,82,15.0,0.00,0.00,1003.7,56,21.4,225
2024-04-06 10:00,17.5,75,17.0,0.00,0.00,1004.2,80,14.1,232
2024-04-06 11:00,19.1,69,18.7,0.00,0.00,1004.5,99,14.1,232
2024-04-06 12:00,20.6,63,20.5,0.00,0.00,1004.1,100,13.8,219
2024-04-06 13:00,21.8,59,21.9,0.00,0.00,1003.8,99,15.1,208
2024-04-06 14:00,22.9,55,23.0,0.00,0.00,1003.5,100,15.5,205
2024-04-06 15:00,23.7,50,23.5,0.00,0.00,1003.0,96,14.8,203
2024-04-06 16:00,24.2,46,23.4,0.00,0.00,1002.5,100,15.3,188
2024-04-06 17:00,24.1,45,23.2,0.00,0.00,1002.1,19,17.8,188
2024-04-06 18:00,23.3,53,23.0,0.00,0.00,1001.8,97,18.9,194
2024-04-06 19:00,20.6,60,20.2,0.00,0.00,1002.0,85,21.9,194
2024-04-06 20:00,18.9,57,17.2,0.00,0.00,1001.8,42,28.2,191
2024-04-06 21:00,18.0,57,15.8,0.00,0.00,1002.5,99,30.1,201
2024-04-06 22:00,17.1,58,14.8,0.00,0.00,1002.4,23,31.6,204
2024-04-06 23:00,16.4,62,14.2,0.00,0.00,1002.5,1,29.8,210
2024-04-07 00:00,15.3,66,13.5,0.00,0.00,1002.7,98,26.1,210
2024-04-07 01:00,14.2,69,12.4,0.00,0.00,1002.5,68,24.1,207
2024-04-07 02:00,13.6,70,11.5,0.00,0.00,1002.2,94,25.8,199
2024-04-07 03:00,14.9,62,12.4,0.00,0.00,1001.2,100,29.5,204
2024-04-07 04:00,15.0,62,12.4,0.00,0.00,1001.0,100,30.7,193
2024-04-07 05:00,15.2,58,12.5,0.00,0.00,1000.7,98,30.4,190
2024-04-07 06:00,15.2,53,12.4,0.00,0.00,1000.5,100,29.2,189
2024-04-07 07:00,13.9,58,11.6,0.00,0.00,1000.9,97,23.5,221
2024-04-07 08:00,16.1,53,13.2,0.00,0.00,1001.5,100,30.8,225
2024-04-07 09:00,18.2,50,15.2,0.00,0.00,1002.6,100,31.8,247
2024-04-07 10:00,19.6,52,17.5,0.00,0.00,1003.5,100,29.9,252
2024-04-07 11:00,20.5,53,18.4,0.00,0.00,1004.3,100,22.8,258
2024-04-07 12:00,21.4,54,20.1,0.00,0.00,1004.7,99,17.1,262
2024-04-07 13:00,22.0,56,21.4,0.00,0.00,1004.9,100,17.9,251
2024-04-07 14:00,22.4,55,21.9,0.00,0.00,1005.1,100,18.8,250
2024-04-07 15:00,22.7,53,22.3,0.00,0.00,1005.1,99,15.3,236
2024-04-07 16:00,22.9,55,22.4,0.00,0.00,1004.7,97,14.5,228
2024-04-07 17:00,22.9,54,22.3,0.00,0.00,1004.3,64,15.5,224
2024-04-07 18:00,22.2,60,22.8,0.00,0.00,1003.8,100,12.1,217
2024-04-07 19:00,20.8,75,22.2,0.00,0.00,1003.3,100,5.9,191
2024-04-07 20:00,18.3,75,18.7,0.00,0.00,1003.0,100,9.1,146
2024-04-07 21:00,18.0,73,17.8,0.00,0.00,1002.9,100,18.4,129
2024-04-07 22:00,17.0,75,16.6,0.00,0.00,1002.7,100,19.5,150
2024-04-07 23:00,16.1,79,15.7,0.00,0.00,1002.5,100,19.8,170
2024-04-08 00:00,15.3,82,15.1,0.00,0.00,1002.2,100,14.9,195
2024-04-08 01:00,14.6,85,14.2,0.00,0.00,1001.6,98,16.0,188
2024-04-08 02:00,14.7,82,13.7,0.00,0.00,1000.1,100,19.7,140
2024-04-08 03:00,14.4,83,14.1,0.00,0.00,999.7,100,12.5,168
2024-04-08 04:00,12.9,90,12.3,0.00,0.00,999.2,100,7.2,153
2024-04-08 05:00,13.4,85,12.9,0.00,0.00,999.3,100,7.3,200
2024-04-08 06:00,13.7,85,13.0,0.00,0.00,999.4,100,11.4,198
2024-04-08 07:00,13.6,86,13.3,0.00,0.00,998.9,100,6.6,9
2024-04-08 08:00,13.8,87,13.0,0.00,0.00,999.7,56,15.0,349
2024-04-08 09:00,15.1,84,14.9,0.00,0.00,999.4,20,13.9,115
2024-04-08 10:00,17.8,75,17.9,0.00,0.00,998.8,1,12.5,141
2024-04-08 11:00,20.5,63,20.2,0.00,0.00,999.0,15,13.7,177
2024-04-08 12:00,22.6,58,23.4,0.00,0.00,998.9,32,8.7,204
2024-04-08 13:00,24.2,50,24.8,0.00,0.00,998.4,2,11.1,205
2024-04-08 14:00,25.1,44,25.2,0.00,0.00,998.1,0,14.4,212
2024-04-08 15:00,26.2,41,26.0,0.00,0.00,997.9,96,15.7,212
2024-04-08 16:00,26.2,38,25.0,0.00,0.00,997.6,98,17.5,212
2024-04-08 17:00,26.0,41,25.3,0.00,0.00,997.2,87,15.0,207
2024-04-08 18:00,25.1,54,26.1,0.00,0.00,996.8,92,13.2,191
2024-04-08 19:00,22.7,58,22.9,0.00,0.00,996.3,25,20.2,180
2024-04-08 20:00,20.5,55,19.4,0.00,0.00,996.0,21,25.9,190
2024-04-08 21:00,18.5,59,17.5,0.00,0.00,996.3,55,22.3,194
2024-04-08 22:00,16.4,67,15.2,0.00,0.00,996.0,69,19.1,196
2024-04-08 23:00,16.6,62,15.1,0.00,0.00,996.0,83,24.2,208
2024-04-09 00:00,15.2,66,13.7,0.00,0.00,995.7,98,20.4,216
2024-04-09 01:00,15.2,71,13.6,0.00,0.00,995.6,82,16.8,215
2024-04-09 02:00,13.7,73,12.0,0.00,0.00,995.1,97,13.7,185
2024-04-09 03:00,12.6,78,11.1,0.00,0.00,994.3,99,12.6,175
2024-04-09 04:00,13.1,77,11.8,0.00,0.00,994.6,99,17.5,172
2024-04-09 05:00,13.7,76,12.5,0.00,0.00,994.5,94,22.2,172
2024-04-09 06:00,12.6,84,11.3,0.00,0.00,994.0,93,18.9,172
2024-04-09 07:00,12.9,86,11.8,0.00,0.00,993.7,73,14.8,179
2024-04-09 08:00,15.2,81,14.8,0.00,0.00,993.8,65,15.5,152
2024-04-09 09:00,18.0,75,18.4,0.00,0.00,993.7,54,13.9,163
2024-04-09 10:00,20.3,68,20.7,0.00,0.00,993.9,24,11.2,178
2024-04-09 11:00,22.4,61,22.1,0.00,0.00,993.6,8,17.2,191
2024-04-09 12:00,23.6,52,22.5,0.00,0.00,993.9,70,24.7,239
2024-04-09 13:00,23.8,47,21.9,0.00,0.00,994.5,100,30.7,260
2024-04-09 14:00,21.8,52,19.0,0.00,0.00,995.8,100,32.8,270
2024-04-09 15:00,21.8,50,19.1,0.00,0.00,997.2,98,29.8,278
2024-04-09 16:00,20.5,54,17.6,0.00,0.00,997.8,98,33.5,272
2024-04-09 17:00,17.4,67,14.5,0.30,0.30,999.5,100,34.4,280
2024-04-09 18:00,15.1,73,12.6,0.10,0.10,1001.4,100,28.4,270
2024-04-09 19:00,13.5,71,10.2,0.20,0.20,1002.1,100,31.6,259
2024-04-09 20:00,12.1,69,8.9,0.20,0.20,1003.6,100,26.2,261
2024-04-09 21:00,11.3,73,8.3,0.50,0.50,1004.6,100,25.7,259
2024-04-09 22:00,10.8,79,7.9,0.50,0.50,1005.7,100,26.1,250
2024-04-09 23:00,10.4,81,7.4,0.20,0.20,1006.1,100,28.0,244
2024-04-10 00:00,10.4,78,7.1,0.00,0.00,1006.2,100,29.0,245
2024-04-10 01:00,10.2,75,6.8,0.00,0.00,1006.6,100,30.1,244
2024-04-10 02:00,10.2,73,6.6,0.00,0.00,1006.9,100,30.4,246
2024-04-10 03:00,10.1,70,6.5,0.00,0.00,1008.0,100,28.5,242
2024-04-10 04:00,9.9,69,6.4,0.00,0.00,1008.3,100,26.6,251
2024-04-10 05:00,9.6,69,6.5,0.00,0.00,1009.1,100,22.7,255
2024-04-10 06:00,9.4,70,6.4,0.00,0.00,1010.2,99,20.9,251
2024-04-10 07:00,8.8,73,5.8,0.00,0.00,1011.4,100,21.1,250
2024-04-10 08:00,9.3,72,6.1,0.00,0.00,1012.2,99,21.4,262
2024-04-10 09:00,10.4,67,7.0,0.00,0.00,1012.9,100,21.0,263
2024-04-10 10:00,11.4,64,7.9,0.00,0.00,1013.3,100,21.3,264
2024-04-10 11:00,12.4,60,8.8,0.00,0.00,1014.2,100,21.6,281
2024-04-10 12:00,12.8,58,9.6,0.00,0.00,1014.6,100,18.2,284
2024-04-10 13:00,13.2,55,10.2,0.00,0.00,1015.0,100,15.9,276
2024-04-10 14:00,13.9,54,11.0,0.00,0.00,1015.3,100,15.1,271
2024-04-10 15:00,13.3,59,10.8,0.10,0.10,1016.5,85,13.0,289
2024-04-10 16:00,13.2,58,10.5,0.10,0.10,1016.5,100,14.2,300
2024-04-10 17:00,13.2,59,10.7,0.00,0.00,1017.2,95,13.6,302
2024-04-10 18:00,13.1,59,10.8,0.00,0.00,1017.6,83,11.3,301
2024-04-10 19:00,12.8,61,10.8,0.00,0.00,1017.7,47,10.2,309
2024-04-10 20:00,10.9,72,9.0,0.00,0.00,1018.1,14,10.3,331
2024-04-10 21:00,9.2,77,7.1,0.00,0.00,1018.6,4,9.1,353
2024-04-10 22:00,10.3,68,8.4,0.00,0.00,1018.9,1,4.5,346
2024-04-10 23:00,7.1,85,5.2,0.00,0.00,1019.2,3,3.1,201
2024-04-11 00:00,6.5,89,4.5,0.00,0.00,1019.6,1,7.7,191
2024-04-11 01:00,5.8,92,3.5,0.00,0.00,1019.5,0,10.5,196
2024-04-11 02:00,5.9,90,3.7,0.00,0.00,1019.3,0,17.7,200
2024-04-11 03:00,4.8,93,2.3,0.00,0.00,1019.5,4,15.0,215
2024-04-11 04:00,5.2,91,2.8,0.00,0.00,1019.4,6,17.1,221
2024-04-11 05:00,5.3,89,2.8,0.00,0.00,1019.6,25,19.2,232
2024-04-11 06:00,5.4,85,2.6,0.00,0.00,1019.7,58,20.8,240
2024-04-11 07:00,5.8,79,2.9,0.00,0.00,1020.0,3,21.3,240
2024-04-11 08:00,7.8,75,4.8,0.00,0.00,1020.0,36,20.4,226
2024-04-11 09:00,10.2,70,7.8,0.00,0.00,1020.1,16,21.5,218
2024-04-11 10:00,12.8,59,9.8,0.00,0.00,1020.3,100,17.7,219
2024-04-11 11:00,14.2,47,10.0,0.00,0.00,1020.4,36,26.4,232
2024-04-11 12:00,15.1,44,11.3,0.00,0.00,1020.3,100,27.4,232
2024-04-11 13:00,15.9,45,12.5,0.00,0.00,1020.3,98,23.3,235
2024-04-11 14:00,16.7,43,13.7,0.00,0.00,1019.8,100,21.3,236
2024-04-11 15:00,16.1,44,12.6,0.00,0.00,1019.9,100,20.2,239
2024-04-11 16:00,16.4,45,13.0,0.00,0.00,1019.6,100,19.4,255
2024-04-11 17:00,15.9,47,12.8,0.00,0.00,1019.5,100,19.6,256
2024-04-11 18:00,15.5,52,12.8,0.00,0.00,1019.7,98,19.2,262
2024-04-11 19:00,14.7,59,12.9,0.00,0.00,1019.6,66,15.7,261
2024-04-11 20:00,12.3,69,10.5,0.00,0.00,1019.6,7,15.4,259
2024-04-11 21:00,11.6,72,9.7,0.00,0.00,1019.8,1,16.9,258
2024-04-11 22:00,11.0,75,8.9,0.00,0.00,1020.1,15,21.0,265
2024-04-11 23:00,10.6,79,8.6,0.00,0.00,1020.2,21,21.3,265
2024-04-12 00:00,10.1,81,8.2,0.00,0.00,1020.4,29,21.3,267
2024-04-12 01:00,9.8,83,7.8,0.00,0.00,1020.5,75,20.9,269
2024-04-12 02:00,9.4,85,7.4,0.00,0.00,1020.5,100,19.5,272
2024-04-12 03:00,8.9,90,7.5,0.00,0.00,1020.2,100,10.9,287
2024-04-12 04:00,8.7,90,7.2,0.00,0.00,1020.0,100,10.8,268
2024-04-12 05:00,8.7,90,7.1,0.00,0.00,1020.0,100,13.8,264
2024-04-12 06:00,8.9,88,7.2,0.00,0.00,1019.9,100,16.6,268
2024-04-12 07:00,9.6,85,8.0,0.00,0.00,1019.4,100,14.6,250
2024-04-12 08:00,10.6,83,8.8,0.00,0.00,1019.4,100,17.0,234
2024-04-12 09:00,13.1,75,11.8,0.00,0.00,1019.7,79,18.7,236
2024-04-12 10:00,15.4,67,14.0,0.00,0.00,1019.7,34,12.5,226
2024-04-12 11:00,16.9,61,15.0,0.00,0.00,1019.2,33,16.1,230
2024-04-12 12:00,18.0,56,16.2,0.00,0.00,1018.9,100,20.3,233
2024-04-12 13:00,18.8,55,16.9,0.00,0.00,1018.5,100,22.5,248
2024-04-12 14:00,19.6,52,17.1,0.00,0.00,1017.8,99,26.6,254
2024-04-12 15:00,20.4,48,17.7,0.00,0.00,1017.5,100,23.7,260
2024-04-12 16:00,21.0,43,18.3,0.00,0.00,1016.7,99,23.3,262
2024-04-12 17:00,20.9,46,18.4,0.00,0.00,1016.0,100,23.0,260
2024-04-12 18:00,20.0,51,17.5,0.00,0.00,1015.9,100,27.1,284
2024-04-12 19:00,18.0,62,15.8,0.00,0.00,1016.1,100,28.3,285
2024-04-12 20:00,16.9,66,15.3,0.00,0.00,1015.8,100,24.1,280
2024-04-12 21:00,15.4,73,14.1,0.00,0.00,1015.9,100,23.4,269
2024-04-12 22:00,14.6,79,13.3,0.00,0.00,1015.9,100,24.9,259
2024-04-12 23:00,14.2,80,12.8,0.00,0.00,1015.8,100,26.2,261
2024-04-13 00:00,13.8,82,12.3,0.00,0.00,1015.8,100,26.2,261
2024-04-13 01:00,13.1,86,11.4,0.00,0.00,1015.6,100,27.0,257
2024-04-13 02:00,12.6,88,11.0,0.00,0.00,1015.5,100,27.1,256
2024-04-13 03:00,12.6,86,10.7,0.00,0.00,1015.3,100,27.8,251
2024-04-13 04:00,12.2,88,10.4,0.00,0.00,1015.3,100,28.2,251
2024-04-13 05:00,12.1,88,10.2,0.00,0.00,1015.1,100,27.6,246
2024-04-13 06:00,11.9,89,10.2,0.00,0.00,1015.0,96,26.7,241
2024-04-13 07:00,11.8,91,10.0,0.00,0.00,1014.7,100,26.3,240
2024-04-13 08:00,13.1,86,11.6,0.00,0.00,1015.1,93,28.5,242
2024-04-13 09:00,14.9,81,13.4,0.00,0.00,1015.1,74,22.1,236
2024-04-13 10:00,16.6,75,15.2,0.00,0.00,1014.8,100,20.7,235
2024-04-13 11:00,18.5,68,17.0,0.00,0.00,1014.4,100,23.4,236
2024-04-13 12:00,19.8,61,18.1,0.00,0.00,1014.0,100,25.8,245
2024-04-13 13:00,20.6,56,19.1,0.00,0.00,1013.4,100,26.3,247
2024-04-13 14:00,21.1,52,19.3,0.00,0.00,1012.8,100,26.6,247
2024-04-13 15:00,21.5,51,19.4,0.00,0.00,1012.2,100,26.6,251
2024-04-13 16:00,21.8,49,19.5,0.00,0.00,1011.3,100,25.7,250
2024-04-13 17:00,21.6,51,19.6,0.00,0.00,1010.6,100,24.8,244
2024-04-13 18:00,21.0,56,19.7,0.00,0.00,1010.0,100,22.6,239
2024-04-13 19:00,20.0,62,19.6,0.00,0.00,1009.3,100,17.9,240
2024-04-13 20:00,17.1,71,16.7,0.00,0.00,1008.5,83,19.9,235
2024-04-13 21:00,15.8,76,15.0,0.00,0.00,1008.1,82,21.7,228
2024-04-13 22:00,15.2,78,14.1,0.00,0.00,1007.6,100,25.7,226
2024-04-13 23:00,15.2,78,14.0,0.00,0.00,1007.0,100,26.6,229
2024-04-14 00:00,15.2,76,13.9,0.00,0.00,1006.4,98,26.4,232
2024-04-14 01:00,15.9,71,14.0,0.00,0.00,1006.0,100,30.1,244
2024-04-14 02:00,16.1,69,13.9,0.00,0.00,1005.8,100,32.3,251
2024-04-14 03:00,16.9,66,14.4,0.00,0.00,1005.1,100,33.6,249
2024-04-14 04:00,16.2,71,14.0,0.00,0.00,1004.8,100,32.8,249
2024-04-14 05:00,16.0,74,13.9,0.00,0.00,1004.8,100,32.4,253
2024-04-14 06:00,15.3,78,13.4,0.00,0.00,1005.0,100,31.3,258
2024-04-14 07:00,15.1,80,13.2,0.00,0.00,1005.5,100,31.2,263
2024-04-14 08:00,15.6,75,13.8,0.00,0.00,1006.1,100,26.6,269
2024-04-14 09:00,16.2,69,14.2,0.00,0.00,1006.8,100,22.1,282
2024-04-14 10:00,16.2,66,14.1,0.00,0.00,1007.2,100,20.5,281
2024-04-14 11:00,16.1,65,13.8,0.00,0.00,1007.6,100,21.6,281
2024-04-14 12:00,16.4,61,13.6,0.00,0.00,1007.8,99,24.3,278
2024-04-14 13:00,16.8,56,13.6,0.00,0.00,1007.7,94,25.9,270
2024-04-14 14:00,17.7,51,14.2,0.00,0.00,1007.4,82,28.1,267
2024-04-14 15:00,17.6,47,13.9,0.00,0.00,1007.5,100,28.1,273
2024-04-14 16:00,17.5,46,13.6,0.00,0.00,1006.9,99,29.1,278
2024-04-14 17:00,17.2,46,13.6,0.00,0.00,1006.5,100,25.4,286
2024-04-14 18:00,16.5,47,13.3,0.00,0.00,1006.2,100,21.4,295
2024-04-14 19:00,15.1,55,13.2,0.00,0.00,1006.0,100,13.8,319
2024-04-14 20:00,13.1,63,11.4,0.00,0.00,1005.9,100,12.9,342
2024-04-14 21:00,12.4,59,10.1,0.00,0.00,1006.0,100,16.2,348
2024-04-14 22:00,12.0,55,9.4,0.00,0.00,1005.6,100,17.3,337
2024-04-14 23:00,11.4,57,8.9,0.00,0.00,1005.1,100,15.5,329
2024-04-15 00:00,10.6,72,8.6,0.00,0.00,1004.5,100,9.7,338
2024-04-15 01:00,10.5,72,8.8,0.00,0.00,1003.8,100,6.2,339
2024-04-15 02:00,10.4,66,8.2,0.00,0.00,1003.2,100,8.8,325
2024-04-15 03:00,10.3,65,7.8,0.20,0.20,1002.9,100,15.5,324
2024-04-15 04:00,9.3,81,6.9,1.10,1.10,1003.0,100,20.3,327
2024-04-15 05:00,8.9,86,7.0,1.70,1.70,1002.3,100,14.1,347
2024-04-15 06:00,8.8,88,7.6,0.30,0.30,1001.2,100,2.4,27
2024-04-15 07:00,8.8,92,7.3,0.00,0.00,1000.6,100,9.9,190
2024-04-15 08:00,9.0,86,7.0,0.00,0.00,1000.4,41,11.5,221
2024-04-15 09:00,9.8,76,7.3,0.00,0.00,999.8,99,13.2,235
2024-04-15 10:00,10.6,73,8.0,0.00,0.00,999.1,100,14.5,210
2024-04-15 11:00,11.3,69,8.5,0.00,0.00,998.0,46,16.5,200
2024-04-15 12:00,13.1,59,9.9,0.20,0.20,996.7,100,19.0,207
2024-04-15 13:00,13.8,54,9.8,0.20,0.20,995.7,62,25.8,221
2024-04-15 14:00,15.0,47,11.0,0.10,0.10,993.8,18,26.1,231
2024-04-15 15:00,15.2,42,10.4,0.00,0.00,993.0,99,30.9,236
2024-04-15 16:00,14.6,48,10.2,0.10,0.10,991.7,80,29.2,232
2024-04-15 17:00,14.4,49,9.9,0.20,0.20,990.2,68,30.8,240
2024-04-15 18:00,14.6,46,10.5,0.10,0.10,988.8,92,28.4,240
2024-04-15 19:00,13.6,46,9.2,0.00,0.00,987.9,100,31.8,239
2024-04-15 20:00,12.9,48,8.8,0.00,0.00,986.6,69,27.8,228
2024-04-15 21:00,11.3,56,5.6,0.30,0.30,987.4,94,45.9,243
2024-04-15 22:00,8.4,81,3.2,1.10,1.10,987.8,100,44.0,259
2024-04-15 23:00,6.4,76,1.1,0.20,0.20,988.9,6,41.1,266
2024-04-16 00:00,5.7,75,0.4,0.00,0.00,989.6,3,40.3,262
2024-04-16 01:00,5.2,76,0.1,0.00,0.00,990.1,4,38.3,255
2024-04-16 02:00,4.8,78,-0.3,0.00,0.00,989.9,24,39.3,244
2024-04-16 03:00,4.9,76,-0.6,0.00,0.00,989.9,21,40.4,243
2024-04-16 04:00,5.1,75,-0.3,0.00,0.00,989.5,10,38.7,246
2024-04-16 05:00,5.0,75,-0.3,0.00,0.00,989.2,78,38.0,244
2024-04-16 06:00,5.0,76,0.0,0.00,0.00,988.9,74,35.5,241
2024-04-16 07:00,5.1,75,0.0,0.00,0.00,989.2,89,35.1,241
2024-04-16 08:00,5.8,72,1.1,0.00,0.00,989.1,77,31.1,235
2024-04-16 09:00,6.8,65,0.7,0.00,0.00,989.4,97,42.3,248
2024-04-16 10:00,7.7,61,1.7,0.20,0.20,989.6,99,41.0,250
2024-04-16 11:00,7.7,62,2.0,0.20,0.20,989.5,98,38.1,248
2024-04-16 12:00,9.2,56,3.6,0.20,0.20,989.1,69,36.3,241
2024-04-16 13:00,10.4,54,5.7,0.00,0.00,988.5,51,33.3,244
2024-04-16 14:00,11.4,49,7.0,0.00,0.00,987.9,61,26.9,247
2024-04-16 15:00,9.4,56,4.5,0.40,0.40,988.5,100,33.0,231
2024-04-16 16:00,8.9,65,4.8,0.20,0.20,988.1,76,23.1,231
2024-04-16 17:00,8.8,68,5.4,0.10,0.10,988.3,86,17.1,263
2024-04-16 18:00,9.1,65,5.9,0.10,0.10,988.5,50,15.1,327
2024-04-16 19:00,8.9,64,5.5,0.00,0.00,989.0,28,18.6,345
2024-04-16 20:00,7.6,69,4.5,0.00,0.00,989.9,100,19.2,334
2024-04-16 21:00,6.8,73,3.9,0.00,0.00,990.9,100,18.5,323
2024-04-16 22:00,6.8,72,3.1,0.00,0.00,991.8,99,24.5,319
2024-04-16 23:00,6.2,77,2.8,0.00,0.00,992.5,100,22.7,324
2024-04-17 00:00,5.6,84,2.5,0.00,0.00,993.0,100,20.0,321
2024-04-17 01:00,5.9,85,3.0,0.20,0.20,993.6,76,18.1,325
2024-04-17 02:00,5.6,90,2.8,0.20,0.20,994.0,37,17.1,335
2024-04-17 03:00,4.5,95,1.8,0.00,0.00,994.4,25,18.0,340
2024-04-17 04:00,4.0,96,1.6,0.00,0.00,994.4,22,16.0,324
2024-04-17 05:00,3.6,96,1.0,0.00,0.00,994.6,26,17.3,312
2024-04-17 06:00,3.1,97,0.6,0.00,0.00,995.0,36,15.9,308
2024-04-17 07:00,3.7,96,1.2,0.00,0.00,995.4,26,15.5,301
2024-04-17 08:00,5.1,90,2.7,0.00,0.00,995.9,13,12.1,297
2024-04-17 09:00,6.6,82,3.8,0.00,0.00,996.0,29,12.2,304
2024-04-17 10:00,7.8,79,5.2,0.00,0.00,996.0,36,12.1,323
2024-04-17 11:00,8.9,73,6.2,0.10,0.10,996.2,69,11.5,328
2024-04-17 12:00,9.6,65,7.3,0.10,0.10,996.3,100,10.5,338
2024-04-17 13:00,10.1,58,7.5,0.10,0.10,996.1,65,9.3,344
2024-04-17 14:00,10.6,53,7.6,0.00,0.00,995.8,59,10.1,354
2024-04-17 15:00,10.8,49,7.3,0.00,0.00,996.1,98,13.0,346
2024-04-17 16:00,9.4,57,6.2,0.10,0.10,996.4,96,11.2,345
2024-04-17 17:00,9.4,57,6.6,0.10,0.10,996.4,93,7.5,325
2024-04-17 18:00,9.7,53,6.9,0.00,0.00,996.2,81,7.4,321
2024-04-17 19:00,9.0,61,6.6,0.00,0.00,996.3,96,8.7,343
2024-04-17 20:00,6.9,70,4.4,0.00,0.00,996.6,100,9.2,309
2024-04-17 21:00,5.8,75,3.1,0.00,0.00,997.3,100,14.7,298
2024-04-17 22:00,5.2,78,2.5,0.00,0.00,997.6,99,16.6,309
2024-04-17 23:00,4.6,86,1.6,0.00,0.00,997.9,99,19.5,330
2024-04-18 00:00,3.8,92,0.9,0.00,0.00,998.4,95,20.0,342
2024-04-18 01:00,3.4,94,0.8,0.00,0.00,998.7,100,15.2,4
2024-04-18 02:00,2.4,95,-0.3,0.00,0.00,999.0,50,13.2,11
2024-04-18 03:00,3.8,93,1.2,0.00,0.00,999.8,98,17.6,345
2024-04-18 04:00,3.4,94,0.6,0.00,0.00,1000.0,55,17.4,342
2024-04-18 05:00,3.2,94,0.1,0.50,0.50,1000.3,40,18.9,347
2024-04-18 06:00,2.6,95,-0.3,0.20,0.20,1000.8,38,17.7,355
2024-04-18 07:00,2.7,95,-0.3,0.00,0.00,1001.5,73,17.4,354
2024-04-18 08:00,3.8,93,0.8,0.00,0.00,1002.5,91,15.5,360
2024-04-18 09:00,5.2,85,2.1,0.00,0.00,1003.1,29,13.1,16
2024-04-18 10:00,6.7,72,3.5,0.00,0.00,1003.8,7,12.3,15
2024-04-18 11:00,8.0,57,4.8,0.00,0.00,1003.9,1,11.9,3
2024-04-18 12:00,9.3,48,6.1,0.00,0.00,1004.0,82,16.2,360
2024-04-18 13:00,9.6,46,5.7,0.00,0.00,1003.8,84,15.3,352
2024-04-18 14:00,10.4,44,6.7,0.00,0.00,1003.8,60,14.7,343
2024-04-18 15:00,10.1,46,7.4,0.00,0.00,1004.5,25,12.0,351
2024-04-18 16:00,10.4,47,7.2,0.00,0.00,1004.3,12,12.2,336
2024-04-18 17:00,10.4,45,6.9,0.00,0.00,1004.0,1,11.0,322
2024-04-18 18:00,10.4,44,6.9,0.00,0.00,1003.9,12,10.4,304
2024-04-18 19:00,9.6,51,6.5,0.00,0.00,1003.8,32,13.5,299
2024-04-18 20:00,7.8,60,4.8,0.10,0.10,1003.9,94,16.4,296
2024-04-18 21:00,6.3,67,3.2,0.00,0.00,1004.2,100,17.6,281
2024-04-18 22:00,6.2,70,2.5,0.10,0.10,1004.1,95,23.8,267
2024-04-18 23:00,5.7,78,2.4,0.00,0.00,1003.9,100,21.8,254
2024-04-19 00:00,5.4,77,1.9,0.00,0.00,1003.6,100,24.1,256
2024-04-19 01:00,5.4,76,1.7,0.20,0.20,1003.4,100,25.2,260
2024-04-19 02:00,5.1,84,1.3,0.00,0.00,1003.1,100,26.0,256
2024-04-19 03:00,5.2,78,1.7,0.00,0.00,1002.1,100,23.9,258
2024-04-19 04:00,5.2,76,1.3,0.00,0.00,1001.4,100,26.6,247
2024-04-19 05:00,5.2,74,1.3,0.00,0.00,1000.4,100,26.0,236
2024-04-19 06:00,5.3,73,1.2,0.00,0.00,999.4,100,27.1,240
2024-04-19 07:00,5.8,72,1.0,0.10,0.10,998.7,100,33.0,241
2024-04-19 08:00,5.9,74,1.2,0.20,0.20,997.5,100,32.8,225
2024-04-19 09:00,6.3,75,0.7,0.20,0.20,996.2,100,40.5,225
2024-04-19 10:00,6.3,73,-0.1,0.10,0.10,995.1,100,47.2,232
2024-04-19 11:00,6.8,73,1.0,0.20,0.20,994.2,100,43.8,238
2024-04-19 12:00,6.6,80,1.2,0.80,0.80,993.4,100,41.5,236
2024-04-19 13:00,6.8,82,1.9,0.60,0.60,992.6,100,39.2,240
2024-04-19 14:00,7.1,84,2.0,0.20,0.20,991.8,100,40.0,249
2024-04-19 15:00,8.4,76,3.2,0.00,0.00,991.3,100,38.5,249
2024-04-19 16:00,9.1,71,4.4,0.00,0.00,990.9,100,34.0,246
2024-04-19 17:00,8.4,74,3.7,0.60,0.60,990.4,100,34.2,240
2024-04-19 18:00,7.6,86,3.6,2.10,2.10,990.2,100,31.1,238
2024-04-19 19:00,7.2,85,3.3,0.20,0.20,990.4,100,29.3,244
2024-04-19 20:00,6.3,90,2.5,0.70,0.70,990.3,98,29.5,254
2024-04-19 21:00,5.9,90,2.2,0.10,0.10,990.7,35,28.0,262
2024-04-19 22:00,5.3,90,1.6,0.00,0.00,990.8,98,28.9,266
2024-04-19 23:00,5.3,89,1.6,0.00,0.00,990.8,100,27.8,265
2024-04-20 00:00,5.7,88,2.1,0.00,0.00,991.1,100,25.3,264
2024-04-20 01:00,5.6,90,2.2,0.20,0.20,991.5,100,22.5,276
2024-04-20 02:00,5.6,92,2.1,0.10,0.10,992.0,100,25.5,318
2024-04-20 03:00,4.8,96,0.6,0.50,0.50,993.1,100,30.0,315
2024-04-20 04:00,4.8,95,0.6,1.10,1.10,994.0,100,31.0,327
2024-04-20 05:00,4.9,94,-0.3,1.20,1.20,995.3,100,42.1,339
2024-04-20 06:00,4.6,91,-1.0,0.30,0.30,996.9,100,44.2,344
2024-04-20 07:00,4.4,91,-0.6,0.10,0.10,998.5,100,37.3,338
2024-04-20 08:00,4.2,88,-0.8,0.10,0.10,1000.1,100,35.4,341
2024-04-20 09:00,4.6,83,-0.2,0.10,0.10,1001.1,100,29.7,346
2024-04-20 10:00,5.6,72,0.7,0.00,0.00,1002.3,66,28.7,345
2024-04-20 11:00,6.6,63,1.6,0.20,0.20,1003.1,62,28.1,347
2024-04-20 12:00,7.4,66,3.3,0.20,0.20,1003.9,100,25.4,335
2024-04-20 13:00,8.4,60,4.6,0.10,0.10,1004.1,97,22.9,334
2024-04-20 14:00,9.2,55,5.7,0.00,0.00,1004.6,98,19.4,338
2024-04-20 15:00,7.4,65,3.3,0.10,0.10,1005.7,95,21.2,328
2024-04-20 16:00,9.0,60,5.6,0.10,0.10,1005.6,100,16.1,340
2024-04-20 17:00,5.7,80,1.9,1.50,1.10,1006.4,100,21.3,330
2024-04-20 18:00,6.2,79,3.6,0.20,0.20,1006.3,100,10.4,326
2024-04-20 19:00,5.4,79,2.2,0.70,0.70,1006.5,99,13.9,329
2024-04-20 20:00,4.6,87,2.5,0.40,0.40,1006.3,80,4.2,340
2024-04-20 21:00,3.6,90,1.2,0.00,0.00,1006.8,54,5.2,295
2024-04-20 22:00,2.8,90,0.1,0.00,0.00,1006.8,41,5.8,300
2024-04-20 23:00,2.5,94,-0.1,0.00,0.00,1006.9,42,6.3,347
2024-04-21 00:00,2.5,95,0.0,0.00,0.00,1007.0,39,5.5,58
2024-04-21 01:00,2.5,96,0.0,0.00,0.00,1006.9,63,7.2,87
2024-04-21 02:00,2.8,96,0.2,0.00,0.00,1006.7,61,8.0,82
2024-04-21 03:00,1.9,94,-1.1,0.10,0.10,1006.7,74,16.6,51
2024-04-21 04:00,1.6,95,-1.2,0.10,0.10,1006.5,47,11.7,81
2024-04-21 05:00,1.8,94,-1.1,0.00,0.00,1006.5,47,15.1,62
2024-04-21 06:00,2.5,94,-0.8,0.00,0.00,1006.6,47,19.0,63
2024-04-21 07:00,2.5,93,-1.2,0.30,0.30,1007.4,99,21.3,71
2024-04-21 08:00,2.5,94,-1.1,0.50,0.20,1008.1,100,18.7,65
2024-04-21 09:00,2.7,95,-1.0,0.40,0.40,1008.5,100,19.7,50
2024-04-21 10:00,3.7,85,-0.8,0.20,0.20,1009.1,100,25.8,63
2024-04-21 11:00,4.7,71,-0.2,0.00,0.00,1009.6,93,27.8,69
2024-04-21 12:00,6.2,58,1.0,0.10,0.10,1009.7,63,27.6,68
2024-04-21 13:00,7.1,49,2.5,0.10,0.10,1010.0,51,26.9,65
2024-04-21 14:00,8.4,41,3.8,0.10,0.10,1009.7,60,24.7,67
2024-04-21 15:00,8.1,45,3.6,0.10,0.10,1009.9,53,23.9,59
2024-04-21 16:00,8.1,44,2.9,0.10,0.10,1009.9,84,26.4,51
2024-04-21 17:00,7.8,47,2.5,0.10,0.10,1010.1,65,26.0,47
2024-04-21 18:00,7.5,47,2.8,0.00,0.00,1010.2,85,21.4,42
2024-04-21 19:00,7.0,50,2.8,0.00,0.00,1010.3,100,19.6,36
2024-04-21 20:00,5.6,58,1.7,0.00,0.00,1010.7,47,20.3,23
2024-04-21 21:00,4.6,65,0.7,0.00,0.00,1011.4,36,20.7,31
2024-04-21 22:00,3.0,76,-0.3,0.00,0.00,1011.8,69,17.1,42
2024-04-21 23:00,2.5,83,-0.4,0.10,0.10,1012.0,64,14.7,28
2024-04-22 00:00,2.1,89,-1.1,0.00,0.00,1012.0,34,16.6,13
2024-04-22 01:00,1.9,93,-1.5,0.00,0.00,1012.0,30,19.8,12
2024-04-22 02:00,1.2,92,-2.2,0.00,0.00,1011.8,16,20.1,24
2024-04-22 03:00,1.7,75,-2.1,0.00,0.00,1012.0,33,18.3,22
2024-04-22 04:00,1.0,75,-3.0,0.00,0.00,1012.0,14,19.0,19
2024-04-22 05:00,-0.3,80,-4.3,0.00,0.00,1012.1,100,19.0,15
2024-04-22 06:00,-1.4,84,-5.2,0.00,0.00,1012.2,99,17.9,19
2024-04-22 07:00,-1.0,83,-5.0,0.00,0.00,1012.3,47,16.5,23
2024-04-22 08:00,0.3,77,-3.3,0.00,0.00,1012.4,47,11.3,22
2024-04-22 09:00,2.1,71,-1.4,0.00,0.00,1012.1,11,9.2,42
2024-04-22 10:00,3.8,66,0.3,0.00,0.00,1012.1,19,10.3,54
2024-04-22 11:00,5.2,54,1.1,0.00,0.00,1012.0,59,16.0,54
2024-04-22 12:00,5.7,53,1.3,0.10,0.10,1011.8,36,16.5,54
2024-04-22 13:00,5.8,53,1.5,0.10,0.10,1011.6,58,15.3,49
2024-04-22 14:00,6.2,50,2.5,0.20,0.10,1011.1,70,14.3,49
2024-04-22 15:00,6.3,49,2.5,0.20,0.10,1011.3,51,11.9,55
2024-04-22 16:00,6.2,52,2.4,0.00,0.00,1010.9,27,11.7,43
2024-04-22 17:00,6.6,50,2.9,0.10,0.10,1010.7,61,9.7,51
2024-04-22 18:00,6.3,51,2.7,0.00,0.00,1010.6,62,10.3,54
2024-04-22 19:00,5.8,54,2.3,0.00,0.00,1010.2,46,11.0,52
2024-04-22 20:00,4.1,65,0.9,0.00,0.00,1010.3,9,13.8,49
2024-04-22 21:00,1.8,78,-1.7,0.00,0.00,1010.3,0,13.7,63
2024-04-22 22:00,1.4,78,-2.2,0.00,0.00,1010.2,0,10.8,75
2024-04-22 23:00,0.2,83,-3.4,0.00,0.00,1010.4,3,10.8,69
2024-04-23 00:00,-0.1,84,-3.8,0.00,0.00,1010.6,4,11.6,85
2024-04-23 01:00,-0.5,86,-4.2,0.00,0.00,1010.4,0,12.0,111
2024-04-23 02:00,-0.2,85,-3.6,0.00,0.00,1010.2,7,10.6,125
2024-04-23 03:00,-1.0,90,-4.5,0.00,0.00,1010.1,2,10.1,174
2024-04-23 04:00,-0.7,91,-4.1,0.00,0.00,1009.8,0,9.2,191
2024-04-23 05:00,0.4,90,-2.4,0.00,0.00,1009.6,3,5.0,210
2024-04-23 06:00,-0.1,92,-2.7,0.00,0.00,1009.3,5,1.8,281
2024-04-23 07:00,-0.2,92,-2.7,0.00,0.00,1009.3,0,1.3,236
2024-04-23 08:00,2.1,87,-0.2,0.00,0.00,1009.4,0,2.5,315
2024-04-23 09:00,4.4,73,1.9,0.00,0.00,1009.3,0,4.0,5
2024-04-23 10:00,5.9,62,3.0,0.00,0.00,1009.1,0,6.4,16
2024-04-23 11:00,7.2,54,4.5,0.00,0.00,1008.6,87,7.2,37
2024-04-23 12:00,7.8,50,5.5,0.00,0.00,1007.9,100,4.9,54
2024-04-23 13:00,8.0,49,5.1,0.00,0.00,1007.2,100,3.6,45
2024-04-23 14:00,8.1,49,5.4,0.00,0.00,1006.5,100,2.3,39
2024-04-23 15:00,8.9,49,6.3,0.10,0.10,1005.6,100,1.8,323
2024-04-23 16:00,8.5,49,5.8,0.00,0.00,1004.8,100,2.5,270
2024-04-23 17:00,8.4,49,5.6,0.00,0.00,1004.3,100,4.8,257
2024-04-23 18:00,8.1,52,5.2,0.10,0.10,1003.9,100,4.8,257
2024-04-23 19:00,7.5,56,5.0,0.10,0.10,1003.2,100,2.9,210
2024-04-23 20:00,6.2,70,3.7,0.00,0.00,1002.8,44,5.9,128
2024-04-23 21:00,5.4,68,2.5,0.00,0.00,1002.3,50,11.5,129
2024-04-23 22:00,3.8,77,0.6,0.00,0.00,1001.7,3,11.3,153
2024-04-23 23:00,2.5,80,-0.7,0.00,0.00,1001.3,12,14.5,186
2024-04-24 00:00,1.7,86,-1.4,0.00,0.00,1000.9,35,16.3,186
2024-04-24 01:00,1.3,87,-1.9,0.00,0.00,1000.2,17,18.1,187
2024-04-24 02:00,1.4,85,-2.0,0.00,0.00,999.5,6,20.0,206
2024-04-24 03:00,3.5,75,0.3,0.00,0.00,998.6,98,18.7,210
2024-04-24 04:00,3.5,75,0.6,0.00,0.00,997.9,98,15.1,230
2024-04-24 05:00,3.7,75,0.8,0.00,0.00,997.2,100,12.8,230
2024-04-24 06:00,3.5,75,0.6,0.00,0.00,996.5,93,12.8,230
2024-04-24 07:00,3.7,76,0.5,0.00,0.00,996.1,100,14.1,220
2024-04-24 08:00,4.2,74,1.0,0.00,0.00,995.9,100,20.6,241
2024-04-24 09:00,4.2,74,0.2,0.00,0.00,995.7,100,19.7,239
2024-04-24 10:00,4.6,78,0.5,0.10,0.10,995.7,91,21.1,245
2024-04-24 11:00,6.7,68,2.8,0.10,0.10,995.2,61,17.6,247
2024-04-24 12:00,7.9,58,4.1,0.10,0.10,994.8,38,18.8,244
2024-04-24 13:00,8.6,58,5.4,0.00,0.00,994.4,46,16.1,241
2024-04-24 14:00,9.7,56,7.4,0.00,0.00,993.7,31,14.6,237
2024-04-24 15:00,6.4,69,2.1,0.40,0.40,994.4,100,22.6,236
2024-04-24 16:00,8.0,61,4.8,0.10,0.10,993.4,21,11.6,234
2024-04-24 17:00,8.8,57,5.4,0.00,0.00,993.0,53,14.1,230
2024-04-24 18:00,6.9,71,2.8,0.20,0.20,993.1,90,22.8,249
2024-04-24 19:00,6.7,73,3.7,0.00,0.00,992.7,21,11.7,236
2024-04-24 20:00,5.4,78,2.5,0.00,0.00,992.6,51,16.6,222
2024-04-24 21:00,4.1,85,1.0,0.00,0.00,993.0,12,19.6,224
2024-04-24 22:00,3.3,89,0.0,0.00,0.00,992.8,85,21.7,227
2024-04-24 23:00,2.9,90,-0.3,0.00,0.00,992.8,96,21.5,218
2024-04-25 00:00,3.2,86,-0.4,0.00,0.00,992.8,97,23.9,225
2024-04-25 01:00,3.3,85,-0.4,0.00,0.00,992.6,100,23.4,233
2024-04-25 02:00,2.8,90,-0.7,0.40,0.20,992.3,100,21.4,237
2024-04-25 03:00,2.8,94,-0.2,0.00,0.00,992.2,98,18.6,216
2024-04-25 04:00,3.3,93,0.1,0.00,0.00,991.9,99,20.4,234
2024-04-25 05:00,3.3,92,-0.4,0.00,0.00,991.8,28,24.4,248
2024-04-25 06:00,2.6,91,-1.5,0.10,0.10,992.0,38,27.1,253
2024-04-25 07:00,2.7,91,-1.5,0.00,0.00,992.5,40,28.1,257
2024-04-25 08:00,3.6,86,-1.1,0.40,0.30,993.0,98,28.7,258
2024-04-25 09:00,4.5,84,0.1,0.10,0.10,993.2,100,26.1,258
2024-04-25 10:00,5.4,77,1.0,0.00,0.00,993.4,98,25.1,258
2024-04-25 11:00,6.2,71,1.8,0.00,0.00,993.8,98,24.2,255
2024-04-25 12:00,7.3,65,3.0,0.10,0.10,993.8,98,23.1,255
2024-04-25 13:00,8.8,57,4.5,0.00,0.00,993.6,84,23.6,258
2024-04-25 14:00,8.7,53,4.2,0.00,0.00,993.4,99,22.9,262
2024-04-25 15:00,8.8,59,4.4,0.00,0.00,993.4,90,23.6,254
2024-04-25 16:00,8.9,62,5.0,0.50,0.50,993.4,100,23.0,256
2024-04-25 17:00,7.3,68,3.9,0.20,0.20,993.5,100,15.9,276
2024-04-25 18:00,7.3,70,3.3,0.00,0.00,993.8,100,23.6,231
2024-04-25 19:00,7.2,71,4.0,0.00,0.00,993.7,97,15.8,235
2024-04-25 20:00,5.8,79,3.0,0.00,0.00,993.9,97,18.0,237
2024-04-25 21:00,4.2,89,1.6,0.00,0.00,994.4,100,15.3,227
2024-04-25 22:00,3.5,90,0.7,0.00,0.00,994.3,100,16.1,219
2024-04-25 23:00,3.8,87,0.8,0.00,0.00,994.4,82,18.4,215
2024-04-26 00:00,3.3,88,0.3,0.00,0.00,994.6,100,19.9,202
2024-04-26 01:00,3.7,84,0.4,0.00,0.00,994.5,99,20.7,211
2024-04-26 02:00,3.5,84,0.3,0.00,0.00,994.4,100,20.5,204
2024-04-26 03:00,3.8,83,0.4,0.00,0.00,994.3,97,22.1,206
2024-04-26 04:00,4.0,81,0.6,0.00,0.00,994.4,100,22.2,205
2024-04-26 05:00,4.2,79,0.7,0.00,0.00,994.4,95,22.9,202
2024-04-26 06:00,4.0,80,0.4,0.00,0.00,994.4,94,23.8,200
2024-04-26 07:00,4.4,79,0.9,0.00,0.00,994.5,94,22.3,203
2024-04-26 08:00,6.1,75,2.8,0.00,0.00,994.7,80,22.7,200
2024-04-26 09:00,7.7,70,4.2,0.00,0.00,994.8,78,18.2,194
2024-04-26 10:00,9.7,62,6.1,0.00,0.00,994.8,25,19.1,196
2024-04-26 11:00,11.6,49,7.7,0.00,0.00,994.8,61,22.4,208
2024-04-26 12:00,12.4,43,7.9,0.00,0.00,994.9,99,24.1,218
2024-04-26 13:00,12.7,41,8.4,0.00,0.00,994.7,100,21.3,219
2024-04-26 14:00,13.4,40,9.0,0.00,0.00,994.7,100,22.2,222
2024-04-26 15:00,13.4,43,8.7,0.00,0.00,994.4,87,26.8,216
2024-04-26 16:00,13.3,48,9.3,0.00,0.00,994.7,72,23.5,220
2024-04-26 17:00,13.8,48,10.0,0.00,0.00,994.6,77,21.0,215
2024-04-26 18:00,13.4,51,10.3,0.00,0.00,994.6,51,18.7,210
2024-04-26 19:00,13.0,56,10.7,0.00,0.00,994.5,35,14.5,203
2024-04-26 20:00,10.8,64,8.3,0.00,0.00,995.0,22,18.7,199
2024-04-26 21:00,8.3,74,5.9,0.00,0.00,995.4,10,16.8,211
2024-04-26 22:00,6.9,81,4.4,0.00,0.00,995.9,14,15.5,211
2024-04-26 23:00,5.4,87,2.5,0.00,0.00,996.0,42,13.9,217
2024-04-27 00:00,5.0,88,2.2,0.00,0.00,996.2,49,13.8,213
2024-04-27 01:00,5.1,88,2.6,0.00,0.00,996.5,35,17.4,204
2024-04-27 02:00,4.9,89,2.3,0.00,0.00,996.8,9,19.0,205
2024-04-27 03:00,4.3,89,1.6,0.00,0.00,996.7,17,14.8,229
2024-04-27 04:00,3.5,92,0.7,0.00,0.00,997.0,0,13.8,227
2024-04-27 05:00,3.1,92,0.1,0.00,0.00,997.2,1,11.0,218
2024-04-27 06:00,3.8,93,0.9,0.00,0.00,997.7,19,13.8,174
2024-04-27 07:00,5.2,90,2.7,0.00,0.00,998.1,7,18.0,181
2024-04-27 08:00,7.7,84,5.5,0.00,0.00,998.6,12,15.9,174
2024-04-27 09:00,10.2,77,8.3,0.00,0.00,998.8,1,11.2,180
2024-04-27 10:00,13.1,71,11.5,0.00,0.00,999.0,0,10.1,178
2024-04-27 11:00,15.4,61,13.8,0.00,0.00,998.9,25,14.5,186
2024-04-27 12:00,16.8,52,14.5,0.00,0.00,999.0,21,18.8,187
2024-04-27 13:00,17.6,50,15.9,0.00,0.00,998.9,40,18.9,201
2024-04-27 14:00,18.2,49,16.6,0.00,0.00,998.8,26,17.2,209
2024-04-27 15:00,17.5,51,14.7,0.00,0.00,998.7,81,22.9,204
2024-04-27 16:00,17.9,48,15.5,0.00,0.00,998.5,60,16.3,208
2024-04-27 17:00,18.2,46,15.9,0.00,0.00,998.0,90,13.7,157
2024-04-27 18:00,17.8,50,16.2,0.00,0.00,998.1,46,9.7,135
2024-04-27 19:00,16.8,65,16.4,0.00,0.00,997.9,21,7.1,75
2024-04-27 20:00,13.6,68,12.0,0.00,0.00,997.7,8,14.3,62
2024-04-27 21:00,12.4,65,10.1,0.00,0.00,998.1,1,21.2,80
2024-04-27 22:00,11.6,65,9.1,0.00,0.00,998.4,0,24.3,125
2024-04-27 23:00,10.6,67,8.0,0.00,0.00,998.7,0,23.2,134
2024-04-28 00:00,10.1,67,7.2,0.00,0.00,999.1,3,25.3,147
2024-04-28 01:00,9.6,68,6.8,0.00,0.00,999.0,2,23.8,153
2024-04-28 02:00,8.4,73,5.9,0.00,0.00,998.9,66,20.8,146
2024-04-28 03:00,9.7,69,7.1,0.00,0.00,998.3,100,21.3,150
2024-04-28 04:00,9.4,73,7.0,0.00,0.00,998.4,100,20.0,142
2024-04-28 05:00,9.2,76,6.9,0.00,0.00,998.1,100,19.1,137
2024-04-28 06:00,8.6,80,6.4,0.00,0.00,997.8,97,18.1,133
2024-04-28 07:00,9.4,79,7.1,0.00,0.00,998.2,57,20.4,131
2024-04-28 08:00,11.3,78,9.2,0.00,0.00,998.9,15,20.7,139
2024-04-28 09:00,13.8,71,12.2,0.00,0.00,998.9,0,14.1,142
2024-04-28 10:00,16.2,62,14.6,0.00,0.00,999.1,90,12.8,158
2024-04-28 11:00,18.4,57,17.3,0.00,0.00,999.4,1,11.8,168
2024-04-28 12:00,20.5,54,20.7,0.00,0.00,999.6,68,12.0,164
2024-04-28 13:00,22.1,46,21.8,0.00,0.00,999.7,99,15.1,168
2024-04-28 14:00,23.0,41,22.1,0.00,0.00,1000.0,100,16.7,187
2024-04-28 15:00,22.8,37,19.9,0.00,0.00,999.5,99,22.3,182
2024-04-28 16:00,23.0,39,20.5,0.00,0.00,999.6,95,21.4,172
2024-04-28 17:00,23.0,38,21.0,0.00,0.00,1000.0,53,18.4,176
2024-04-28 18:00,21.9,49,21.0,0.00,0.00,1000.4,96,16.1,214
2024-04-28 19:00,20.0,53,17.9,0.00,0.00,1001.1,100,27.0,268
2024-04-28 20:00,18.0,56,16.1,0.00,0.00,1002.0,100,24.1,269
2024-04-28 21:00,17.3,55,14.8,0.00,0.00,1003.2,100,28.2,260
2024-04-28 22:00,16.5,54,13.1,0.00,0.00,1004.2,100,32.8,267
2024-04-28 23:00,15.1,54,11.9,0.00,0.00,1005.4,100,27.0,268
2024-04-29 00:00,13.9,61,11.5,0.00,0.00,1006.1,100,20.9,274
2024-04-29 01:00,13.2,66,11.5,0.00,0.00,1006.7,100,16.5,281
2024-04-29 02:00,12.4,72,10.8,0.00,0.00,1007.6,100,14.5,256
2024-04-29 03:00,12.6,73,11.0,0.00,0.00,1007.3,100,17.9,285
2024-04-29 04:00,12.7,75,11.3,0.30,0.30,1008.0,100,15.3,279
2024-04-29 05:00,12.1,81,11.0,0.20,0.20,1008.5,100,13.3,267
2024-04-29 06:00,11.8,84,10.8,0.10,0.10,1008.8,100,13.1,279
2024-04-29 07:00,11.6,88,11.2,0.10,0.10,1009.7,100,3.1,249
2024-04-29 08:00,11.9,90,11.4,0.10,0.10,1010.2,100,4.0,175
2024-04-29 09:00,12.7,87,12.4,0.00,0.00,1010.7,100,6.8,148
2024-04-29 10:00,13.5,82,13.0,0.00,0.00,1011.2,100,6.6,139
2024-04-29 11:00,13.9,79,13.3,0.00,0.00,1011.5,100,6.1,135
2024-04-29 12:00,15.7,70,15.2,0.00,0.00,1011.5,97,5.6,140
2024-04-29 13:00,17.2,62,16.8,0.00,0.00,1011.1,56,5.6,135
2024-04-29 14:00,18.4,58,18.4,0.00,0.00,1010.9,85,5.3,118
2024-04-29 15:00,19.7,55,19.7,0.00,0.00,1010.4,97,6.5,84
2024-04-29 16:00,20.0,55,19.2,0.00,0.00,1010.1,95,8.0,72
2024-04-29 17:00,19.9,55,19.0,0.00,0.00,1010.0,82,9.4,72
2024-04-29 18:00,19.8,54,18.8,0.00,0.00,1009.6,89,10.7,78
2024-04-29 19:00,19.2,63,19.3,0.00,0.00,1009.5,99,9.5,65
2024-04-29 20:00,17.1,67,16.3,0.00,0.00,1009.1,100,15.4,37
2024-04-29 21:00,15.9,70,14.4,0.00,0.00,1009.5,100,24.4,31
2024-04-29 22:00,15.0,72,13.4,0.00,0.00,1009.6,94,25.3,41
2024-04-29 23:00,14.1,73,12.5,0.00,0.00,1009.4,38,25.1,51
2024-04-30 00:00,13.7,77,12.0,0.00,0.00,1009.1,3,25.7,59
2024-04-30 01:00,12.9,83,11.8,0.00,0.00,1009.0,0,21.9,63
2024-04-30 02:00,12.1,86,11.1,0.00,0.00,1008.5,5,19.0,57
2024-04-30 03:00,11.6,88,10.7,0.00,0.00,1008.1,41,14.4,58
2024-04-30 04:00,11.0,91,9.8,0.00,0.00,1007.6,17,15.3,45
2024-04-30 05:00,10.6,93,9.1,0.00,0.00,1007.1,97,16.3,28
2024-04-30 06:00,10.4,93,9.0,0.00,0.00,1006.9,82,17.3,31
2024-04-30 07:00,11.3,89,9.9,0.00,0.00,1006.9,2,14.7,31
2024-04-30 08:00,13.1,84,12.2,0.00,0.00,1006.6,0,14.5,35
2024-04-30 09:00,15.1,78,14.7,0.00,0.00,1006.3,0,8.9,40
2024-04-30 10:00,17.3,72,17.4,0.00,0.00,1005.8,0,5.8,60
2024-04-30 11:00,19.2,66,20.1,0.00,0.00,1005.8,0,4.7,122
2024-04-30 12:00,20.9,61,22.3,0.00,0.00,1005.2,0,6.8,115
2024-04-30 13:00,22.5,56,24.3,0.00,0.00,1004.8,0,7.8,112
2024-04-30 14:00,23.9,52,25.4,0.00,0.00,1004.4,0,9.8,114
2024-04-30 15:00,25.2,46,25.8,0.00,0.00,1003.6,35,13.4,95
2024-04-30 16:00,25.7,43,25.8,0.00,0.00,1003.1,29,11.9,104
2024-04-30 17:00,25.9,43,25.4,0.00,0.00,1002.5,50,13.0,92
2024-04-30 18:00,25.5,47,25.7,0.00,0.00,1001.9,59,12.3,69
2024-04-30 19:00,23.9,54,24.0,0.00,0.00,1001.4,65,18.6,54
2024-04-30 20:00,21.2,59,20.8,0.00,0.00,1001.1,54,21.5,72
2024-04-30 21:00,19.1,63,18.4,0.00,0.00,1001.2,11,22.1,84
2024-04-30 22:00,18.4,63,17.2,0.00,0.00,1001.0,49,26.3,92
2024-04-30 23:00,17.6,65,16.2,0.00,0.00,1001.2,99,26.7,119
2024-05-01 00:00,17.4,61,15.5,0.00,0.00,1001.1,96,29.1,132
2024-05-01 01:00,16.5,59,14.6,0.00,0.00,1000.8,31,26.8,132
2024-05-01 02:00,15.4,62,13.6,0.00,0.00,1000.5,68,23.5,130
2024-05-01 03:00,14.4,68,12.8,0.00,0.00,999.7,20,21.1,133
2024-05-01 04:00,12.9,74,11.5,0.00,0.00,999.5,0,18.9,121
2024-05-01 05:00,12.4,76,11.0,0.00,0.00,999.2,0,19.8,117
2024-05-01 06:00,12.0,77,10.4,0.00,0.00,998.9,0,20.0,108
2024-05-01 07:00,13.1,75,11.4,0.00,0.00,998.8,0,21.2,105
2024-05-01 08:00,15.2,72,14.0,0.00,0.00,998.8,0,21.6,114
2024-05-01 09:00,17.5,64,16.6,0.00,0.00,998.4,0,12.7,115
2024-05-01 10:00,19.4,57,18.2,0.00,0.00,998.0,0,13.9,115
2024-05-01 11:00,21.0,54,20.5,0.00,0.00,997.7,0,12.8,112
2024-05-01 12:00,22.4,51,22.4,0.00,0.00,997.3,0,15.0,107
2024-05-01 13:00,23.5,49,23.5,0.00,0.00,996.7,7,18.6,100
2024-05-01 14:00,24.2,46,23.9,0.00,0.00,996.1,90,21.7,101
2024-05-01 15:00,24.9,40,23.4,0.00,0.00,995.6,99,25.3,110
2024-05-01 16:00,25.0,40,22.9,0.00,0.00,994.9,99,27.7,113
2024-05-01 17:00,24.5,42,21.7,0.00,0.00,994.6,100,31.6,119
2024-05-01 18:00,23.6,45,21.1,0.00,0.00,994.3,100,31.3,107
2024-05-01 19:00,22.5,48,20.2,0.00,0.00,994.0,100,31.4,108
2024-05-01 20:00,20.8,52,18.8,0.00,0.00,994.0,85,28.4,102
2024-05-01 21:00,19.2,56,17.2,0.00,0.00,994.0,95,29.1,99
2024-05-01 22:00,18.5,54,15.9,0.00,0.00,993.7,58,31.8,100
2024-05-01 23:00,18.1,54,15.2,0.00,0.00,993.7,88,33.6,107
2024-05-02 00:00,17.3,56,14.7,0.00,0.00,993.6,28,29.9,108
2024-05-02 01:00,16.3,60,13.9,0.00,0.00,993.4,47,27.6,110
2024-05-02 02:00,15.4,64,13.2,0.00,0.00,993.0,92,26.3,107
2024-05-02 03:00,14.7,68,12.8,0.00,0.00,992.3,88,24.4,109
2024-05-02 04:00,14.1,70,12.0,0.00,0.00,992.1,87,26.2,108
2024-05-02 05:00,13.6,73,11.7,0.00,0.00,991.8,93,25.3,113
2024-05-02 06:00,13.3,75,11.5,0.00,0.00,991.5,41,23.7,112
2024-05-02 07:00,14.1,75,12.5,0.00,0.00,991.7,42,23.1,101
2024-05-02 08:00,16.0,73,14.7,0.00,0.00,991.7,51,27.1,101
2024-05-02 09:00,18.4,65,16.9,0.00,0.00,991.7,11,19.9,110
2024-05-02 10:00,20.0,54,17.8,0.00,0.00,991.0,41,23.3,117
2024-05-02 11:00,21.0,52,18.8,0.00,0.00,990.7,55,28.1,111
2024-05-02 12:00,22.0,49,20.1,0.00,0.00,990.5,20,28.8,110
2024-05-02 13:00,23.0,47,21.3,0.00,0.00,989.8,5,30.5,113
2024-05-02 14:00,23.9,45,22.3,0.00,0.00,989.5,14,29.5,114
2024-05-02 15:00,23.9,41,21.5,0.00,0.00,989.3,23,29.5,120
2024-05-02 16:00,23.8,41,21.0,0.00,0.00,988.8,24,30.0,119
2024-05-02 17:00,23.4,42,19.9,0.00,0.00,988.7,26,34.1,115
2024-05-02 18:00,22.0,49,19.3,0.00,0.00,988.8,36,31.7,122
2024-05-02 19:00,21.4,55,19.6,0.00,0.00,989.0,7,27.9,114
2024-05-02 20:00,20.2,56,18.5,0.00,0.00,989.3,24,27.4,113
2024-05-02 21:00,18.9,58,17.3,0.10,0.10,989.8,26,25.6,107
2024-05-02 22:00,18.2,58,16.2,0.00,0.00,990.0,20,27.9,115
2024-05-02 23:00,17.5,60,15.4,0.00,0.00,990.3,4,28.6,111
2024-05-03 00:00,16.5,64,14.7,0.00,0.00,990.9,1,25.8,115
2024-05-03 01:00,15.4,69,13.8,0.00,0.00,991.4,6,23.3,117
2024-05-03 02:00,14.6,73,13.1,0.00,0.00,991.6,1,22.5,125
2024-05-03 03:00,13.8,78,12.5,0.00,0.00,991.7,8,20.0,194
2024-05-03 04:00,13.5,86,12.2,0.00,0.00,992.4,1,24.8,210
2024-05-03 05:00,13.4,91,12.1,0.00,0.00,992.9,0,25.8,216
2024-05-03 06:00,13.1,92,12.1,0.00,0.00,993.6,0,23.8,212
2024-05-03 07:00,14.1,86,12.7,0.00,0.00,994.4,0,24.3,205
2024-05-03 08:00,15.5,76,13.7,0.00,0.00,995.0,2,23.3,215
2024-05-03 09:00,16.5,70,14.1,0.00,0.00,995.6,44,26.2,223
2024-05-03 10:00,17.4,66,15.0,0.00,0.00,996.3,100,24.7,226
2024-05-03 11:00,17.5,66,15.2,0.00,0.00,997.0,100,24.2,229
2024-05-03 12:00,17.7,66,15.7,0.10,0.10,997.4,100,22.8,235
2024-05-03 13:00,18.1,65,16.5,0.10,0.10,997.7,100,19.3,237
2024-05-03 14:00,18.5,62,16.6,0.00,0.00,998.2,100,21.8,236
2024-05-03 15:00,16.2,69,14.0,0.10,0.10,999.2,100,23.6,239
2024-05-03 16:00,15.9,67,13.4,0.00,0.00,999.5,100,23.8,245
2024-05-03 17:00,16.4,63,13.9,0.00,0.00,1000.0,100,23.2,246
2024-05-03 18:00,16.0,64,13.5,0.00,0.00,1000.5,100,22.8,252
2024-05-03 19:00,15.6,65,13.3,0.00,0.00,1000.7,100,20.7,253
2024-05-03 20:00,15.1,67,13.4,0.00,0.00,1001.3,100,17.8,252
2024-05-03 21:00,14.9,67,13.1,0.00,0.00,1001.9,100,18.0,254
2024-05-03 22:00,14.6,70,12.8,0.10,0.10,1002.4,100,18.4,270
2024-05-03 23:00,13.8,79,12.7,0.50,0.50,1002.9,100,14.8,304
2024-05-04 00:00,13.2,83,12.3,0.10,0.10,1003.4,100,13.3,322
2024-05-04 01:00,12.8,84,11.9,0.00,0.00,1003.8,100,12.0,327
2024-05-04 02:00,12.6,83,11.8,0.00,0.00,1003.8,100,11.5,309
2024-05-04 03:00,11.8,88,10.9,0.00,0.00,1004.1,100,13.4,294
2024-05-04 04:00,11.6,87,10.9,0.00,0.00,1004.4,100,8.3,304
2024-05-04 05:00,10.8,90,10.0,0.00,0.00,1004.4,98,9.4,317
2024-05-04 06:00,11.1,87,10.0,0.00,0.00,1004.5,87,12.8,308
2024-05-04 07:00,11.7,83,10.5,0.00,0.00,1005.0,99,12.0,319
2024-05-04 08:00,12.4,75,11.2,0.00,0.00,1005.3,100,7.1,311
2024-05-04 09:00,13.1,70,11.7,0.00,0.00,1005.5,100,7.1,300
2024-05-04 10:00,13.9,67,12.7,0.00,0.00,1005.6,100,5.6,297
2024-05-04 11:00,14.8,64,13.9,0.00,0.00,1005.6,100,4.0,270
2024-05-04 12:00,15.6,60,14.6,0.00,0.00,1005.2,100,3.1,234
2024-05-04 13:00,16.0,59,14.9,0.00,0.00,1004.9,100,5.1,184
2024-05-04 14:00,16.7,58,15.1,0.00,0.00,1004.6,100,9.9,161
2024-05-04 15:00,17.5,59,16.4,0.00,0.00,1003.9,100,8.1,135
2024-05-04 16:00,17.3,60,16.3,0.00,0.00,1003.3,75,7.5,145
2024-05-04 17:00,17.7,59,16.5,0.00,0.00,1002.6,100,9.7,153
2024-05-04 18:00,17.4,62,16.3,0.00,0.00,1002.0,25,9.2,159
2024-05-04 19:00,17.1,63,16.1,0.00,0.00,1001.8,95,10.9,153
2024-05-04 20:00,15.9,73,15.7,0.00,0.00,1001.6,54,10.1,145
2024-05-04 21:00,15.1,76,14.6,0.00,0.00,1001.5,61,6.9,171
2024-05-04 22:00,13.1,87,12.7,0.00,0.00,1001.0,96,6.6,158
2024-05-04 23:00,11.9,92,11.1,0.00,0.00,1000.7,100,7.5,145
2024-05-05 00:00,12.6,90,12.1,0.00,0.00,1000.2,95,11.6,116
2024-05-05 01:00,11.9,93,11.0,0.00,0.00,999.6,0,17.3,121
2024-05-05 02:00,11.3,93,10.2,0.00,0.00,998.8,74,20.4,138
2024-05-05 03:00,11.8,95,10.7,0.00,0.00,997.8,99,22.1,146
2024-05-05 04:00,11.6,95,10.2,0.00,0.00,997.3,100,23.7,166
2024-05-05 05:00,12.1,85,10.3,0.00,0.00,997.2,99,25.8,203
2024-05-05 06:00,12.4,76,10.6,0.00,0.00,997.0,100,21.5,201
2024-05-05 07:00,13.3,74,11.5,0.00,0.00,997.3,99,20.6,192
2024-05-05 08:00,14.3,72,12.6,0.10,0.10,997.3,100,22.2,197
2024-05-05 09:00,13.9,78,11.8,0.20,0.20,997.4,95,24.6,207
2024-05-05 10:00,15.5,74,13.4,0.20,0.20,997.6,100,23.3,200
2024-05-05 11:00,16.1,72,14.0,0.00,0.00,997.5,100,24.7,217
2024-05-05 12:00,17.6,63,15.2,0.10,0.10,997.2,98,24.9,233
2024-05-05 13:00,18.0,61,15.5,0.10,0.10,996.9,56,24.6,238
2024-05-05 14:00,18.8,53,16.8,0.00,0.00,996.7,34,25.8,245
2024-05-05 15:00,18.5,54,16.0,0.00,0.00,996.5,20,26.7,249
2024-05-05 16:00,18.5,48,15.4,0.00,0.00,996.4,9,26.9,254
2024-05-05 17:00,18.6,44,14.9,0.00,0.00,996.1,2,27.4,256
2024-05-05 18:00,18.2,44,14.8,0.00,0.00,996.0,11,25.2,260
2024-05-05 19:00,17.3,48,14.4,0.00,0.00,996.5,12,22.4,264
2024-05-05 20:00,15.6,55,13.4,0.00,0.00,996.6,4,19.6,284
2024-05-05 21:00,13.4,61,11.4,0.00,0.00,997.0,100,19.2,300
2024-05-05 22:00,11.6,71,9.8,0.00,0.00,997.5,100,14.7,301
2024-05-05 23:00,10.7,77,9.0,0.00,0.00,997.6,100,11.8,290
2024-05-06 00:00,10.2,79,8.6,0.00,0.00,997.7,100,9.8,276
2024-05-06 01:00,9.6,81,8.0,0.00,0.00,997.6,93,10.5,274
2024-05-06 02:00,8.9,83,7.2,0.00,0.00,997.1,56,11.5,272
2024-05-06 03:00,10.6,78,9.6,0.00,0.00,997.3,100,3.8,49
2024-05-06 04:00,9.8,84,8.6,0.00,0.00,997.6,100,6.8,25
2024-05-06 05:00,10.3,81,8.7,0.00,0.00,997.4,100,12.9,27
2024-05-06 06:00,10.2,82,8.8,0.00,0.00,997.4,100,11.3,37
2024-05-06 07:00,10.7,82,9.3,0.00,0.00,997.5,100,11.2,50
2024-05-06 08:00,11.3,82,10.0,0.20,0.20,997.3,100,13.0,46
2024-05-06 09:00,11.4,85,10.0,0.50,0.50,997.1,100,15.0,44
2024-05-06 10:00,11.6,86,10.5,0.50,0.50,997.5,100,9.9,46
2024-05-06 11:00,11.8,88,10.8,0.40,0.40,997.5,100,10.5,52
2024-05-06 12:00,12.2,84,11.2,0.10,0.10,997.5,100,8.9,58
2024-05-06 13:00,13.8,76,12.7,0.00,0.00,997.6,100,8.7,66
2024-05-06 14:00,14.3,71,13.2,0.00,0.00,997.5,100,7.8,68
2024-05-06 15:00,17.1,64,16.3,0.00,0.00,996.8,100,8.4,83
2024-05-06 16:00,17.0,64,15.8,0.00,0.00,996.6,100,11.1,65
2024-05-06 17:00,17.3,63,16.2,0.00,0.00,996.3,94,10.9,63
2024-05-06 18:00,17.4,62,16.3,0.00,0.00,996.4,100,10.0,52
2024-05-06 19:00,17.1,62,16.3,0.00,0.00,996.7,100,8.7,48
2024-05-06 20:00,16.1,69,15.7,0.00,0.00,997.1,100,9.9,44
2024-05-06 21:00,15.3,70,14.5,0.20,0.20,997.4,100,13.1,37
2024-05-06 22:00,14.1,78,13.8,0.40,0.40,997.9,100,11.2,50
2024-05-06 23:00,13.7,86,13.6,0.80,0.80,998.2,100,9.2,39
2024-05-07 00:00,13.1,86,12.4,1.30,1.30,998.9,100,16.0,46
2024-05-07 01:00,12.3,86,10.9,1.10,1.10,999.3,100,20.6,54
2024-05-07 02:00,11.9,87,10.3,1.30,1.30,999.3,100,21.9,46
2024-05-07 03:00,12.2,80,10.7,0.10,0.10,1000.0,100,16.6,48
2024-05-07 04:00,11.8,83,10.2,0.10,0.10,1000.4,100,17.5,37
2024-05-07 05:00,11.4,84,9.7,0.00,0.00,1000.7,100,19.3,37
2024-05-07 06:00,11.0,87,9.2,0.60,0.60,1001.3,100,19.4,31
2024-05-07 07:00,10.7,89,8.9,0.70,0.70,1002.0,100,18.8,32
2024-05-07 08:00,10.7,90,9.1,0.10,0.10,1002.8,100,16.1,29
2024-05-07 09:00,10.8,92,9.2,0.30,0.30,1003.5,100,15.3,34
2024-05-07 10:00,11.4,88,9.6,0.30,0.30,1004.2,100,15.0,44
2024-05-07 11:00,12.4,79,10.8,0.10,0.10,1004.9,100,13.0,44
2024-05-07 12:00,12.7,76,10.8,0.10,0.10,1005.3,100,14.8,39
2024-05-07 13:00,13.3,72,11.3,0.10,0.10,1005.8,100,14.5,35
2024-05-07 14:00,13.4,69,11.2,0.00,0.00,1006.2,100,16.6,39
2024-05-07 15:00,11.6,81,9.3,0.40,0.40,1007.1,100,16.9,24
2024-05-07 16:00,11.5,79,9.2,0.20,0.20,1007.4,100,17.1,22
2024-05-07 17:00,11.6,77,9.3,0.00,0.00,1007.7,100,16.2,32
2024-05-07 18:00,11.6,75,9.6,0.00,0.00,1007.9,100,13.3,41
2024-05-07 19:00,11.9,71,9.8,0.00,0.00,1008.3,100,13.2,55
2024-05-07 20:00,11.8,73,10.6,0.00,0.00,1008.7,100,8.0,63
2024-05-07 21:00,11.2,80,10.3,0.00,0.00,1009.1,100,3.6,37
2024-05-07 22:00,10.8,80,9.7,0.00,0.00,1009.3,100,3.7,349
2024-05-07 23:00,9.9,86,8.5,0.00,0.00,1009.5,100,8.7,355
2024-05-08 00:00,9.8,85,8.2,0.00,0.00,1009.8,100,14.0,1
2024-05-08 01:00,9.9,84,8.0,0.00,0.00,1009.8,100,17.6,1
2024-05-08 02:00,9.8,86,7.7,0.00,0.00,1009.9,100,19.6,13
2024-05-08 03:00,9.8,88,8.2,0.00,0.00,1010.4,98,15.8,17
2024-05-08 04:00,9.5,87,7.7,0.00,0.00,1010.5,96,15.3,19
2024-05-08 05:00,8.8,86,6.7,0.00,0.00,1010.7,100,16.1,10
2024-05-08 06:00,8.6,84,6.2,0.00,0.00,1011.1,96,17.7,355
2024-05-08 07:00,8.8,83,6.4,0.00,0.00,1011.7,100,19.2,347
2024-05-08 08:00,9.8,78,7.3,0.00,0.00,1012.1,81,15.4,349
2024-05-08 09:00,10.8,75,8.6,0.00,0.00,1012.4,74,13.1,352
2024-05-08 10:00,12.6,71,10.7,0.00,0.00,1012.7,66,11.9,360
2024-05-08 11:00,14.1,68,12.3,0.00,0.00,1012.7,34,11.6,5
2024-05-08 12:00,15.6,60,14.8,0.00,0.00,1012.8,65,10.0,21
2024-05-08 13:00,16.9,51,15.9,0.00,0.00,1012.7,93,14.5,48
2024-05-08 14:00,17.1,47,14.9,0.00,0.00,1012.6,98,15.0,42
2024-05-08 15:00,16.9,48,14.6,0.00,0.00,1012.4,100,14.3,34
2024-05-08 16:00,16.7,47,14.2,0.00,0.00,1012.8,100,12.6,20
2024-05-08 17:00,16.9,47,14.5,0.00,0.00,1012.9,100,12.0,9
2024-05-08 18:00,16.6,47,14.2,0.00,0.00,1013.1,98,12.4,352
2024-05-08 19:00,16.1,53,14.1,0.00,0.00,1013.3,50,13.8,332
2024-05-08 20:00,14.9,59,12.9,0.00,0.00,1013.4,100,18.2,330
2024-05-08 21:00,13.4,62,11.1,0.00,0.00,1013.5,100,21.2,342
2024-05-08 22:00,12.9,63,10.7,0.00,0.00,1014.0,81,19.1,3
2024-05-08 23:00,11.6,67,9.4,0.00,0.00,1013.9,4,17.9,40
2024-05-09 00:00,10.0,71,7.8,0.00,0.00,1014.3,2,18.9,82
2024-05-09 01:00,8.4,78,5.9,0.00,0.00,1014.5,5,13.7,88
2024-05-09 02:00,7.7,81,5.2,0.00,0.00,1014.4,38,11.3,73
2024-05-09 03:00,7.3,84,5.1,0.00,0.00,1014.4,44,8.1,69
2024-05-09 04:00,6.9,86,4.5,0.00,0.00,1014.4,99,8.0,85
2024-05-09 05:00,8.4,75,6.4,0.00,0.00,1014.7,0,6.2,97
2024-05-09 06:00,5.9,89,4.1,0.00,0.00,1014.6,0,0.4,270
2024-05-09 07:00,8.3,84,6.6,0.00,0.00,1014.9,16,4.2,329
2024-05-09 08:00,10.8,73,9.5,0.00,0.00,1015.2,37,4.8,347
2024-05-09 09:00,12.8,64,11.4,0.00,0.00,1015.1,11,4.0,350
2024-05-09 10:00,14.7,57,13.2,0.00,0.00,1015.1,1,4.9,343
2024-05-09 11:00,16.1,54,15.2,0.00,0.00,1014.7,9,7.3,349
2024-05-09 12:00,17.4,51,17.0,0.00,0.00,1014.5,82,7.9,336
2024-05-09 13:00,18.0,46,16.8,0.00,0.00,1014.2,81,10.0,334
2024-05-09 14:00,18.5,43,17.1,0.00,0.00,1013.8,75,9.8,332
2024-05-09 15:00,19.2,43,17.7,0.00,0.00,1012.8,39,10.6,332
2024-05-09 16:00,19.2,41,17.0,0.00,0.00,1013.0,76,9.8,336
2024-05-09 17:00,19.1,41,16.8,0.00,0.00,1012.5,100,11.1,347
2024-05-09 18:00,18.6,42,16.1,0.00,0.00,1012.0,89,12.6,357
2024-05-09 19:00,18.0,48,16.4,0.00,0.00,1011.8,100,10.0,15
2024-05-09 20:00,15.9,70,15.0,0.00,0.00,1011.7,98,9.0,355
2024-05-09 21:00,14.3,59,12.4,0.00,0.00,1011.9,100,15.5,1
2024-05-09 22:00,13.6,57,11.1,0.00,0.00,1012.1,100,21.8,56
2024-05-09 23:00,12.2,64,10.0,0.00,0.00,1012.0,100,12.8,68
2024-05-10 00:00,13.3,54,11.4,0.00,0.00,1012.2,100,6.5,56
2024-05-10 01:00,10.9,70,9.2,0.00,0.00,1011.9,87,4.3,156
2024-05-10 02:00,12.2,62,10.4,0.00,0.00,1011.8,100,6.9,174
2024-05-10 03:00,8.6,90,7.0,0.00,0.00,1011.0,100,3.8,319
2024-05-10 04:00,8.7,91,7.4,0.00,0.00,1011.3,100,1.9,292
2024-05-10 05:00,9.0,91,7.8,0.00,0.00,1011.3,100,2.5,278
2024-05-10 06:00,9.3,90,8.4,0.00,0.00,1011.4,80,2.3,288
2024-05-10 07:00,10.6,87,9.5,0.00,0.00,1011.5,31,3.7,259
2024-05-10 08:00,13.2,79,12.9,0.00,0.00,1011.9,70,4.5,284
2024-05-10 09:00,15.6,66,15.2,0.00,0.00,1012.1,2,1.8,281
2024-05-10 10:00,17.5,57,17.0,0.00,0.00,1012.0,1,1.1,252
2024-05-10 11:00,18.9,49,19.1,0.00,0.00,1012.0,0,0.5,315
2024-05-10 12:00,20.0,43,20.1,0.00,0.00,1011.9,58,4.3,5
2024-05-10 13:00,20.5,41,20.2,0.00,0.00,1011.9,100,4.5,14
2024-05-10 14:00,20.6,40,19.7,0.00,0.00,1011.7,100,4.5,29
2024-05-10 15:00,20.5,41,18.9,0.00,0.00,1010.7,100,7.1,41
2024-05-10 16:00,20.5,41,19.0,0.00,0.00,1011.1,100,6.9,39
2024-05-10 17:00,20.4,42,18.9,0.00,0.00,1010.8,100,6.9,39
2024-05-10 18:00,20.0,43,18.6,0.00,0.00,1010.5,100,6.7,36
2024-05-10 19:00,19.5,53,18.8,0.00,0.00,1010.5,100,7.9,43
2024-05-10 20:00,18.2,60,17.6,0.00,0.00,1010.5,15,5.6,63
2024-05-10 21:00,18.1,51,17.3,0.00,0.00,1010.8,7,2.9,90
2024-05-10 22:00,17.0,55,16.2,0.00,0.00,1010.9,65,2.9,120
2024-05-10 23:00,13.9,69,12.8,0.00,0.00,1010.5,93,3.3,229
2024-05-11 00:00,12.1,77,10.6,0.00,0.00,1010.6,74,7.0,235
2024-05-11 01:00,11.8,79,10.2,0.00,0.00,1010.4,84,8.2,221
2024-05-11 02:00,10.7,85,9.3,0.00,0.00,1010.5,71,10.4,256
2024-05-11 03:00,9.9,88,8.4,0.00,0.00,1008.8,99,13.6,310
2024-05-11 04:00,10.9,81,8.8,0.00,0.00,1010.0,100,21.9,337
2024-05-11 05:00,10.4,88,8.6,0.00,0.00,1010.1,100,20.9,339
2024-05-11 06:00,10.4,93,8.9,0.00,0.00,1010.4,100,20.3,343
2024-05-11 07:00,11.6,91,10.3,0.00,0.00,1010.7,100,19.9,343
2024-05-11 08:00,12.9,87,12.2,0.00,0.00,1010.8,100,10.8,345
2024-05-11 09:00,14.3,83,13.8,0.00,0.00,1010.7,99,8.7,343
2024-05-11 10:00,16.4,76,16.1,0.00,0.00,1010.8,100,8.5,348
2024-05-11 11:00,18.2,68,18.4,0.00,0.00,1010.8,99,6.8,357
2024-05-11 12:00,19.5,59,20.2,0.10,0.10,1010.5,77,5.9,349
2024-05-11 13:00,20.1,54,20.3,0.10,0.10,1010.3,100,6.8,335
2024-05-11 14:00,20.6,51,20.2,0.00,0.00,1010.0,97,9.8,343
2024-05-11 15:00,20.6,50,20.2,0.00,0.00,1009.7,74,11.7,351
2024-05-11 16:00,20.9,50,19.8,0.00,0.00,1010.0,21,11.9,357
2024-05-11 17:00,20.9,48,19.5,0.00,0.00,1009.7,16,11.9,5
2024-05-11 18:00,20.5,48,18.6,0.00,0.00,1009.2,28,16.5,16
2024-05-11 19:00,18.9,53,16.5,0.00,0.00,1009.6,17,22.9,22
2024-05-11 20:00,17.5,60,15.7,0.00,0.00,1009.8,1,21.2,32
2024-05-11 21:00,15.5,65,13.8,0.00,0.00,1010.1,2,21.9,44
2024-05-11 22:00,13.9,70,12.5,0.00,0.00,1010.3,0,19.4,47
2024-05-11 23:00,12.6,74,11.2,0.00,0.00,1009.8,0,18.2,56
2024-05-12 00:00,12.1,76,10.5,0.00,0.00,1010.2,1,19.0,71
2024-05-12 01:00,11.6,80,9.9,0.00,0.00,1010.3,0,20.7,82
2024-05-12 02:00,10.9,82,9.2,0.00,0.00,1010.2,1,20.2,86
2024-05-12 03:00,10.2,90,8.8,0.00,0.00,1009.9,0,18.4,73
2024-05-12 04:00,9.9,92,8.6,0.00,0.00,1009.9,86,17.3,73
2024-05-12 05:00,9.6,94,8.2,0.00,0.00,1010.0,98,18.0,74
2024-05-12 06:00,9.6,94,8.2,0.00,0.00,1010.0,5,17.2,74
2024-05-12 07:00,10.9,90,9.6,0.00,0.00,1010.4,0,15.9,72
2024-05-12 08:00,12.6,81,11.3,0.00,0.00,1010.3,1,11.2,69
2024-05-12 09:00,14.2,71,12.8,0.00,0.00,1010.1,0,11.9,76
2024-05-12 10:00,15.9,62,14.0,0.00,0.00,1010.2,0,13.3,77
2024-05-12 11:00,17.0,57,15.7,0.00,0.00,1009.6,0,14.7,79
2024-05-12 12:00,18.4,51,17.4,0.00,0.00,1009.3,47,16.6,86
2024-05-12 13:00,19.3,47,18.1,0.00,0.00,1009.1,100,15.9,94
2024-05-12 14:00,19.8,45,17.6,0.00,0.00,1008.6,98,16.6,95
2024-05-12 15:00,20.6,43,18.7,0.00,0.00,1007.6,97,15.2,95
2024-05-12 16:00,21.0,41,18.6,0.00,0.00,1007.1,97,17.8,98
2024-05-12 17:00,20.9,42,18.2,0.00,0.00,1006.7,90,19.4,101
2024-05-12 18:00,20.9,42,18.2,0.00,0.00,1006.1,20,19.8,109
2024-05-12 19:00,20.0,48,17.6,0.00,0.00,1006.2,2,23.1,121
2024-05-12 20:00,18.5,54,16.8,0.00,0.00,1005.9,0,21.4,119
2024-05-12 21:00,16.6,57,14.6,0.00,0.00,1006.1,0,23.7,103
2024-05-12 22:00,15.3,60,13.2,0.00,0.00,1006.3,13,24.3,97
2024-05-12 23:00,14.8,58,12.2,0.00,0.00,1006.1,2,26.7,104
2024-05-13 00:00,14.1,56,11.4,0.00,0.00,1006.1,0,25.3,113
2024-05-13 01:00,13.1,59,10.6,0.00,0.00,1005.9,0,22.9,116
2024-05-13 02:00,12.2,64,9.8,0.00,0.00,1005.6,0,22.4,123
2024-05-13 03:00,11.4,70,9.3,0.00,0.00,1004.6,0,21.4,126
2024-05-13 04:00,10.9,75,8.9,0.00,0.00,1004.7,0,19.9,132
2024-05-13 05:00,10.2,79,8.4,0.00,0.00,1004.9,0,18.4,130
2024-05-13 06:00,10.2,76,8.1,0.00,0.00,1005.2,0,19.2,120
2024-05-13 07:00,11.4,72,9.3,0.00,0.00,1005.5,0,17.6,118
2024-05-13 08:00,13.4,66,11.6,0.00,0.00,1005.5,0,14.5,117
2024-05-13 09:00,15.5,61,13.9,0.00,0.00,1005.2,0,10.3,119
2024-05-13 10:00,17.6,57,16.5,0.00,0.00,1004.8,0,9.3,126
2024-05-13 11:00,19.6,53,19.4,0.00,0.00,1004.9,0,8.9,117
2024-05-13 12:00,21.1,48,21.3,0.00,0.00,1004.2,0,10.2,113
2024-05-13 13:00,22.2,43,22.2,0.00,0.00,1004.0,0,12.6,117
2024-05-13 14:00,22.9,39,22.4,0.00,0.00,1003.4,0,15.2,121
2024-05-13 15:00,23.1,36,22.1,0.00,0.00,1001.7,1,16.1,114
2024-05-13 16:00,23.4,35,21.8,0.00,0.00,1002.1,2,16.3,108
2024-05-13 17:00,23.2,34,20.6,0.00,0.00,1001.7,4,18.8,107
2024-05-13 18:00,22.6,33,19.5,0.00,0.00,1001.2,8,19.9,110
2024-05-13 19:00,21.8,35,19.2,0.00,0.00,1001.3,3,19.5,113
2024-05-13 20:00,19.6,41,17.3,0.00,0.00,1001.1,1,22.3,104
2024-05-13 21:00,18.1,40,15.0,0.00,0.00,1001.3,0,27.9,104
2024-05-13 22:00,16.7,45,14.0,0.00,0.00,1001.6,0,24.4,106
2024-05-13 23:00,15.1,53,12.8,0.00,0.00,1001.1,0,22.3,104
2024-05-14 00:00,14.5,57,12.2,0.00,0.00,1001.0,0,22.9,116
2024-05-14 01:00,13.6,64,11.7,0.00,0.00,1001.1,0,20.6,133
2024-05-14 02:00,12.6,72,11.0,0.00,0.00,1000.6,0,19.4,138
2024-05-14 03:00,11.9,70,10.2,0.00,0.00,999.7,0,19.1,122
2024-05-14 04:00,10.8,79,9.1,0.00,0.00,1000.2,0,17.4,124
2024-05-14 05:00,10.1,84,8.4,0.00,0.00,1000.5,0,17.1,120
2024-05-14 06:00,10.6,83,8.9,0.00,0.00,1000.7,0,19.3,119
2024-05-14 07:00,12.6,78,10.8,0.00,0.00,1000.6,0,20.1,123
2024-05-14 08:00,15.1,70,13.9,0.00,0.00,1000.6,0,21.4,126
2024-05-14 09:00,17.6,62,16.1,0.00,0.00,1000.5,0,16.1,124
2024-05-14 10:00,19.8,54,18.0,0.00,0.00,1000.6,0,18.6,126
2024-05-14 11:00,21.5,46,19.6,0.00,0.00,1000.3,4,23.9,124
2024-05-14 12:00,22.5,40,20.2,0.00,0.00,1000.1,13,28.6,124
2024-05-14 13:00,23.2,36,20.7,0.00,0.00,999.9,0,29.9,124
2024-05-14 14:00,23.6,34,21.2,0.00,0.00,999.4,0,29.6,124
2024-05-14 15:00,24.1,32,21.5,0.00,0.00,998.6,0,28.0,122
2024-05-14 16:00,24.2,31,21.2,0.00,0.00,998.6,3,27.6,119
2024-05-14 17:00,24.5,30,21.2,0.00,0.00,998.1,1,24.7,121
2024-05-14 18:00,24.9,26,21.3,0.00,0.00,997.6,16,22.9,132
2024-05-14 19:00,23.3,34,20.2,0.00,0.00,997.7,1,26.3,130
2024-05-14 20:00,21.5,39,19.0,0.00,0.00,997.9,0,24.8,116
2024-05-14 21:00,19.8,40,16.5,0.00,0.00,997.9,1,30.3,108
2024-05-14 22:00,18.8,41,15.4,0.00,0.00,998.7,0,30.8,116
2024-05-14 23:00,17.9,44,14.6,0.00,0.00,998.8,0,29.9,126
2024-05-15 00:00,16.6,49,13.8,0.00,0.00,998.9,0,27.0,121
2024-05-15 01:00,15.5,54,12.8,0.00,0.00,998.8,0,26.7,116
2024-05-15 02:00,14.9,56,12.1,0.00,0.00,998.6,0,27.3,111
2024-05-15 03:00,14.2,59,11.4,0.00,0.00,997.8,0,28.8,106
2024-05-15 04:00,13.8,60,10.8,0.00,0.00,998.0,0,29.5,103
2024-05-15 05:00,13.4,60,10.4,0.00,0.00,998.0,0,30.7,99
2024-05-15 06:00,13.4,60,10.3,0.00,0.00,998.2,0,31.0,103
2024-05-15 07:00,14.6,58,11.5,0.00,0.00,998.0,0,29.3,104
2024-05-15 08:00,16.5,56,14.0,0.00,0.00,998.1,0,26.8,102
2024-05-15 09:00,18.5,50,15.3,0.00,0.00,997.9,0,26.4,101
2024-05-15 10:00,20.4,44,16.9,0.00,0.00,997.8,0,29.8,105
2024-05-15 11:00,21.9,40,18.9,0.00,0.00,997.7,0,30.6,108
2024-05-15 12:00,23.0,35,20.0,0.00,0.00,997.4,0,33.2,113
2024-05-15 13:00,24.0,31,20.8,0.00,0.00,997.4,0,34.9,112
2024-05-15 14:00,24.9,27,21.4,0.00,0.00,996.9,0,35.0,112
2024-05-15 15:00,25.4,26,21.7,0.00,0.00,996.8,0,35.1,114
2024-05-15 16:00,25.6,25,21.6,0.00,0.00,996.4,0,34.6,117
2024-05-15 17:00,25.4,25,20.7,0.00,0.00,996.1,0,35.3,122
2024-05-15 18:00,24.9,26,20.2,0.00,0.00,996.0,0,34.8,126
2024-05-15 19:00,23.8,30,19.7,0.00,0.00,996.2,0,33.1,125
2024-05-15 20:00,22.5,32,19.0,0.00,0.00,996.2,2,28.8,114
2024-05-15 21:00,20.5,36,16.9,0.00,0.00,996.4,14,30.9,107
2024-05-15 22:00,20.0,39,16.1,0.00,0.00,997.2,0,34.7,121
2024-05-15 23:00,19.1,43,15.7,0.00,0.00,997.4,0,32.4,116
2024-05-16 00:00,18.2,47,14.8,0.00,0.00,997.4,0,31.9,115
2024-05-16 01:00,17.6,49,14.3,0.00,0.00,997.2,0,32.2,115
2024-05-16 02:00,17.1,50,13.8,0.00,0.00,997.2,0,32.2,114
2024-05-16 03:00,16.4,54,13.1,0.00,0.00,996.7,0,32.8,107
2024-05-16 04:00,15.8,56,12.4,0.00,0.00,996.5,0,33.4,104
2024-05-16 05:00,15.3,57,11.9,0.00,0.00,996.2,0,32.4,102
2024-05-16 06:00,15.1,57,11.6,0.00,0.00,996.3,0,33.9,105
2024-05-16 07:00,16.0,56,12.4,0.00,0.00,996.2,2,33.4,106
2024-05-16 08:00,17.2,54,14.1,0.00,0.00,996.3,36,27.9,105
2024-05-16 09:00,18.6,51,15.2,0.00,0.00,996.0,80,30.4,111
2024-05-16 10:00,20.0,49,16.7,0.00,0.00,995.9,100,29.5,114
2024-05-16 11:00,21.1,47,18.5,0.00,0.00,995.8,100,29.9,116
2024-05-16 12:00,22.4,45,20.2,0.00,0.00,995.6,100,29.8,118
2024-05-16 13:00,23.2,43,21.2,0.00,0.00,995.6,87,31.2,124
2024-05-16 14:00,23.5,43,21.0,0.00,0.00,995.4,99,33.4,134
2024-05-16 15:00,19.8,56,17.5,0.00,0.00,996.7,100,25.4,148
2024-05-16 16:00,18.3,73,17.1,3.30,3.30,996.9,100,23.8,141
2024-05-16 17:00,18.1,75,18.0,0.50,0.50,996.5,100,16.7,143
2024-05-16 18:00,17.9,70,15.9,0.20,0.20,996.5,100,30.5,135
2024-05-16 19:00,17.8,69,15.6,0.10,0.10,996.1,100,31.5,123
2024-05-16 20:00,17.9,65,15.6,0.00,0.00,996.1,97,31.8,108
2024-05-16 21:00,17.5,61,14.8,0.00,0.00,996.1,62,33.0,112
2024-05-16 22:00,17.1,59,14.2,0.00,0.00,996.4,22,32.6,108
2024-05-16 23:00,17.0,57,13.8,0.00,0.00,996.3,36,33.1,109
2024-05-17 00:00,16.6,57,13.4,0.00,0.00,996.2,21,32.4,107
2024-05-17 01:00,16.3,57,13.2,0.00,0.00,996.1,52,31.7,107
2024-05-17 02:00,15.9,59,13.0,0.00,0.00,996.1,55,29.4,105
2024-05-17 03:00,16.0,61,13.0,0.00,0.00,995.6,87,31.3,102
2024-05-17 04:00,15.8,61,12.7,0.00,0.00,995.5,35,30.9,102
2024-05-17 05:00,15.6,62,12.5,0.00,0.00,995.5,59,31.8,100
2024-05-17 06:00,15.9,59,12.9,0.00,0.00,995.8,90,29.1,98
2024-05-17 07:00,16.5,57,13.0,0.00,0.00,995.7,86,33.2,95
2024-05-17 08:00,18.0,51,14.4,0.00,0.00,995.4,79,32.9,96
2024-05-17 09:00,18.9,49,15.1,0.00,0.00,995.4,35,32.8,94
2024-05-17 10:00,20.2,44,16.1,0.00,0.00,995.1,83,35.7,94
2024-05-17 11:00,21.7,41,17.9,0.00,0.00,995.1,58,36.0,106
2024-05-17 12:00,22.2,39,18.0,0.00,0.00,995.0,100,40.0,114
2024-05-17 13:00,20.5,43,16.0,0.00,0.00,995.3,100,40.3,110
2024-05-17 14:00,20.5,45,16.1,0.00,0.00,995.8,100,38.8,115
2024-05-17 15:00,21.1,42,16.7,0.00,0.00,995.8,100,38.0,115
2024-05-17 16:00,19.3,46,15.3,0.00,0.00,996.2,100,33.4,123
2024-05-17 17:00,17.5,52,14.3,0.00,0.00,996.6,100,26.4,118
2024-05-17 18:00,17.1,54,14.7,0.00,0.00,996.5,100,18.3,110
2024-05-17 19:00,17.5,54,15.0,0.00,0.00,996.3,100,20.3,102
2024-05-17 20:00,17.0,57,14.8,0.00,0.00,996.3,100,20.5,112
2024-05-17 21:00,16.1,60,14.2,0.00,0.00,996.5,97,19.5,102
2024-05-17 22:00,15.6,62,13.7,0.00,0.00,996.7,100,19.5,92
2024-05-17 23:00,15.4,64,13.6,0.00,0.00,996.7,100,18.1,103
2024-05-18 00:00,14.6,69,13.1,0.00,0.00,996.7,100,17.4,103
2024-05-18 01:00,13.9,73,12.3,0.00,0.00,996.8,100,18.4,93
2024-05-18 02:00,14.1,73,12.7,0.00,0.00,996.7,100,15.3,117
2024-05-18 03:00,13.6,80,13.0,0.00,0.00,996.9,93,12.0,129
2024-05-18 04:00,12.6,88,12.2,0.00,0.00,996.9,25,6.6,139
2024-05-18 05:00,11.9,89,11.3,0.00,0.00,997.1,24,4.7,113
2024-05-18 06:00,11.8,91,11.2,0.00,0.00,997.3,57,7.1,75
2024-05-18 07:00,12.9,86,12.3,0.00,0.00,997.4,85,10.1,73
2024-05-18 08:00,14.1,81,13.8,0.00,0.00,997.4,44,5.1,51
2024-05-18 09:00,15.4,72,14.8,0.00,0.00,997.7,100,5.1,45
2024-05-18 10:00,15.8,71,15.6,0.00,0.00,997.7,92,3.9,34
2024-05-18 11:00,16.8,67,16.6,0.00,0.00,998.0,99,2.9,60
2024-05-18 12:00,18.1,59,17.8,0.00,0.00,997.9,100,2.6,106
2024-05-18 13:00,18.0,57,17.6,0.20,0.20,997.8,100,2.9,150
2024-05-18 14:00,16.8,68,16.7,1.20,1.20,998.1,95,1.6,27
2024-05-18 15:00,16.5,74,16.6,0.10,0.10,998.5,14,4.7,122
2024-05-18 16:00,17.4,68,17.6,0.00,0.00,998.4,23,1.3,146
2024-05-18 17:00,17.8,65,17.9,0.00,0.00,998.0,22,1.1,18
2024-05-18 18:00,18.4,60,18.4,0.00,0.00,997.5,12,0.7,90
2024-05-18 19:00,18.0,60,17.7,0.00,0.00,997.3,100,3.2,153
2024-05-18 20:00,17.1,68,17.2,0.10,0.10,997.5,96,4.0,190
2024-05-18 21:00,15.2,78,15.0,0.00,0.00,997.7,100,4.3,312
2024-05-18 22:00,14.4,83,14.0,0.00,0.00,997.9,95,5.1,309
2024-05-18 23:00,15.1,77,15.0,0.00,0.00,998.0,27,3.8,287
2024-05-19 00:00,12.7,90,12.1,0.00,0.00,997.9,83,6.0,253
2024-05-19 01:00,12.0,93,11.4,0.00,0.00,998.0,100,8.2,241
2024-05-19 02:00,12.4,93,12.1,0.00,0.00,997.8,69,11.8,232
2024-05-19 03:00,12.2,92,11.6,0.00,0.00,997.6,72,12.3,267
2024-05-19 04:00,11.5,93,10.6,0.00,0.00,997.3,100,12.5,258
2024-05-19 05:00,10.8,95,9.9,0.00,0.00,997.1,35,11.5,231
2024-05-19 06:00,11.6,95,11.0,0.00,0.00,997.5,100,14.8,225
2024-05-19 07:00,13.4,89,12.8,0.00,0.00,997.9,100,16.8,227
2024-05-19 08:00,14.6,86,14.3,1.00,1.00,998.3,96,10.1,215
2024-05-19 09:00,15.3,82,14.7,0.10,0.10,998.0,74,12.3,232
2024-05-19 10:00,16.6,76,16.1,0.10,0.10,998.2,85,12.1,233
2024-05-19 11:00,17.3,72,16.6,0.10,0.10,998.1,98,12.6,239
2024-05-19 12:00,18.6,65,18.0,0.20,0.20,998.0,100,12.3,238
2024-05-19 13:00,16.7,72,15.6,6.70,6.70,997.9,99,15.2,216
2024-05-19 14:00,16.6,76,15.7,0.10,0.10,997.7,98,17.0,216
2024-05-19 15:00,19.1,63,18.5,0.10,0.10,997.6,97,16.1,228
2024-05-19 16:00,19.8,57,18.7,0.00,0.00,996.8,30,17.6,224
2024-05-19 17:00,17.6,64,15.6,0.40,0.40,997.0,94,22.3,214
2024-05-19 18:00,18.1,64,17.0,0.00,0.00,996.7,52,14.1,218
2024-05-19 19:00,17.9,65,16.9,0.00,0.00,996.5,63,14.5,224
2024-05-19 20:00,17.1,70,16.5,0.10,0.10,996.9,73,13.8,223
2024-05-19 21:00,15.6,77,15.3,0.00,0.00,997.2,43,13.6,233
2024-05-19 22:00,14.7,81,14.0,0.00,0.00,997.7,42,16.5,226
2024-05-19 23:00,13.6,87,13.1,0.00,0.00,997.8,27,15.6,241
2024-05-20 00:00,13.1,91,12.5,0.00,0.00,997.9,13,17.4,230
2024-05-20 01:00,12.6,92,12.0,0.00,0.00,998.0,2,17.4,236
2024-05-20 02:00,12.1,93,11.3,0.00,0.00,998.3,4,17.1,235
2024-05-20 03:00,11.8,94,11.2,0.00,0.00,998.2,7,16.3,242
2024-05-20 04:00,10.8,96,10.0,0.00,0.00,998.2,2,14.3,260
2024-05-20 05:00,10.9,95,10.1,0.00,0.00,998.4,1,14.1,251
2024-05-20 06:00,11.1,95,10.4,0.00,0.00,998.7,10,15.3,251
2024-05-20 07:00,12.5,91,12.1,0.00,0.00,999.0,13,14.8,257
2024-05-20 08:00,14.4,86,14.2,0.00,0.00,999.3,11,10.6,246
2024-05-20 09:00,16.5,78,16.5,0.00,0.00,999.2,9,7.6,239
2024-05-20 10:00,18.0,67,17.8,0.00,0.00,999.5,5,6.9,242
2024-05-20 11:00,19.2,59,19.4,0.00,0.00,999.5,16,7.7,221
2024-05-20 12:00,19.9,57,20.4,0.10,0.10,999.8,35,9.3,208
2024-05-20 13:00,20.5,56,20.9,0.00,0.00,999.8,34,10.0,210
2024-05-20 14:00,21.0,54,21.9,0.00,0.00,999.6,100,6.9,219
2024-05-20 15:00,21.5,48,21.8,0.00,0.00,999.3,20,4.4,215
2024-05-20 16:00,21.5,46,21.5,0.00,0.00,999.0,24,4.7,212
2024-05-20 17:00,21.5,46,21.1,0.00,0.00,998.8,66,2.6,254
2024-05-20 18:00,21.4,46,21.1,0.00,0.00,998.7,6,0.8,297
2024-05-20 19:00,21.1,48,20.8,0.00,0.00,998.5,17,2.9,97
2024-05-20 20:00,19.5,73,20.3,0.00,0.00,998.9,6,6.4,128
2024-05-20 21:00,17.9,64,17.3,0.00,0.00,999.2,4,7.6,95
2024-05-20 22:00,15.4,75,14.9,0.00,0.00,999.3,4,11.2,57
2024-05-20 23:00,15.1,76,14.2,0.00,0.00,999.3,3,19.0,57
2024-05-21 00:00,14.6,81,13.6,0.00,0.00,999.4,1,22.3,76
2024-05-21 01:00,14.1,86,13.5,0.00,0.00,999.3,19,21.1,82
2024-05-21 02:00,13.6,89,13.1,0.00,0.00,999.2,100,19.1,101
2024-05-21 03:00,13.7,92,13.2,0.00,0.00,999.0,44,20.3,73
2024-05-21 04:00,13.6,93,13.3,0.00,0.00,998.8,99,19.4,72
2024-05-21 05:00,13.4,94,13.0,0.00,0.00,998.5,88,18.5,69
2024-05-21 06:00,13.4,95,12.9,0.00,0.00,998.4,100,18.0,61
2024-05-21 07:00,14.6,90,14.3,0.00,0.00,998.4,100,19.9,58
2024-05-21 08:00,16.4,82,15.9,0.00,0.00,998.2,100,15.3,51
2024-05-21 09:00,18.2,75,18.1,0.00,0.00,998.2,100,13.2,61
2024-05-21 10:00,20.3,66,19.9,0.00,0.00,998.0,100,15.6,67
2024-05-21 11:00,22.5,57,22.1,0.00,0.00,997.6,100,18.6,75
2024-05-21 12:00,23.7,48,22.3,0.00,0.00,997.0,100,24.1,80
2024-05-21 13:00,24.3,43,22.0,0.00,0.00,996.5,100,25.6,86
2024-05-21 14:00,24.8,42,22.3,0.10,0.10,995.5,100,27.0,87
2024-05-21 15:00,24.5,47,22.4,0.30,0.30,995.1,100,29.9,88
2024-05-21 16:00,25.2,44,22.6,0.00,0.00,994.2,100,33.0,82
2024-05-21 17:00,22.5,58,21.2,0.50,0.50,994.5,100,26.9,129
2024-05-21 18:00,22.5,60,21.9,0.00,0.00,994.1,100,22.4,101
2024-05-21 19:00,22.0,59,20.7,0.00,0.00,993.9,100,28.8,106
2024-05-21 20:00,21.0,60,19.1,0.00,0.00,994.3,100,31.5,104
2024-05-21 21:00,19.5,70,18.1,0.30,0.30,994.3,100,31.7,111
2024-05-21 22:00,17.6,88,16.9,2.10,2.10,994.3,100,32.8,103
2024-05-21 23:00,17.5,89,17.1,1.00,1.00,993.9,100,29.3,111
2024-05-22 00:00,17.0,91,16.8,2.90,2.90,993.7,100,26.1,96
2024-05-22 01:00,16.9,93,17.2,2.50,2.50,993.4,100,22.5,97
2024-05-22 02:00,16.9,92,17.2,2.30,2.30,993.0,100,22.4,109
2024-05-22 03:00,16.8,90,16.6,0.00,0.00,993.2,100,24.3,115
2024-05-22 04:00,16.1,94,16.6,0.40,0.40,993.0,100,18.8,119
2024-05-22 05:00,15.9,96,16.8,1.00,1.00,992.9,100,13.4,121
2024-05-22 06:00,15.8,97,17.0,0.50,0.50,993.0,100,8.2,113
2024-05-22 07:00,16.3,96,18.2,0.10,0.10,992.9,100,2.3,141
2024-05-22 08:00,16.6,94,17.6,0.10,0.10,993.1,100,9.0,272
2024-05-22 09:00,16.4,94,16.4,0.20,0.20,993.4,100,18.7,251
2024-05-22 10:00,16.0,88,14.6,0.30,0.30,993.9,100,29.4,255
2024-05-22 11:00,15.9,86,14.3,0.00,0.00,994.6,100,29.6,260
2024-05-22 12:00,17.2,83,15.3,0.30,0.30,995.0,100,33.1,270
2024-05-22 13:00,16.0,85,14.3,0.70,0.70,996.2,100,30.1,263
2024-05-22 14:00,15.6,91,14.4,0.80,0.80,996.5,100,27.6,255
2024-05-22 15:00,15.6,87,14.5,0.40,0.40,997.4,100,25.8,247
2024-05-22 16:00,16.0,85,15.0,0.10,0.10,997.5,100,23.6,258
2024-05-22 17:00,16.1,84,15.2,0.10,0.10,997.7,100,23.1,266
2024-05-22 18:00,16.5,83,16.0,0.00,0.00,998.1,100,17.4,264
2024-05-22 19:00,16.6,82,16.2,0.00,0.00,998.3,97,16.5,259
2024-05-22 20:00,16.3,83,15.9,0.00,0.00,998.7,46,18.6,252
2024-05-22 21:00,15.1,87,14.7,0.00,0.00,999.1,33,20.8,256
2024-05-22 22:00,14.4,89,13.8,0.00,0.00,999.8,66,22.1,258
2024-05-22 23:00,13.9,91,13.2,0.00,0.00,1000.1,75,22.6,256
2024-05-23 00:00,13.9,90,13.1,0.00,0.00,1000.4,97,22.8,258
2024-05-23 01:00,13.8,90,12.9,0.00,0.00,1000.6,100,22.7,260
2024-05-23 02:00,13.2,91,12.2,0.00,0.00,1000.7,91,23.2,263
2024-05-23 03:00,13.4,91,12.5,0.00,0.00,1000.7,30,22.3,261
2024-05-23 04:00,12.9,92,11.9,0.00,0.00,1000.9,14,22.9,262
2024-05-23 05:00,12.5,93,11.4,0.00,0.00,1001.1,3,22.9,257
2024-05-23 06:00,12.6,91,11.4,0.00,0.00,1001.7,7,22.4,251
2024-05-23 07:00,13.8,87,12.7,0.00,0.00,1002.2,8,23.5,255
2024-05-23 08:00,15.4,80,14.7,0.00,0.00,1002.6,12,15.1,252
2024-05-23 09:00,17.0,73,16.1,0.00,0.00,1002.7,5,15.1,252
2024-05-23 10:00,18.4,66,17.3,0.10,0.10,1002.9,23,16.3,256
2024-05-23 11:00,19.2,60,18.2,0.10,0.10,1002.9,28,16.9,259
2024-05-23 12:00,20.0,56,19.3,0.00,0.00,1002.9,20,17.8,262
2024-05-23 13:00,21.0,50,20.4,0.00,0.00,1002.8,7,16.9,268
2024-05-23 14:00,21.8,45,21.4,0.00,0.00,1002.7,15,14.2,277
2024-05-23 15:00,21.5,46,20.5,0.00,0.00,1002.9,33,12.6,283
2024-05-23 16:00,21.8,46,20.9,0.00,0.00,1002.8,32,10.7,315
2024-05-23 17:00,21.5,47,20.2,0.00,0.00,1003.0,49,10.9,343
2024-05-23 18:00,21.2,49,20.0,0.00,0.00,1002.9,43,11.2,4
2024-05-23 19:00,20.3,52,19.3,0.00,0.00,1003.2,25,12.8,11
2024-05-23 20:00,18.8,73,19.2,0.00,0.00,1003.6,37,9.0,355
2024-05-23 21:00,16.5,71,15.8,0.00,0.00,1004.1,39,8.4,329
2024-05-23 22:00,15.6,73,14.9,0.00,0.00,1004.7,44,8.0,352
2024-05-23 23:00,14.9,77,14.2,0.00,0.00,1005.1,53,7.8,22
2024-05-24 00:00,13.5,83,12.5,0.00,0.00,1005.1,73,10.5,31
2024-05-24 01:00,12.9,85,12.0,0.00,0.00,1005.2,60,11.0,32
2024-05-24 02:00,12.6,86,11.9,0.00,0.00,1005.3,16,10.9,27
2024-05-24 03:00,12.6,87,11.8,0.00,0.00,1005.3,52,17.5,19
2024-05-24 04:00,12.4,88,11.3,0.00,0.00,1005.6,24,18.9,13
2024-05-24 05:00,12.4,86,11.0,0.00,0.00,1005.7,27,21.5,18
2024-05-24 06:00,12.4,87,11.3,0.00,0.00,1005.7,9,17.6,23
2024-05-24 07:00,13.9,84,13.9,0.00,0.00,1006.0,52,8.2,38
2024-05-24 08:00,15.6,78,15.4,0.00,0.00,1006.2,96,6.5,354
2024-05-24 09:00,17.6,72,17.6,0.00,0.00,1006.3,98,7.9,24
2024-05-24 10:00,19.5,66,19.3,0.00,0.00,1006.2,99,11.4,55
2024-05-24 11:00,21.1,59,20.8,0.00,0.00,1006.0,100,15.9,72
2024-05-24 12:00,20.8,61,20.1,0.40,0.40,1006.0,100,22.9,77
2024-05-24 13:00,20.2,67,20.0,0.40,0.40,1005.4,100,13.4,85
2024-05-24 14:00,19.6,70,19.4,2.90,2.90,1005.2,100,14.3,139
2024-05-24 15:00,17.8,76,18.0,0.20,0.20,1005.7,100,8.7,97
2024-05-24 16:00,17.2,84,17.5,1.10,1.10,1005.5,100,11.7,101
2024-05-24 17:00,17.7,85,18.4,0.20,0.20,1005.0,100,9.3,62
2024-05-24 18:00,17.5,86,17.7,0.10,0.10,1004.9,100,14.5,60
2024-05-24 19:00,17.4,87,18.4,0.40,0.40,1004.8,100,7.4,61
2024-05-24 20:00,17.1,91,18.4,0.00,0.00,1004.9,100,9.3,77
2024-05-24 21:00,16.1,95,17.2,0.00,0.00,1004.8,100,11.2,69
2024-05-24 22:00,15.2,95,15.9,1.00,1.00,1005.2,100,13.9,65
2024-05-24 23:00,15.1,95,15.7,1.20,1.20,1005.0,100,12.2,92
2024-05-25 00:00,14.8,98,15.8,0.10,0.10,1005.4,100,9.7,135
2024-05-25 01:00,14.4,98,15.4,0.10,0.10,1005.1,100,7.8,158
2024-05-25 02:00,14.4,98,15.2,0.00,0.00,1005.0,76,5.5,148
2024-05-25 03:00,13.7,99,14.7,0.00,0.00,1004.8,65,3.6,53
2024-05-25 04:00,13.6,99,14.6,0.00,0.00,1004.6,98,2.9,120
2024-05-25 05:00,12.4,99,12.4,0.00,0.00,1004.6,100,8.2,229
2024-05-25 06:00,13.3,100,13.4,0.00,0.00,1004.9,100,9.4,227
2024-05-25 07:00,14.1,96,14.4,0.00,0.00,1005.2,64,6.7,234
2024-05-25 08:00,15.1,92,15.7,0.00,0.00,1005.1,61,5.2,236
2024-05-25 09:00,16.3,85,16.6,0.00,0.00,1005.3,89,8.5,216
2024-05-25 10:00,17.9,78,18.1,0.00,0.00,1005.4,90,9.3,216
2024-05-25 11:00,19.0,74,19.7,0.00,0.00,1005.4,27,9.1,214
2024-05-25 12:00,20.0,68,21.4,0.10,0.10,1005.2,17,10.4,214
2024-05-25 13:00,20.9,60,22.1,0.00,0.00,1005.1,20,10.5,218
2024-05-25 14:00,21.7,56,22.9,0.00,0.00,1004.9,57,9.5,209
2024-05-25 15:00,21.2,57,21.9,0.00,0.00,1005.3,95,9.1,187
2024-05-25 16:00,21.4,54,21.0,0.00,0.00,1005.1,100,8.4,205
2024-05-25 17:00,21.2,54,20.7,0.00,0.00,1005.0,100,9.4,198
2024-05-25 18:00,21.2,53,21.0,0.00,0.00,1004.9,96,5.6,207
2024-05-25 19:00,20.9,56,21.0,0.00,0.00,1005.0,49,4.2,211
2024-05-25 20:00,19.6,76,20.8,0.00,0.00,1005.1,92,4.3,246
2024-05-25 21:00,17.2,73,17.0,0.00,0.00,1005.3,91,6.1,273
2024-05-25 22:00,16.0,76,15.8,0.00,0.00,1005.6,92,3.7,11
2024-05-25 23:00,15.6,78,15.2,0.00,0.00,1005.9,49,15.7,101
2024-05-26 00:00,13.9,86,13.9,0.00,0.00,1005.9,94,2.9,150
2024-05-26 01:00,13.6,88,13.3,0.00,0.00,1005.7,86,5.0,240
2024-05-26 02:00,12.4,92,11.9,0.00,0.00,1005.7,52,3.4,252
2024-05-26 03:00,13.4,96,13.3,0.00,0.00,1005.8,86,13.4,185
2024-05-26 04:00,13.9,95,14.1,0.00,0.00,1005.8,53,8.7,187
2024-05-26 05:00,11.8,98,11.2,0.00,0.00,1005.9,22,8.0,278
2024-05-26 06:00,12.4,99,12.4,0.00,0.00,1006.2,14,4.3,360
2024-05-26 07:00,14.3,97,14.9,0.00,0.00,1006.5,94,6.5,109
2024-05-26 08:00,15.9,93,17.3,0.00,0.00,1006.6,73,2.9,180
2024-05-26 09:00,17.5,88,19.0,0.00,0.00,1007.0,99,2.3,141
2024-05-26 10:00,18.9,79,20.0,0.10,0.10,1006.7,100,6.0,123
2024-05-26 11:00,19.9,72,20.8,0.10,0.10,1006.7,94,7.1,150
2024-05-26 12:00,21.0,65,22.4,0.00,0.00,1006.4,48,8.2,151
2024-05-26 13:00,22.1,58,23.6,0.00,0.00,1006.1,14,9.3,152
2024-05-26 14:00,22.7,55,23.8,0.00,0.00,1005.8,26,11.4,167
2024-05-26 15:00,23.5,47,23.1,0.00,0.00,1005.3,59,14.0,181
2024-05-26 16:00,23.5,45,22.4,0.00,0.00,1004.8,42,15.7,196
2024-05-26 17:00,23.3,45,22.0,0.20,0.20,1004.7,31,14.8,194
2024-05-26 18:00,22.7,48,21.4,0.30,0.30,1004.7,30,16.2,193
2024-05-26 19:00,22.2,55,22.2,0.00,0.00,1004.9,49,11.6,175
2024-05-26 20:00,20.6,67,21.3,0.00,0.00,1004.9,100,12.0,164
2024-05-26 21:00,18.2,73,18.4,0.00,0.00,1005.1,100,14.5,187
2024-05-26 22:00,17.1,80,17.1,0.00,0.00,1005.3,100,10.4,180
2024-05-26 23:00,17.0,79,16.9,0.00,0.00,1005.2,100,12.8,169
2024-05-27 00:00,16.4,79,16.3,0.00,0.00,1005.3,100,15.7,169
2024-05-27 01:00,16.6,76,16.1,0.00,0.00,1005.6,100,20.7,163
2024-05-27 02:00,16.2,79,16.0,0.00,0.00,1005.1,100,17.3,175
2024-05-27 03:00,16.0,87,16.4,0.00,0.00,1004.9,100,14.3,190
2024-05-27 04:00,16.0,86,16.3,0.00,0.00,1004.6,100,16.5,224
2024-05-27 05:00,15.4,86,15.5,0.00,0.00,1004.5,100,18.4,247
2024-05-27 06:00,15.4,86,15.7,0.00,0.00,1005.0,100,12.7,241
2024-05-27 07:00,16.0,84,16.3,0.50,0.50,1005.6,100,12.4,240
2024-05-27 08:00,16.2,86,16.4,0.60,0.60,1005.8,100,13.5,236
2024-05-27 09:00,16.6,86,17.1,0.30,0.30,1006.1,100,12.7,235
2024-05-27 10:00,17.0,85,17.5,1.40,1.40,1006.1,100,8.6,213
2024-05-27 11:00,18.1,82,19.2,0.10,0.10,1006.2,100,4.7,203
2024-05-27 12:00,19.5,71,20.0,0.10,0.10,1005.9,92,7.3,200
2024-05-27 13:00,20.5,67,21.4,0.10,0.10,1005.7,56,6.5,199
2024-05-27 14:00,21.5,64,23.0,0.00,0.00,1005.2,61,6.2,190
2024-05-27 15:00,22.4,49,22.7,0.00,0.00,1004.7,55,7.6,183
2024-05-27 16:00,22.7,48,22.4,0.00,0.00,1004.2,81,7.6,205
2024-05-27 17:00,22.6,49,22.3,0.00,0.00,1003.7,100,6.4,207
2024-05-27 18:00,21.5,55,21.4,0.00,0.00,1003.3,77,7.4,256
2024-05-27 19:00,21.2,59,21.6,0.00,0.00,1003.2,98,3.7,281
2024-05-27 20:00,20.9,64,22.0,0.00,0.00,1003.2,99,2.4,27
2024-05-27 21:00,18.5,72,18.2,0.00,0.00,1003.2,93,15.8,78
2024-05-27 22:00,16.5,88,15.9,0.00,0.00,1003.5,78,23.8,110
2024-05-27 23:00,16.1,87,16.0,0.00,0.00,1003.0,100,18.4,181
2024-05-28 00:00,15.8,91,15.7,0.90,0.90,1003.3,100,19.6,250
2024-05-28 01:00,15.4,92,15.9,0.20,0.20,1003.4,100,14.8,269
2024-05-28 02:00,15.4,93,16.1,0.40,0.40,1003.0,100,9.8,234
2024-05-28 03:00,15.4,92,15.7,0.00,0.00,1002.9,100,16.6,271
2024-05-28 04:00,14.9,92,15.0,0.00,0.00,1002.9,100,15.9,266
2024-05-28 05:00,14.6,93,14.5,0.10,0.10,1003.3,100,16.9,269
2024-05-28 06:00,14.4,93,14.3,0.30,0.30,1003.7,100,16.2,269
2024-05-28 07:00,14.4,94,14.5,0.30,0.30,1004.1,100,15.1,270
2024-05-28 08:00,14.4,86,13.3,0.40,0.40,1004.5,100,17.4,288
2024-05-28 09:00,14.4,87,14.1,0.20,0.20,1005.1,100,12.2,294
2024-05-28 10:00,14.9,86,14.6,0.10,0.10,1005.5,100,10.5,262
2024-05-28 11:00,15.5,79,14.5,0.10,0.10,1005.8,100,14.4,257
2024-05-28 12:00,16.9,65,15.2,0.00,0.00,1005.9,60,17.2,260
2024-05-28 13:00,17.9,57,15.8,0.10,0.10,1005.7,39,20.5,255
2024-05-28 14:00,18.0,53,15.4,0.00,0.00,1005.4,12,22.4,259
2024-05-28 15:00,18.0,49,16.0,0.00,0.00,1006.1,47,16.8,280
2024-05-28 16:00,18.2,48,16.2,0.00,0.00,1005.9,34,16.2,258
2024-05-28 17:00,18.0,50,15.2,0.00,0.00,1005.8,20,20.3,253
2024-05-28 18:00,18.0,49,15.4,0.00,0.00,1005.6,11,18.0,254
2024-05-28 19:00,17.6,49,15.3,0.00,0.00,1005.5,4,16.0,256
2024-05-28 20:00,16.5,67,16.0,0.00,0.00,1005.6,26,9.6,250
2024-05-28 21:00,14.6,65,13.2,0.00,0.00,1005.7,26,12.8,230
2024-05-28 22:00,14.0,63,12.0,0.00,0.00,1006.0,17,19.8,254
2024-05-28 23:00,12.4,69,10.6,0.00,0.00,1006.0,43,16.1,241
2024-05-29 00:00,11.6,73,9.9,0.00,0.00,1005.7,1,16.9,220
2024-05-29 01:00,11.4,76,9.5,0.00,0.00,1005.4,89,20.5,202
2024-05-29 02:00,11.1,78,9.1,0.00,0.00,1005.1,100,21.0,196
2024-05-29 03:00,11.2,80,9.3,0.00,0.00,1004.6,100,20.7,188
2024-05-29 04:00,11.8,75,9.9,0.00,0.00,1004.2,100,19.6,194
2024-05-29 05:00,12.4,71,10.4,0.00,0.00,1004.0,100,18.2,198
2024-05-29 06:00,12.9,70,11.1,0.00,0.00,1003.6,100,16.6,193
2024-05-29 07:00,13.4,72,11.6,0.00,0.00,1003.2,100,18.1,186
2024-05-29 08:00,14.8,71,13.3,0.00,0.00,1002.7,100,18.0,178
2024-05-29 09:00,16.5,64,14.4,0.00,0.00,1001.9,100,19.5,182
2024-05-29 10:00,18.3,57,16.0,0.00,0.00,1001.3,100,22.4,191
2024-05-29 11:00,19.2,57,17.2,0.00,0.00,1001.0,100,25.9,201
2024-05-29 12:00,19.8,54,17.5,0.00,0.00,1000.7,100,23.3,197
2024-05-29 13:00,21.0,54,19.9,0.00,0.00,999.8,100,23.1,203
2024-05-29 14:00,18.7,72,16.8,1.10,1.10,999.7,100,30.4,220
2024-05-29 15:00,17.6,75,16.0,1.90,1.90,1000.3,100,27.2,209
2024-05-29 16:00,17.6,73,16.2,0.40,0.40,999.6,100,22.5,207
2024-05-29 17:00,17.8,74,16.7,0.00,0.00,998.8,60,19.9,193
2024-05-29 18:00,18.7,70,17.8,0.00,0.00,998.2,22,17.8,187
2024-05-29 19:00,18.4,70,17.8,0.00,0.00,997.8,88,14.6,200
2024-05-29 20:00,15.8,85,15.5,1.10,1.10,998.0,96,15.9,231
2024-05-29 21:00,15.4,90,15.9,0.90,0.90,997.6,67,11.2,201
2024-05-29 22:00,14.6,93,14.9,0.00,0.00,997.7,26,12.6,185
2024-05-29 23:00,14.0,94,14.1,0.00,0.00,997.4,22,14.2,196
2024-05-30 00:00,13.8,94,13.6,0.00,0.00,997.1,14,16.8,195
2024-05-30 01:00,13.2,94,13.0,0.00,0.00,996.7,80,16.2,197
2024-05-30 02:00,13.2,93,12.7,0.00,0.00,996.4,41,18.7,205
2024-05-30 03:00,13.1,94,12.9,0.00,0.00,995.7,97,17.2,206
2024-05-30 04:00,12.7,94,12.4,0.00,0.00,995.1,22,16.5,203
2024-05-30 05:00,11.5,96,10.8,0.00,0.00,994.9,47,13.7,210
2024-05-30 06:00,12.8,95,12.6,0.00,0.00,994.6,42,14.5,243
2024-05-30 07:00,14.0,93,14.4,0.00,0.00,994.5,100,8.9,243
2024-05-30 08:00,15.1,88,15.8,0.00,0.00,994.2,100,3.8,197
2024-05-30 09:00,15.6,85,16.0,0.20,0.20,994.1,100,4.4,145
2024-05-30 10:00,15.6,85,16.3,0.20,0.20,994.1,100,3.3,186
2024-05-30 11:00,15.6,86,16.2,1.00,1.00,993.9,100,3.1,111
2024-05-30 12:00,15.4,86,15.7,1.10,1.10,993.7,100,6.7,144
2024-05-30 13:00,15.6,86,16.1,0.80,0.80,993.5,100,5.5,169
2024-05-30 14:00,16.0,86,17.0,0.20,0.20,993.0,97,1.8,191
2024-05-30 15:00,16.4,87,17.1,0.50,0.50,992.4,100,4.7,122
2024-05-30 16:00,15.2,91,16.1,1.80,1.80,992.0,100,3.2,63
2024-05-30 17:00,15.7,91,17.1,1.60,1.60,991.7,100,0.4,90
2024-05-30 18:00,15.9,86,16.4,1.20,1.20,991.6,100,4.7,261
2024-05-30 19:00,15.1,92,15.5,1.10,1.10,991.7,100,11.8,333
2024-05-30 20:00,14.6,94,15.5,0.40,0.40,991.9,100,6.3,347
2024-05-30 21:00,14.4,96,15.0,1.90,1.90,992.1,100,9.8,306
2024-05-30 22:00,14.2,96,14.9,2.10,2.10,992.4,100,9.2,296
2024-05-30 23:00,14.1,95,14.2,0.60,0.60,992.5,100,13.4,294
2024-05-31 00:00,13.8,94,13.5,0.40,0.40,992.8,100,15.8,287
2024-05-31 01:00,13.7,94,13.4,0.50,0.50,993.0,98,16.3,278
2024-05-31 02:00,13.4,93,13.3,0.10,0.10,993.1,32,13.9,260
2024-05-31 03:00,12.9,94,12.5,0.00,0.00,993.6,26,17.7,266
2024-05-31 04:00,11.8,95,11.3,0.00,0.00,993.7,96,15.1,269
2024-05-31 05:00,11.6,95,11.0,0.00,0.00,994.0,91,15.5,270
2024-05-31 06:00,12.4,93,11.7,0.00,0.00,994.2,86,17.8,277
2024-05-31 07:00,13.5,89,12.8,0.00,0.00,995.0,16,14.8,266
2024-05-31 08:00,14.6,83,13.2,0.00,0.00,995.3,100,19.3,279
2024-05-31 09:00,15.4,78,14.0,0.00,0.00,995.5,100,18.9,294
2024-05-31 10:00,16.5,71,14.7,0.10,0.10,995.8,100,20.5,304
2024-05-31 11:00,17.1,68,15.5,0.00,0.00,996.0,100,19.1,311
2024-05-31 12:00,17.6,65,16.0,0.00,0.00,996.3,100,18.4,325
2024-05-31 13:00,18.3,62,16.9,0.00,0.00,996.4,100,16.3,325
2024-05-31 14:00,18.5,63,17.4,0.00,0.00,996.7,100,15.1,327
2024-05-31 15:00,19.4,59,19.0,0.00,0.00,996.6,100,14.4,338
2024-05-31 16:00,18.9,61,17.5,0.00,0.00,996.8,100,15.8,343
2024-05-31 17:00,19.1,60,17.8,0.00,0.00,996.9,100,15.8,343
2024-05-31 18:00,18.7,63,17.3,0.00,0.00,996.9,100,18.7,341
2024-05-31 19:00,18.2,66,16.9,0.00,0.00,996.7,100,18.1,343
2024-05-31 20:00,17.3,74,16.6,0.00,0.00,997.2,100,18.2,351
2024-05-31 21:00,16.6,77,16.1,0.00,0.00,997.5,100,18.1,343
2024-05-31 22:00,15.4,82,14.9,0.00,0.00,997.5,94,19.4,338
2024-05-31 23:00,14.9,84,14.1,0.00,0.00,997.7,100,22.9,336
2024-06-01 00:00,14.9,85,13.9,0.00,0.00,997.5,100,24.9,342
2024-06-01 01:00,15.0,86,14.0,0.00,0.00,997.6,100,25.0,348
2024-06-01 02:00,14.9,87,14.0,0.00,0.00,997.2,100,24.9,346
2024-06-01 03:00,15.0,93,14.3,0.20,0.20,997.3,99,25.5,344
2024-06-01 04:00,14.6,95,14.0,0.00,0.00,997.3,100,24.5,338
2024-06-01 05:00,14.6,94,13.6,0.10,0.10,997.2,97,27.9,346
2024-06-01 06:00,14.6,94,13.5,0.00,0.00,997.3,78,28.3,342
2024-06-01 07:00,15.4,93,14.3,0.00,0.00,997.6,69,26.8,343
2024-06-01 08:00,16.5,91,15.3,0.00,0.00,998.0,100,26.6,347
2024-06-01 09:00,17.5,87,16.8,0.00,0.00,998.5,100,24.2,355
2024-06-01 10:00,18.4,84,17.9,0.20,0.20,998.7,100,23.4,356
2024-06-01 11:00,20.5,73,20.1,0.10,0.10,998.6,88,22.0,358
2024-06-01 12:00,22.2,69,22.9,0.10,0.10,998.6,70,22.8,355
2024-06-01 13:00,22.9,67,23.8,0.40,0.40,998.6,100,23.5,4
2024-06-01 14:00,21.5,72,21.7,7.60,7.60,998.4,99,21.3,355
2024-06-01 15:00,22.0,69,21.8,3.50,3.50,997.7,92,28.1,357
2024-06-01 16:00,22.1,71,23.1,5.00,5.00,997.7,76,14.5,346
2024-06-01 17:00,19.5,77,18.8,3.10,3.10,999.3,95,26.4,35
2024-06-01 18:00,18.5,79,18.1,0.30,0.30,999.8,100,21.4,353
2024-06-01 19:00,18.2,85,18.4,0.00,0.00,999.5,91,23.1,329
2024-06-01 20:00,18.9,85,19.1,0.00,0.00,999.8,70,23.8,331
2024-06-01 21:00,18.2,87,18.1,0.00,0.00,1000.1,22,28.2,330
2024-06-01 22:00,17.6,90,18.0,0.00,0.00,1000.9,10,25.3,334
2024-06-01 23:00,15.6,94,16.0,3.20,3.20,1001.6,49,18.1,305
2024-06-02 00:00,15.9,91,15.1,0.80,0.80,1001.4,4,29.9,311
2024-06-02 01:00,16.0,91,15.3,0.00,0.00,1001.5,9,30.0,331
2024-06-02 02:00,15.7,91,15.1,0.00,0.00,1001.7,84,28.9,329
2024-06-02 03:00,16.0,91,15.3,0.00,0.00,1001.8,99,29.3,317
2024-06-02 04:00,15.6,93,14.7,0.00,0.00,1002.0,100,31.1,319
2024-06-02 05:00,15.2,93,14.1,0.00,0.00,1002.3,100,32.4,319
2024-06-02 06:00,15.6,92,14.2,0.00,0.00,1002.6,75,33.9,325
2024-06-02 07:00,15.9,91,14.9,0.00,0.00,1003.1,46,29.1,324
2024-06-02 08:00,16.9,86,15.8,0.00,0.00,1003.5,82,25.8,330
2024-06-02 09:00,17.8,85,16.4,0.00,0.00,1003.8,100,30.9,331
2024-06-02 10:00,18.5,82,17.4,0.10,0.10,1004.5,100,28.3,326
2024-06-02 11:00,19.5,75,18.6,0.30,0.30,1004.5,84,26.5,323
2024-06-02 12:00,19.6,77,18.8,0.30,0.30,1004.4,75,27.0,316
2024-06-02 13:00,19.5,75,18.4,0.10,0.10,1004.5,86,27.4,321
2024-06-02 14:00,20.5,72,19.5,0.00,0.00,1004.3,80,27.0,318
2024-06-02 15:00,19.0,74,17.8,0.00,0.00,1005.3,100,27.9,330
2024-06-02 16:00,19.4,71,18.1,0.00,0.00,1005.1,95,25.1,321
2024-06-02 17:00,19.9,68,18.5,0.00,0.00,1005.1,70,26.0,319
2024-06-02 18:00,19.0,70,17.4,0.00,0.00,1005.2,98,27.0,317
2024-06-02 19:00,18.1,72,16.4,0.00,0.00,1005.2,67,27.7,325
2024-06-02 20:00,17.2,74,15.7,0.00,0.00,1005.5,52,25.6,322
2024-06-02 21:00,16.0,78,14.7,0.00,0.00,1005.7,44,25.1,321
2024-06-02 22:00,15.2,80,14.0,0.00,0.00,1006.2,39,22.7,313
2024-06-02 23:00,14.6,81,13.6,0.00,0.00,1006.5,60,20.4,312
2024-06-03 00:00,14.3,80,13.2,0.00,0.00,1006.4,60,19.9,305
2024-06-03 01:00,13.8,80,12.3,0.00,0.00,1006.4,0,22.9,316
2024-06-03 02:00,13.2,80,11.4,0.00,0.00,1006.4,2,22.9,323
2024-06-03 03:00,12.4,81,10.2,0.00,0.00,1006.4,14,23.8,321
2024-06-03 04:00,11.4,81,8.9,0.00,0.00,1006.2,2,24.5,320
2024-06-03 05:00,10.8,82,8.6,0.00,0.00,1006.3,3,21.1,313
2024-06-03 06:00,11.1,80,8.7,0.00,0.00,1006.3,40,21.7,317
2024-06-03 07:00,12.1,76,9.5,0.00,0.00,1006.6,76,20.5,322
2024-06-03 08:00,13.1,71,10.5,0.00,0.00,1006.6,83,19.4,325
2024-06-03 09:00,13.9,68,11.6,0.00,0.00,1006.5,63,16.8,317
2024-06-03 10:00,14.7,66,12.5,0.00,0.00,1006.2,100,16.8,313
2024-06-03 11:00,15.2,65,13.1,0.00,0.00,1006.1,92,16.3,311
2024-06-03 12:00,16.5,61,15.2,0.00,0.00,1005.8,83,12.9,306
2024-06-03 13:00,17.6,58,17.6,0.00,0.00,1005.3,12,11.3,301
2024-06-03 14:00,18.9,53,18.6,0.00,0.00,1004.9,79,11.6,306
2024-06-03 15:00,17.7,56,16.3,0.00,0.00,1005.3,100,11.0,293
2024-06-03 16:00,18.5,54,17.0,0.00,0.00,1004.9,99,11.9,305
2024-06-03 17:00,17.7,57,15.8,0.00,0.00,1004.8,88,15.0,336
2024-06-03 18:00,16.9,61,14.6,0.00,0.00,1004.9,92,20.6,331
2024-06-03 19:00,16.1,63,13.8,0.00,0.00,1004.8,90,21.1,335
2024-06-03 20:00,15.4,64,13.5,0.00,0.00,1004.9,100,17.9,332
2024-06-03 21:00,14.9,64,13.1,0.00,0.00,1005.2,100,16.4,331
2024-06-03 22:00,13.8,69,12.0,0.00,0.00,1005.5,99,17.7,331
2024-06-03 23:00,12.5,76,11.1,0.00,0.00,1005.4,44,16.3,319
2024-06-04 00:00,11.9,78,10.4,0.00,0.00,1005.3,100,17.3,306
2024-06-04 01:00,11.1,81,9.4,0.00,0.00,1005.1,100,16.3,301
2024-06-04 02:00,10.6,82,9.1,0.00,0.00,1004.9,96,13.4,297
2024-06-04 03:00,11.1,78,9.7,0.00,0.00,1004.9,100,14.2,294
2024-06-04 04:00,11.2,79,9.9,0.00,0.00,1004.7,100,12.2,284
2024-06-04 05:00,11.4,80,10.1,0.00,0.00,1004.7,100,11.0,281
2024-06-04 06:00,11.8,82,10.7,0.00,0.00,1004.5,98,9.7,270
2024-06-04 07:00,12.6,80,11.8,0.00,0.00,1004.3,93,8.1,257
2024-06-04 08:00,13.9,77,13.2,0.00,0.00,1004.2,41,5.4,250
2024-06-04 09:00,15.2,71,14.6,0.00,0.00,1004.2,72,5.4,217
2024-06-04 10:00,16.2,63,15.2,0.00,0.00,1004.0,100,6.4,207
2024-06-04 11:00,16.5,61,15.5,0.00,0.00,1003.6,100,6.3,211
2024-06-04 12:00,16.9,61,15.8,0.00,0.00,1003.2,79,8.0,198
2024-06-04 13:00,17.9,57,16.7,0.00,0.00,1002.8,85,8.8,199
2024-06-04 14:00,18.6,52,17.1,0.00,0.00,1002.2,100,10.1,207
2024-06-04 15:00,18.5,52,16.6,0.00,0.00,1002.1,88,13.8,213
2024-06-04 16:00,19.3,48,17.4,0.00,0.00,1001.5,75,13.5,224
2024-06-04 17:00,20.0,49,17.8,0.00,0.00,1000.6,82,18.1,224
2024-06-04 18:00,18.9,52,16.4,0.00,0.00,1000.2,6,21.3,254
2024-06-04 19:00,18.7,52,17.3,0.00,0.00,999.7,2,10.8,296
2024-06-04 20:00,18.0,71,18.6,0.00,0.00,999.4,0,5.5,302
2024-06-04 21:00,15.4,71,14.7,0.00,0.00,998.9,3,3.0,76
2024-06-04 22:00,13.7,77,12.5,0.00,0.00,998.9,43,7.7,127
2024-06-04 23:00,13.2,80,12.0,0.00,0.00,998.9,4,13.7,157
2024-06-05 00:00,12.9,83,12.0,0.00,0.00,998.7,11,17.4,167
2024-06-05 01:00,13.0,87,12.1,0.00,0.00,998.5,7,19.5,192
2024-06-05 02:00,12.8,86,11.8,0.00,0.00,998.0,11,20.1,204
2024-06-05 03:00,12.8,88,11.7,0.00,0.00,997.7,12,22.3,211
2024-06-05 04:00,13.5,82,12.2,0.00,0.00,997.2,88,23.8,212
2024-06-05 05:00,14.1,79,12.7,0.00,0.00,997.3,89,24.3,220
2024-06-05 06:00,14.6,77,13.0,0.00,0.00,997.4,65,26.0,221
2024-06-05 07:00,15.9,75,14.3,0.00,0.00,997.8,98,26.0,229
2024-06-05 08:00,16.8,71,14.4,0.00,0.00,998.1,100,30.9,241
2024-06-05 09:00,16.9,75,15.3,0.00,0.00,998.8,100,25.0,242
2024-06-05 10:00,17.1,76,16.1,0.00,0.00,999.0,51,20.2,235
2024-06-05 11:00,19.1,64,17.0,0.00,0.00,999.0,44,27.6,250
2024-06-05 12:00,20.1,59,18.5,0.00,0.00,999.1,43,26.5,252
2024-06-05 13:00,20.8,55,19.4,0.00,0.00,999.2,90,24.4,256
2024-06-05 14:00,21.4,52,19.9,0.00,0.00,999.2,44,24.8,261
2024-06-05 15:00,18.6,67,17.3,0.40,0.40,1000.1,81,20.2,274
2024-06-05 16:00,19.0,67,18.3,0.00,0.00,1000.2,32,16.2,271
2024-06-05 17:00,19.9,62,18.8,0.00,0.00,999.9,52,17.4,263
2024-06-05 18:00,18.5,65,17.0,0.10,0.10,999.9,52,20.9,274
2024-06-05 19:00,16.8,78,16.2,0.00,0.00,1000.2,83,15.0,333
2024-06-05 20:00,16.1,82,15.9,0.00,0.00,1000.7,69,13.4,329
2024-06-05 21:00,15.1,87,15.3,0.10,0.10,1001.3,16,12.1,337
2024-06-05 22:00,13.4,94,13.4,0.00,0.00,1001.9,94,10.8,330
2024-06-05 23:00,13.9,92,14.3,0.70,0.70,1002.8,100,9.5,279
2024-06-06 00:00,14.2,94,14.5,0.60,0.60,1003.1,100,10.5,286
2024-06-06 01:00,13.8,93,13.8,0.00,0.00,1003.4,100,12.3,263
2024-06-06 02:00,13.7,91,13.3,0.00,0.00,1003.5,71,15.5,273
2024-06-06 03:00,12.0,93,11.2,0.00,0.00,1004.2,19,18.8,267
2024-06-06 04:00,11.6,93,10.5,0.00,0.00,1004.4,5,20.5,267
2024-06-06 05:00,11.1,93,10.0,0.00,0.00,1004.6,16,21.2,270
2024-06-06 06:00,11.4,88,9.9,0.00,0.00,1005.0,36,21.3,274
2024-06-06 07:00,12.2,84,10.8,0.00,0.00,1005.4,3,18.3,290
2024-06-06 08:00,13.5,78,12.6,0.00,0.00,1005.9,0,10.5,308
2024-06-06 09:00,14.9,66,14.0,0.00,0.00,1006.1,0,5.9,313
2024-06-06 10:00,16.3,58,15.6,0.00,0.00,1006.0,1,4.7,328
2024-06-06 11:00,17.5,55,18.2,0.00,0.00,1005.7,12,0.0,270
2024-06-06 12:00,18.7,51,19.1,0.00,0.00,1005.5,49,5.8,202
2024-06-06 13:00,19.3,50,19.1,0.00,0.00,1005.1,38,9.4,198
2024-06-06 14:00,19.4,51,18.6,0.00,0.00,1004.7,36,12.6,183
2024-06-06 15:00,20.0,45,17.8,0.00,0.00,1004.2,39,15.6,244
2024-06-06 16:00,20.1,45,17.8,0.00,0.00,1004.1,64,18.6,238
2024-06-06 17:00,20.0,48,18.1,0.00,0.00,1003.6,44,14.5,240
2024-06-06 18:00,20.1,48,19.0,0.00,0.00,1003.1,23,7.1,255
2024-06-06 19:00,20.1,51,19.5,0.00,0.00,1003.1,77,5.4,250
2024-06-06 20:00,19.6,54,19.2,0.00,0.00,1003.2,60,4.8,222
2024-06-06 21:00,17.3,64,16.5,0.00,0.00,1003.4,37,14.5,228
2024-06-06 22:00,15.9,68,15.0,0.00,0.00,1003.8,39,14.9,255
2024-06-06 23:00,15.1,68,13.3,0.00,0.00,1003.8,14,21.0,329
2024-06-07 00:00,13.9,65,11.7,0.00,0.00,1004.1,15,22.6,352
2024-06-07 01:00,13.3,67,11.0,0.00,0.00,1004.0,43,23.2,348
2024-06-07 02:00,13.3,66,10.9,0.00,0.00,1004.0,15,24.2,355
2024-06-07 03:00,11.8,76,10.2,0.00,0.00,1004.6,3,18.5,7
2024-06-07 04:00,10.9,80,9.0,0.00,0.00,1004.6,7,16.7,354
2024-06-07 05:00,10.9,80,8.8,0.00,0.00,1004.9,38,21.8,344
2024-06-07 06:00,11.2,80,9.3,0.00,0.00,1005.1,94,19.2,343
2024-06-07 07:00,12.1,79,10.6,0.00,0.00,1005.4,52,18.8,334
2024-06-07 08:00,13.4,76,12.0,0.00,0.00,1005.6,12,11.4,332
2024-06-07 09:00,15.2,69,14.0,0.00,0.00,1006.0,20,10.0,330
2024-06-07 10:00,16.8,61,15.7,0.00,0.00,1006.3,45,9.2,329
2024-06-07 11:00,17.6,56,16.7,0.10,0.10,1006.4,99,9.4,313
2024-06-07 12:00,18.1,51,16.6,0.00,0.00,1006.7,99,9.5,295
2024-06-07 13:00,18.9,48,17.4,0.00,0.00,1006.6,95,11.9,268
2024-06-07 14:00,19.5,45,17.3,0.00,0.00,1006.4,95,14.4,269
2024-06-07 15:00,18.5,54,17.7,0.10,0.10,1006.4,91,7.9,321
2024-06-07 16:00,18.8,54,17.8,0.00,0.00,1006.1,63,6.4,313
2024-06-07 17:00,19.0,52,17.8,0.00,0.00,1005.6,50,8.4,317
2024-06-07 18:00,18.8,53,17.2,0.00,0.00,1005.1,20,11.2,360
2024-06-07 19:00,18.0,56,16.5,0.00,0.00,1005.0,76,11.2,6
2024-06-07 20:00,17.0,63,16.1,0.00,0.00,1004.9,55,11.7,11
2024-06-07 21:00,15.4,72,14.6,0.00,0.00,1004.8,88,7.3,33
2024-06-07 22:00,13.6,76,12.7,0.00,0.00,1005.0,2,5.8,112
2024-06-07 23:00,12.4,80,10.9,0.00,0.00,1005.0,8,10.3,144
2024-06-08 00:00,12.1,81,10.6,0.00,0.00,1005.0,1,15.1,142
2024-06-08 01:00,11.6,86,10.2,0.00,0.00,1004.6,0,16.3,152
2024-06-08 02:00,11.0,89,9.6,0.00,0.00,1004.2,1,14.9,173
2024-06-08 03:00,10.7,88,9.2,0.00,0.00,1004.0,4,10.7,192
2024-06-08 04:00,11.0,87,9.7,0.00,0.00,1003.7,48,9.3,196
2024-06-08 05:00,9.9,92,8.5,0.00,0.00,1003.1,52,10.1,182
2024-06-08 06:00,11.2,93,10.7,0.00,0.00,1002.8,3,9.4,182
2024-06-08 07:00,12.9,90,12.4,0.00,0.00,1002.5,9,13.3,182
2024-06-08 08:00,15.1,82,14.7,0.00,0.00,1002.1,9,13.3,180
2024-06-08 09:00,17.3,73,17.2,0.00,0.00,1001.6,10,8.9,166
2024-06-08 10:00,19.4,65,19.5,0.00,0.00,1000.9,22,8.0,172
2024-06-08 11:00,20.9,57,20.8,0.10,0.10,1000.3,42,11.7,189
2024-06-08 12:00,22.0,50,21.3,0.00,0.00,999.8,24,18.1,223
2024-06-08 13:00,22.9,46,22.2,0.00,0.00,999.0,16,20.6,234
2024-06-08 14:00,23.2,44,22.9,0.00,0.00,997.9,2,19.1,238
2024-06-08 15:00,24.0,40,23.4,0.00,0.00,997.3,1,19.1,229
2024-06-08 16:00,24.1,38,22.5,0.00,0.00,996.6,54,23.4,236
2024-06-08 17:00,23.8,39,21.3,0.00,0.00,995.6,2,23.0,245
2024-06-08 18:00,23.5,41,21.1,0.00,0.00,995.4,91,23.9,252
2024-06-08 19:00,22.6,47,21.2,0.00,0.00,995.3,96,21.5,252
2024-06-08 20:00,21.4,50,19.9,0.00,0.00,995.2,85,22.7,268
2024-06-08 21:00,19.4,56,18.1,0.00,0.00,995.2,99,22.4,275
2024-06-08 22:00,18.0,55,15.3,0.00,0.00,996.3,100,30.8,325
2024-06-08 23:00,16.9,55,14.1,0.00,0.00,996.6,100,29.0,315
2024-06-09 00:00,16.1,58,12.9,0.00,0.00,997.4,84,32.0,324
2024-06-09 01:00,14.6,68,12.2,0.00,0.00,998.0,19,25.6,331
2024-06-09 02:00,13.4,77,11.8,0.00,0.00,998.5,68,19.7,322
2024-06-09 03:00,13.8,77,11.8,0.00,0.00,998.4,42,23.0,331
2024-06-09 04:00,12.4,84,11.1,0.00,0.00,998.6,1,17.7,331
2024-06-09 05:00,10.9,92,10.1,0.00,0.00,998.7,20,14.1,328
2024-06-09 06:00,11.3,91,10.4,0.00,0.00,998.9,57,13.0,321
2024-06-09 07:00,12.5,85,12.1,0.00,0.00,998.9,100,7.1,319
2024-06-09 08:00,13.3,79,12.5,0.00,0.00,998.8,100,7.3,303
2024-06-09 09:00,14.0,76,13.1,0.10,0.10,998.6,83,7.6,275
2024-06-09 10:00,15.2,70,14.1,0.20,0.20,998.2,50,10.2,252
2024-06-09 11:00,16.8,60,15.1,0.10,0.10,997.7,30,13.7,252
2024-06-09 12:00,18.2,50,16.4,0.00,0.00,997.5,34,16.5,254
2024-06-09 13:00,18.9,46,17.0,0.00,0.00,997.2,18,18.7,251
2024-06-09 14:00,19.3,43,18.0,0.00,0.00,996.7,5,19.1,259
2024-06-09 15:00,20.2,39,19.0,0.00,0.00,996.1,3,16.3,264
2024-06-09 16:00,20.2,34,18.2,0.00,0.00,995.7,2,15.7,259
2024-06-09 17:00,20.1,33,17.3,0.00,0.00,995.3,2,16.5,250
2024-06-09 18:00,20.0,37,16.5,0.00,0.00,994.9,4,21.1,250
2024-06-09 19:00,19.1,40,16.3,0.00,0.00,994.9,58,18.4,276
2024-06-09 20:00,17.7,50,16.1,0.00,0.00,994.6,84,15.1,308
2024-06-09 21:00,15.1,66,13.6,0.00,0.00,994.7,5,11.9,284
2024-06-09 22:00,14.4,58,12.2,0.00,0.00,995.4,1,20.9,318
2024-06-09 23:00,13.8,57,11.3,0.00,0.00,995.4,0,21.9,346
2024-06-10 00:00,11.4,72,9.3,0.00,0.00,995.1,0,14.4,359
2024-06-10 01:00,11.7,68,9.1,0.00,0.00,995.5,1,24.0,327
2024-06-10 02:00,11.8,66,8.8,0.00,0.00,995.6,3,26.8,340
2024-06-10 03:00,11.2,70,8.4,0.00,0.00,995.9,7,26.7,339
2024-06-10 04:00,10.3,76,7.8,0.00,0.00,995.8,0,23.2,347
2024-06-10 05:00,9.5,80,7.4,0.00,0.00,995.7,5,19.6,347
2024-06-10 06:00,9.8,82,8.2,0.00,0.00,995.9,10,13.3,347
2024-06-10 07:00,11.1,78,9.7,0.00,0.00,995.8,36,10.7,340
2024-06-10 08:00,12.7,72,11.5,0.00,0.00,995.9,6,5.6,333
2024-06-10 09:00,14.0,65,13.1,0.00,0.00,996.0,19,2.5,315
2024-06-10 10:00,15.2,61,14.5,0.00,0.00,995.8,19,3.1,234
2024-06-10 11:00,17.0,54,15.9,0.00,0.00,995.5,60,11.2,228
2024-06-10 12:00,17.4,52,15.4,0.00,0.00,995.1,100,14.1,220
2024-06-10 13:00,18.0,49,15.7,0.00,0.00,994.9,100,15.7,217
2024-06-10 14:00,18.2,49,15.4,0.00,0.00,994.2,100,19.4,230
2024-06-10 15:00,19.1,48,16.6,0.00,0.00,993.7,95,19.1,238
2024-06-10 16:00,19.7,47,17.3,0.00,0.00,993.0,98,17.9,251
2024-06-10 17:00,20.0,44,17.0,0.00,0.00,992.9,69,21.7,255
2024-06-10 18:00,19.2,46,16.0,0.00,0.00,992.9,99,25.7,255
2024-06-10 19:00,17.7,52,14.8,0.00,0.00,993.1,100,25.3,285
2024-06-10 20:00,15.6,65,14.2,0.00,0.00,993.3,100,12.8,338
2024-06-10 21:00,14.8,74,14.7,0.00,0.00,993.4,100,1.6,117
2024-06-10 22:00,14.2,76,13.1,0.20,0.20,993.4,24,14.7,191
2024-06-10 23:00,13.4,81,11.9,0.00,0.00,993.3,38,22.2,197
2024-06-11 00:00,13.9,76,11.2,0.00,0.00,993.4,58,31.7,230
2024-06-11 01:00,12.6,69,8.1,0.00,0.00,994.0,33,40.9,241
2024-06-11 02:00,11.0,68,6.6,0.00,0.00,994.1,34,36.6,231
2024-06-11 03:00,11.3,64,6.6,0.00,0.00,994.9,92,39.0,241
2024-06-11 04:00,10.9,68,6.4,0.00,0.00,995.3,100,37.0,251
2024-06-11 05:00,10.9,68,6.0,0.00,0.00,995.5,100,40.8,251
2024-06-11 06:00,11.1,69,6.3,0.00,0.00,996.3,100,39.8,257
2024-06-11 07:00,11.2,70,6.8,0.00,0.00,997.2,100,36.8,258
2024-06-11 08:00,11.8,68,7.3,0.00,0.00,998.4,100,35.7,267
2024-06-11 09:00,12.9,60,8.1,0.00,0.00,999.3,64,36.2,276
2024-06-11 10:00,14.1,53,9.3,0.00,0.00,1000.0,83,34.1,277
2024-06-11 11:00,14.6,50,10.1,0.00,0.00,1000.5,79,31.7,269
2024-06-11 12:00,15.6,44,11.7,0.00,0.00,1001.0,56,29.9,267
2024-06-11 13:00,15.8,45,11.8,0.20,0.20,1001.1,46,30.7,267
2024-06-11 14:00,16.5,44,13.1,0.20,0.20,1001.0,32,28.5,266
2024-06-11 15:00,16.5,43,13.0,0.10,0.10,1001.7,13,28.6,265
2024-06-11 16:00,17.0,41,13.4,0.00,0.00,1001.7,1,26.2,262
2024-06-11 17:00,17.3,41,13.4,0.00,0.00,1001.6,3,26.3,261
2024-06-11 18:00,17.0,39,12.5,0.00,0.00,1001.7,58,29.2,266
2024-06-11 19:00,15.6,48,11.5,0.10,0.10,1002.1,6,29.2,274
2024-06-11 20:00,14.8,55,11.7,0.00,0.00,1002.3,8,23.0,271
2024-06-11 21:00,13.4,61,10.7,0.00,0.00,1002.8,5,22.1,264
2024-06-11 22:00,12.2,66,9.7,0.00,0.00,1003.5,2,22.6,261
2024-06-11 23:00,11.4,70,9.1,0.00,0.00,1004.0,0,21.5,260
2024-06-12 00:00,10.4,76,8.4,0.00,0.00,1004.3,2,18.9,256
2024-06-12 01:00,9.8,80,7.7,0.00,0.00,1004.6,1,19.2,253
2024-06-12 02:00,9.4,81,7.1,0.00,0.00,1004.6,0,22.1,258
2024-06-12 03:00,8.9,90,7.2,0.00,0.00,1004.6,5,17.4,257
2024-06-12 04:00,8.6,91,6.8,0.00,0.00,1004.5,0,20.0,262
2024-06-12 05:00,8.4,90,6.3,0.00,0.00,1004.8,0,21.0,263
2024-06-12 06:00,8.9,87,6.6,0.00,0.00,1005.1,0,22.1,258
2024-06-12 07:00,10.2,84,8.1,0.00,0.00,1005.5,0,25.0,258
2024-06-12 08:00,11.7,77,9.6,0.00,0.00,1005.8,0,16.2,253
2024-06-12 09:00,13.2,69,10.9,0.00,0.00,1005.8,0,15.8,253
2024-06-12 10:00,14.4,61,11.9,0.00,0.00,1005.8,13,18.7,251
2024-06-12 11:00,15.4,50,12.5,0.10,0.10,1005.6,31,22.9,257
2024-06-12 12:00,16.2,47,13.5,0.10,0.10,1005.6,52,22.7,268
2024-06-12 13:00,16.8,51,15.1,0.40,0.40,1005.6,19,18.4,268
2024-06-12 14:00,16.9,49,14.0,0.00,0.00,1005.3,14,18.6,260
2024-06-12 15:00,16.9,44,13.9,0.10,0.10,1005.2,27,21.0,286
2024-06-12 16:00,17.1,43,14.3,0.00,0.00,1005.1,22,18.7,289
2024-06-12 17:00,17.5,41,14.3,0.00,0.00,1004.8,18,17.8,278
2024-06-12 18:00,17.2,42,14.0,0.00,0.00,1004.5,19,18.0,271
2024-06-12 19:00,16.5,45,13.4,0.00,0.00,1004.3,30,18.7,268
2024-06-12 20:00,15.6,52,13.2,0.00,0.00,1004.6,22,16.3,265
2024-06-12 21:00,13.9,61,12.1,0.00,0.00,1005.0,40,14.3,280
2024-06-12 22:00,12.3,68,10.6,0.00,0.00,1005.3,19,12.5,316
2024-06-12 23:00,10.4,81,8.7,0.00,0.00,1005.5,44,10.8,334
2024-06-13 00:00,10.1,82,8.5,0.00,0.00,1005.7,63,9.7,309
2024-06-13 01:00,10.2,79,8.4,0.00,0.00,1006.0,95,16.0,316
2024-06-13 02:00,10.1,75,7.7,0.00,0.00,1006.0,99,20.5,329
2024-06-13 03:00,10.0,78,7.8,0.00,0.00,1006.0,95,19.7,332
2024-06-13 04:00,9.0,85,7.4,0.10,0.10,1005.8,93,14.0,337
2024-06-13 05:00,9.6,84,8.0,0.40,0.40,1006.3,92,12.5,316
2024-06-13 06:00,9.9,87,8.6,0.50,0.50,1006.6,51,9.8,306
2024-06-13 07:00,10.4,85,9.2,0.00,0.00,1006.8,65,9.3,306
2024-06-13 08:00,11.2,79,9.6,0.00,0.00,1007.1,74,10.5,308
2024-06-13 09:00,12.5,71,11.1,0.00,0.00,1007.2,37,7.2,307
2024-06-13 10:00,13.7,67,12.7,0.00,0.00,1007.0,19,4.4,261
2024-06-13 11:00,14.9,61,14.3,0.00,0.00,1006.6,100,7.1,240
2024-06-13 12:00,15.3,56,13.3,0.00,0.00,1006.4,82,10.1,243
2024-06-13 13:00,15.4,53,12.9,0.00,0.00,1006.1,23,13.3,257
2024-06-13 14:00,16.5,45,14.3,0.00,0.00,1005.9,35,15.5,273
2024-06-13 15:00,17.4,41,14.7,0.00,0.00,1005.4,36,17.8,288
2024-06-13 16:00,17.8,40,14.8,0.00,0.00,1005.1,64,16.3,295
2024-06-13 17:00,17.9,39,15.2,0.00,0.00,1004.6,100,11.5,309
2024-06-13 18:00,17.9,40,15.7,0.00,0.00,1004.5,96,6.8,288
2024-06-13 19:00,17.5,43,15.2,0.00,0.00,1004.4,99,10.1,235
2024-06-13 20:00,16.6,49,14.4,0.00,0.00,1004.7,56,16.1,222
2024-06-13 21:00,15.1,57,13.4,0.00,0.00,1004.5,97,14.0,226
2024-06-13 22:00,12.7,66,11.1,0.00,0.00,1004.3,15,3.0,194
2024-06-13 23:00,12.0,66,9.6,0.00,0.00,1004.2,100,20.2,145
2024-06-14 00:00,11.9,65,9.6,0.00,0.00,1004.1,100,21.4,138
2024-06-14 01:00,11.9,66,9.6,0.00,0.00,1003.8,100,22.0,145
2024-06-14 02:00,11.9,67,9.7,0.00,0.00,1003.3,100,20.6,147
2024-06-14 03:00,10.9,72,8.6,0.00,0.00,1002.8,100,21.6,154
2024-06-14 04:00,10.8,72,8.6,0.00,0.00,1002.4,100,18.3,170
2024-06-14 05:00,10.9,72,8.8,0.00,0.00,1001.9,100,18.6,171
2024-06-14 06:00,11.4,72,9.3,0.00,0.00,1001.7,100,19.0,170
2024-06-14 07:00,12.3,71,10.4,0.00,0.00,1001.4,100,17.8,162
2024-06-14 08:00,13.6,68,11.8,0.00,0.00,1001.1,100,18.9,159
2024-06-14 09:00,14.6,67,12.9,0.00,0.00,1000.9,100,20.9,161
2024-06-14 10:00,15.4,67,13.7,0.20,0.20,1001.0,100,15.9,176
2024-06-14 11:00,15.1,74,14.3,0.70,0.70,1001.0,100,9.4,184
2024-06-14 12:00,15.6,76,14.8,0.20,0.20,1001.0,100,12.1,153
2024-06-14 13:00,16.7,74,15.4,0.10,0.10,1000.6,70,18.4,177
2024-06-14 14:00,18.2,70,17.0,0.10,0.10,1000.3,76,22.7,182
2024-06-14 15:00,19.1,63,18.2,0.00,0.00,999.6,81,22.3,183
2024-06-14 16:00,18.8,58,16.3,0.00,0.00,999.4,55,26.1,204
2024-06-14 17:00,19.9,50,17.3,0.00,0.00,998.8,65,22.9,210
2024-06-14 18:00,20.1,49,17.4,0.00,0.00,998.4,52,24.4,217
2024-06-14 19:00,19.6,52,17.3,0.00,0.00,998.1,100,23.0,209
2024-06-14 20:00,18.8,59,16.8,0.00,0.00,998.0,19,25.4,198
2024-06-14 21:00,17.1,66,15.6,0.00,0.00,998.0,10,23.5,198
2024-06-14 22:00,15.8,72,14.3,0.00,0.00,997.9,97,24.9,190
2024-06-14 23:00,15.0,76,13.6,0.00,0.00,997.7,97,24.9,191
2024-06-15 00:00,14.1,82,13.0,0.00,0.00,997.3,61,22.4,186
2024-06-15 01:00,13.7,85,12.6,0.00,0.00,996.8,100,23.0,181
2024-06-15 02:00,13.8,85,12.6,0.00,0.00,996.0,93,24.1,178
2024-06-15 03:00,14.3,85,13.4,0.00,0.00,994.6,100,22.7,170
2024-06-15 04:00,14.3,85,13.2,0.00,0.00,993.6,96,24.2,162
2024-06-15 05:00,14.6,82,13.3,0.00,0.00,993.3,100,26.3,170
2024-06-15 06:00,15.4,79,14.4,0.00,0.00,992.6,94,20.7,167
2024-06-15 07:00,16.5,75,15.4,0.10,0.10,992.8,100,23.1,182
2024-06-15 08:00,16.5,80,15.2,0.80,0.80,993.2,100,26.4,204
2024-06-15 09:00,15.9,88,14.8,1.50,1.50,993.0,100,30.3,198
2024-06-15 10:00,17.3,83,15.8,0.20,0.20,993.7,100,32.7,199
2024-06-15 11:00,18.1,74,16.0,0.10,0.10,994.2,95,34.0,210
2024-06-15 12:00,19.7,59,16.4,0.10,0.10,994.2,19,38.7,231
2024-06-15 13:00,20.5,51,17.9,0.00,0.00,994.7,14,36.6,242
2024-06-15 14:00,20.9,47,18.2,0.00,0.00,995.1,17,35.8,240
2024-06-15 15:00,20.5,43,17.7,0.00,0.00,995.5,6,34.0,242
2024-06-15 16:00,20.9,37,17.3,0.00,0.00,995.8,19,34.6,248
2024-06-15 17:00,20.9,36,16.5,0.00,0.00,995.8,14,34.6,248
2024-06-15 18:00,20.1,40,16.5,0.00,0.00,996.2,1,27.8,253
2024-06-15 19:00,19.6,42,16.3,0.00,0.00,996.4,1,25.6,253
2024-06-15 20:00,18.5,50,16.6,0.00,0.00,996.6,45,17.7,268
2024-06-15 21:00,15.7,65,14.2,0.00,0.00,996.7,42,13.7,272
2024-06-15 22:00,14.8,61,13.3,0.00,0.00,997.2,95,8.2,232
2024-06-15 23:00,13.9,67,12.4,0.00,0.00,997.7,100,13.7,183
2024-06-16 00:00,13.1,72,11.8,0.00,0.00,997.8,100,16.2,217
2024-06-16 01:00,13.6,64,11.8,0.00,0.00,998.1,91,19.4,211
2024-06-16 02:00,13.1,67,11.1,0.00,0.00,998.0,19,21.1,223
2024-06-16 03:00,11.6,78,10.0,0.00,0.00,997.9,3,19.1,221
2024-06-16 04:00,11.7,77,9.9,0.00,0.00,998.1,6,21.7,222
2024-06-16 05:00,11.4,77,9.7,0.00,0.00,998.3,1,20.9,224
2024-06-16 06:00,12.0,75,10.2,0.00,0.00,998.4,3,19.4,211
2024-06-16 07:00,13.6,73,12.0,0.00,0.00,998.4,8,19.2,197
2024-06-16 08:00,15.6,68,14.3,0.00,0.00,998.7,89,15.0,190
2024-06-16 09:00,17.6,64,16.4,0.00,0.00,998.6,8,14.7,191
2024-06-16 10:00,19.5,56,17.9,0.00,0.00,998.5,18,18.9,211
2024-06-16 11:00,20.5,49,18.8,0.00,0.00,998.4,93,23.0,215
2024-06-16 12:00,21.2,49,20.0,0.00,0.00,998.2,100,24.4,211
2024-06-16 13:00,21.4,50,19.6,0.00,0.00,998.0,100,25.8,208
2024-06-16 14:00,21.5,45,18.6,0.00,0.00,997.9,43,29.6,214
2024-06-16 15:00,21.3,46,18.9,0.00,0.00,997.7,72,24.1,215
2024-06-16 16:00,21.9,44,19.9,0.00,0.00,997.5,77,22.7,222
2024-06-16 17:00,22.0,42,19.3,0.00,0.00,997.3,57,23.5,229
2024-06-16 18:00,21.6,44,18.7,0.00,0.00,997.3,57,25.8,230
2024-06-16 19:00,21.5,45,20.0,0.00,0.00,997.1,80,16.0,234
2024-06-16 20:00,20.5,53,19.8,0.00,0.00,997.1,100,15.0,228
2024-06-16 21:00,18.7,58,17.8,0.00,0.00,997.6,100,17.1,235
2024-06-16 22:00,18.6,57,17.6,0.00,0.00,998.4,100,16.5,259
2024-06-16 23:00,17.2,70,17.0,0.00,0.00,998.9,100,7.6,295
2024-06-17 00:00,15.6,75,15.3,0.00,0.00,999.0,100,5.4,180
2024-06-17 01:00,14.6,81,14.0,0.00,0.00,999.3,64,9.3,196
2024-06-17 02:00,15.1,79,14.5,0.00,0.00,999.7,96,15.9,218
2024-06-17 03:00,15.1,77,14.2,0.00,0.00,999.6,97,20.9,229
2024-06-17 04:00,14.6,78,13.8,0.00,0.00,999.7,85,19.1,234
2024-06-17 05:00,14.2,80,13.7,0.00,0.00,999.8,100,15.7,238
2024-06-17 06:00,15.1,79,14.7,0.30,0.30,999.9,99,13.9,233
2024-06-17 07:00,15.8,80,15.4,0.00,0.00,1000.1,100,16.0,211
2024-06-17 08:00,16.8,79,16.4,0.00,0.00,1000.3,100,22.1,202
2024-06-17 09:00,17.2,77,16.8,0.10,0.10,1000.5,98,15.7,200
2024-06-17 10:00,18.8,70,17.9,0.00,0.00,1000.7,100,18.9,204
2024-06-17 11:00,18.8,73,18.0,0.10,0.10,1000.9,100,19.8,209
2024-06-17 12:00,20.1,65,19.0,0.10,0.10,1000.9,30,21.9,221
2024-06-17 13:00,21.5,59,20.9,0.00,0.00,1000.8,28,24.0,220
2024-06-17 14:00,22.8,56,23.1,0.00,0.00,1000.6,72,21.1,224
2024-06-17 15:00,22.1,56,21.2,0.10,0.10,1000.8,54,19.9,235
2024-06-17 16:00,23.1,51,22.7,0.00,0.00,1000.8,77,20.3,243
2024-06-17 17:00,23.1,52,22.0,0.00,0.00,1000.8,59,19.1,250
2024-06-17 18:00,22.6,55,21.6,0.00,0.00,1001.0,100,19.4,252
2024-06-17 19:00,22.4,53,21.4,0.00,0.00,1001.3,100,18.7,251
2024-06-17 20:00,21.2,61,21.1,0.00,0.00,1001.3,100,15.6,247
2024-06-17 21:00,19.4,72,20.0,0.00,0.00,1001.7,100,12.8,254
2024-06-17 22:00,17.7,79,17.9,0.00,0.00,1002.2,100,10.1,266
2024-06-17 23:00,16.6,82,16.9,0.00,0.00,1002.6,78,9.0,265
2024-06-18 00:00,15.5,88,15.9,0.00,0.00,1003.0,99,8.7,246
2024-06-18 01:00,15.1,91,15.5,0.00,0.00,1003.1,16,14.3,227
2024-06-18 02:00,15.1,91,15.1,0.00,0.00,1003.2,10,19.9,238
2024-06-18 03:00,13.6,93,13.7,0.00,0.00,1003.4,3,5.7,252
2024-06-18 04:00,13.1,95,12.9,0.00,0.00,1003.4,28,11.7,227
2024-06-18 05:00,12.8,95,12.3,0.00,0.00,1003.3,48,12.9,240
2024-06-18 06:00,14.2,92,14.3,0.00,0.00,1003.4,99,14.4,248
2024-06-18 07:00,16.5,85,16.6,0.00,0.00,1003.8,100,16.4,244
2024-06-18 08:00,18.5,79,19.1,0.00,0.00,1003.9,83,12.2,223
2024-06-18 09:00,20.4,72,20.9,0.00,0.00,1004.2,36,10.7,225
2024-06-18 10:00,21.9,64,22.4,0.00,0.00,1004.1,22,9.4,223
2024-06-18 11:00,23.0,58,24.1,0.00,0.00,1003.9,100,9.7,207
2024-06-18 12:00,23.9,54,25.1,0.00,0.00,1003.6,83,9.4,198
2024-06-18 13:00,25.0,52,26.8,0.00,0.00,1003.0,97,10.1,184
2024-06-18 14:00,25.7,50,27.5,0.00,0.00,1002.4,99,11.5,180
2024-06-18 15:00,25.9,49,26.2,0.00,0.00,1001.7,98,11.6,164
2024-06-18 16:00,26.5,47,27.0,0.00,0.00,1000.9,100,12.5,141
2024-06-18 17:00,25.4,51,25.5,0.20,0.20,1000.9,100,13.7,166
2024-06-18 18:00,20.9,81,23.3,2.50,2.50,1000.2,100,2.4,297
2024-06-18 19:00,21.1,80,23.1,0.00,0.00,999.4,64,7.9,93
2024-06-18 20:00,21.2,79,23.2,0.60,0.60,998.4,100,5.5,191
2024-06-18 21:00,19.0,91,19.9,2.60,2.60,999.4,100,23.7,250
2024-06-18 22:00,18.0,92,17.9,0.40,0.40,1000.0,100,31.1,275
2024-06-18 23:00,18.1,89,18.8,0.10,0.10,999.0,98,21.4,228
2024-06-19 00:00,17.8,92,18.7,0.00,0.00,999.4,100,20.1,223
2024-06-19 01:00,17.8,93,18.4,0.00,0.00,999.5,100,23.2,228
2024-06-19 02:00,17.4,93,18.1,0.00,0.00,999.2,100,21.5,235
2024-06-19 03:00,17.1,97,17.5,0.00,0.00,999.7,99,24.2,332
2024-06-19 04:00,16.6,96,17.3,0.00,0.00,1000.1,100,19.5,322
2024-06-19 05:00,16.3,97,17.3,0.00,0.00,1000.0,100,14.2,330
2024-06-19 06:00,16.1,97,16.4,0.10,0.10,1000.6,100,21.4,327
2024-06-19 07:00,15.9,96,15.7,0.20,0.20,1000.8,100,23.7,336
2024-06-19 08:00,16.3,92,16.2,0.10,0.10,1001.4,100,18.4,343
2024-06-19 09:00,17.0,85,16.3,0.00,0.00,1001.8,100,21.3,349
2024-06-19 10:00,17.5,81,16.8,0.00,0.00,1002.4,98,19.1,360
2024-06-19 11:00,18.1,75,17.4,0.00,0.00,1002.9,100,18.1,5
2024-06-19 12:00,18.0,74,17.5,0.10,0.10,1003.7,100,15.1,359
2024-06-19 13:00,18.2,72,17.6,0.10,0.10,1004.0,100,15.5,355
2024-06-19 14:00,17.8,75,17.2,0.50,0.50,1004.7,100,15.6,337
2024-06-19 15:00,16.0,87,15.1,0.90,0.90,1005.6,100,21.9,343
2024-06-19 16:00,15.5,89,14.9,0.90,0.90,1006.3,100,18.2,351
2024-06-19 17:00,15.6,88,14.9,0.20,0.20,1006.6,100,18.0,344
2024-06-19 18:00,15.2,90,15.0,0.20,0.20,1006.9,100,14.1,341
2024-06-19 19:00,15.4,89,15.6,0.00,0.00,1007.0,3,9.8,332
2024-06-19 20:00,15.6,87,16.1,0.00,0.00,1007.4,4,6.6,315
2024-06-19 21:00,13.9,95,14.1,0.00,0.00,1008.3,1,8.7,287
2024-06-19 22:00,12.6,96,12.1,0.00,0.00,1009.1,2,10.1,287
2024-06-19 23:00,12.0,96,11.3,0.00,0.00,1009.3,0,9.3,286
2024-06-20 00:00,11.3,98,10.5,0.00,0.00,1009.5,11,10.2,288
2024-06-20 01:00,10.9,97,10.0,0.00,0.00,1009.7,32,11.1,295
2024-06-20 02:00,11.5,96,10.8,0.00,0.00,1009.8,83,14.8,299
2024-06-20 03:00,11.7,92,10.5,0.00,0.00,1010.3,94,20.7,337
2024-06-20 04:00,11.2,93,10.1,0.00,0.00,1010.5,100,20.5,1
2024-06-20 05:00,10.4,94,9.3,0.00,0.00,1010.9,87,17.4,6
2024-06-20 06:00,10.6,95,9.6,0.00,0.00,1011.1,96,15.8,21
2024-06-20 07:00,11.9,91,11.8,0.00,0.00,1011.9,98,6.2,21
2024-06-20 08:00,13.6,84,13.0,0.00,0.00,1011.5,100,9.1,34
2024-06-20 09:00,15.1,79,14.7,0.00,0.00,1010.8,96,8.0,63
2024-06-20 10:00,17.0,73,16.6,0.00,0.00,1010.6,62,11.0,101
2024-06-20 11:00,18.9,63,18.5,0.00,0.00,1010.8,74,12.5,131
2024-06-20 12:00,20.2,56,20.5,0.00,0.00,1010.7,98,9.5,127
2024-06-20 13:00,20.7,55,20.9,0.00,0.00,1010.0,82,9.2,101
2024-06-20 14:00,21.8,53,22.9,0.00,0.00,1009.6,57,9.1,97
2024-06-20 15:00,19.7,61,18.6,0.00,0.00,1009.6,100,15.9,128
2024-06-20 16:00,20.5,59,19.8,0.00,0.00,1009.1,99,12.0,111
2024-06-20 17:00,20.8,58,20.1,0.00,0.00,1007.7,100,13.1,99
2024-06-20 18:00,21.2,58,21.1,0.00,0.00,1007.4,100,8.6,123
2024-06-20 19:00,20.5,65,21.2,0.00,0.00,1006.9,100,5.8,94
2024-06-20 20:00,20.0,67,20.5,0.00,0.00,1006.4,100,11.4,79
2024-06-20 21:00,19.2,66,18.8,0.00,0.00,1005.3,73,20.4,82
2024-06-20 22:00,17.0,76,16.9,0.00,0.00,1005.7,95,14.7,73
2024-06-20 23:00,17.1,73,16.7,0.00,0.00,1005.3,87,18.2,76
2024-06-21 00:00,16.6,75,16.3,0.00,0.00,1005.0,100,18.2,81
2024-06-21 01:00,15.8,81,15.8,0.00,0.00,1004.5,35,14.4,89
2024-06-21 02:00,14.6,87,14.5,0.00,0.00,1004.6,83,7.6,93
2024-06-21 03:00,16.6,79,17.3,0.00,0.00,1004.4,96,6.4,227
2024-06-21 04:00,16.1,82,16.7,0.00,0.00,1003.6,50,2.3,342
2024-06-21 05:00,15.5,87,15.6,0.00,0.00,1003.2,80,8.8,145
2024-06-21 06:00,16.2,86,16.5,0.00,0.00,1003.0,84,14.1,177
2024-06-21 07:00,17.4,87,18.2,0.00,0.00,1003.0,90,15.5,181
2024-06-21 08:00,19.8,84,21.7,0.00,0.00,1003.0,58,9.9,161
2024-06-21 09:00,21.6,80,23.9,0.00,0.00,1002.5,64,6.8,148
2024-06-21 10:00,23.7,74,26.3,0.00,0.00,1002.7,100,5.9,137
2024-06-21 11:00,24.6,69,26.9,0.00,0.00,1002.3,100,8.1,148
2024-06-21 12:00,24.0,71,26.2,0.10,0.10,1002.1,100,9.1,162
2024-06-21 13:00,24.7,69,26.9,0.20,0.20,1001.5,100,9.1,146
2024-06-21 14:00,24.8,71,27.0,0.90,0.90,1001.5,100,12.0,159
2024-06-21 15:00,23.0,86,26.3,1.30,1.30,1000.5,54,8.4,227
2024-06-21 16:00,25.0,75,28.2,0.00,0.00,999.9,100,12.3,177
2024-06-21 17:00,24.4,77,26.4,0.20,0.20,999.0,100,18.4,168
2024-06-21 18:00,24.3,79,26.4,0.30,0.30,998.4,100,20.3,174
2024-06-21 19:00,24.7,69,25.8,0.00,0.00,997.7,77,24.0,204
2024-06-21 20:00,23.6,67,24.5,0.00,0.00,997.1,31,21.4,200
2024-06-21 21:00,21.7,73,22.9,0.00,0.00,997.2,69,20.3,207
2024-06-21 22:00,20.0,81,21.4,0.00,0.00,997.1,99,16.5,216
2024-06-21 23:00,19.8,83,20.9,0.00,0.00,997.3,98,20.5,232
2024-06-22 00:00,19.6,82,20.2,0.00,0.00,997.4,95,24.3,238
2024-06-22 01:00,19.0,80,18.5,0.00,0.00,997.6,100,30.6,236
2024-06-22 02:00,18.4,81,17.5,0.00,0.00,997.5,100,32.3,239
2024-06-22 03:00,18.8,83,18.8,0.00,0.00,997.9,100,24.1,243
2024-06-22 04:00,18.0,86,17.8,0.00,0.00,997.8,100,25.4,252
2024-06-22 05:00,17.6,87,17.1,0.00,0.00,997.3,100,27.2,255
2024-06-22 06:00,17.0,86,16.5,0.40,0.40,998.0,100,24.9,268
2024-06-22 07:00,16.1,93,15.5,2.90,2.90,998.9,100,26.0,274
2024-06-22 08:00,15.4,92,14.1,1.60,1.60,999.4,100,29.0,263
2024-06-22 09:00,15.5,80,13.2,0.10,0.10,1000.3,100,30.5,258
2024-06-22 10:00,15.3,79,13.6,0.10,0.10,1000.8,100,24.0,253
2024-06-22 11:00,17.9,64,15.2,0.00,0.00,1000.7,51,29.1,258
2024-06-22 12:00,19.5,60,17.3,0.10,0.10,1000.6,100,28.6,256
2024-06-22 13:00,20.0,56,17.7,0.00,0.00,1000.7,37,25.9,261
2024-06-22 14:00,21.5,47,19.4,0.00,0.00,1000.4,99,24.7,262
2024-06-22 15:00,21.5,50,19.2,0.00,0.00,1000.6,84,25.4,263
2024-06-22 16:00,22.3,47,20.3,0.00,0.00,1000.6,45,23.1,266
2024-06-22 17:00,22.6,43,20.1,0.00,0.00,1000.3,91,23.1,274
2024-06-22 18:00,22.8,42,20.4,0.00,0.00,999.9,98,22.7,280
2024-06-22 19:00,22.0,50,20.1,0.00,0.00,1000.0,45,24.5,260
2024-06-22 20:00,20.8,60,19.8,0.00,0.00,1000.4,100,22.7,259
2024-06-22 21:00,19.4,67,19.4,0.00,0.00,1001.0,100,15.6,278
2024-06-22 22:00,18.4,70,18.4,0.00,0.00,1001.6,100,14.6,280
2024-06-22 23:00,17.5,73,17.1,0.00,0.00,1002.3,94,19.8,307
2024-06-23 00:00,17.2,71,16.6,0.00,0.00,1002.6,100,19.9,311
2024-06-23 01:00,16.9,69,16.1,0.00,0.00,1002.9,99,18.3,306
2024-06-23 02:00,16.2,71,15.4,0.00,0.00,1003.0,0,19.0,303
2024-06-23 03:00,15.4,78,14.5,0.00,0.00,1003.3,0,23.3,322
2024-06-23 04:00,15.1,81,14.2,0.00,0.00,1003.8,6,23.3,325
2024-06-23 05:00,14.6,86,14.1,0.00,0.00,1004.3,6,20.6,327
2024-06-23 06:00,14.8,88,14.6,0.00,0.00,1004.9,7,16.2,323
2024-06-23 07:00,15.9,86,16.2,0.00,0.00,1005.6,17,14.6,320
2024-06-23 08:00,17.4,79,17.6,0.00,0.00,1006.2,19,10.4,326
2024-06-23 09:00,18.8,68,18.5,0.00,0.00,1006.5,11,10.0,334
2024-06-23 10:00,19.9,62,19.1,0.00,0.00,1006.7,100,13.8,317
2024-06-23 11:00,20.6,58,19.7,0.00,0.00,1006.6,89,14.3,304
2024-06-23 12:00,21.4,56,20.6,0.00,0.00,1006.3,100,14.3,288
2024-06-23 13:00,21.8,56,21.2,0.00,0.00,1006.3,88,13.9,295
2024-06-23 14:00,22.4,55,21.6,0.00,0.00,1006.0,100,15.8,294
2024-06-23 15:00,21.9,59,21.7,0.00,0.00,1006.6,47,13.1,323
2024-06-23 16:00,23.1,52,22.1,0.00,0.00,1006.4,61,18.4,318
2024-06-23 17:00,23.1,50,21.7,0.00,0.00,1006.4,58,19.9,316
2024-06-23 18:00,22.1,52,20.5,0.00,0.00,1006.6,100,21.1,333
2024-06-23 19:00,21.9,52,20.8,0.00,0.00,1006.5,88,17.7,331
2024-06-23 20:00,21.1,56,20.5,0.00,0.00,1006.9,87,17.3,339
2024-06-23 21:00,19.4,65,19.3,0.00,0.00,1007.2,100,15.7,351
2024-06-23 22:00,18.0,70,17.9,0.00,0.00,1007.7,97,14.9,352
2024-06-23 23:00,17.2,73,17.2,0.00,0.00,1007.9,58,14.9,352
2024-06-24 00:00,16.6,76,16.4,0.00,0.00,1008.1,33,15.5,357
2024-06-24 01:00,15.4,82,15.3,0.00,0.00,1008.4,96,14.1,6
2024-06-24 02:00,14.6,87,14.6,0.00,0.00,1008.3,100,11.6,7
2024-06-24 03:00,14.1,90,14.0,0.00,0.00,1008.4,56,15.1,348
2024-06-24 04:00,13.8,91,13.5,0.00,0.00,1008.5,1,16.6,347
2024-06-24 05:00,13.3,92,12.8,0.00,0.00,1008.6,0,17.6,349
2024-06-24 06:00,13.8,91,13.4,0.00,0.00,1008.8,2,14.9,352
2024-06-24 07:00,15.5,86,15.7,0.00,0.00,1009.0,1,12.1,348
2024-06-24 08:00,17.6,76,18.1,0.00,0.00,1009.2,2,7.2,342
2024-06-24 09:00,19.5,66,19.7,0.00,0.00,1009.2,3,5.9,349
2024-06-24 10:00,20.8,56,20.4,0.00,0.00,1009.2,0,8.8,351
2024-06-24 11:00,21.8,53,21.8,0.00,0.00,1009.1,2,13.0,358
2024-06-24 12:00,22.8,49,23.0,0.00,0.00,1008.9,38,14.4,1
2024-06-24 13:00,23.5,45,23.7,0.00,0.00,1008.5,60,13.0,3
2024-06-24 14:00,24.1,44,24.6,0.00,0.00,1008.3,99,11.3,9
2024-06-24 15:00,23.8,47,23.4,0.00,0.00,1008.1,99,10.6,24
2024-06-24 16:00,23.6,48,23.1,0.00,0.00,1007.9,98,10.0,21
2024-06-24 17:00,23.8,47,23.2,0.00,0.00,1007.5,74,10.5,27
2024-06-24 18:00,23.8,47,23.1,0.00,0.00,1007.2,83,11.4,35
2024-06-24 19:00,23.2,47,22.5,0.00,0.00,1007.0,18,12.0,39
2024-06-24 20:00,22.1,58,22.5,0.00,0.00,1007.2,2,12.5,46
2024-06-24 21:00,19.5,70,19.7,0.00,0.00,1007.0,0,13.1,53
2024-06-24 22:00,17.9,71,17.6,0.00,0.00,1007.1,0,14.2,60
2024-06-24 23:00,16.5,76,15.9,0.00,0.00,1007.1,0,14.6,81
2024-06-25 00:00,17.0,71,16.4,0.00,0.00,1007.5,0,21.1,81
2024-06-25 01:00,16.8,70,16.0,0.00,0.00,1007.4,0,22.8,95
2024-06-25 02:00,16.1,72,15.3,0.00,0.00,1007.1,0,20.7,97
2024-06-25 03:00,15.8,78,15.2,0.00,0.00,1006.7,0,21.3,93
2024-06-25 04:00,14.5,84,13.9,0.00,0.00,1006.3,4,18.6,100
2024-06-25 05:00,13.6,88,12.7,0.00,0.00,1006.2,8,14.6,106
2024-06-25 06:00,14.8,85,14.7,0.00,0.00,1006.4,3,11.7,81
2024-06-25 07:00,16.3,82,16.6,0.00,0.00,1006.4,4,9.8,73
2024-06-25 08:00,18.1,76,18.6,0.00,0.00,1006.6,14,7.0,55
2024-06-25 09:00,20.0,70,20.5,0.00,0.00,1006.5,13,8.7,52
2024-06-25 10:00,21.9,63,22.3,0.00,0.00,1006.6,8,10.9,63
2024-06-25 11:00,23.2,54,23.5,0.00,0.00,1006.1,26,15.4,79
2024-06-25 12:00,24.0,51,24.3,0.00,0.00,1005.9,33,18.6,80
2024-06-25 13:00,24.5,49,24.9,0.00,0.00,1005.6,52,20.0,83
2024-06-25 14:00,25.0,47,25.5,0.00,0.00,1005.2,15,20.3,83
2024-06-25 15:00,26.0,43,26.0,0.00,0.00,1004.9,65,20.2,88
2024-06-25 16:00,26.0,44,25.3,0.00,0.00,1004.4,50,21.3,86
2024-06-25 17:00,25.8,44,24.4,0.00,0.00,1003.8,62,22.1,83
2024-06-25 18:00,25.3,46,23.9,0.00,0.00,1003.4,97,22.7,89
2024-06-25 19:00,24.9,45,23.6,0.00,0.00,1003.3,68,21.3,87
2024-06-25 20:00,23.7,52,23.4,0.00,0.00,1002.9,1,18.7,65
2024-06-25 21:00,22.0,57,21.0,0.00,0.00,1002.8,0,27.1,54
2024-06-25 22:00,21.0,60,19.8,0.00,0.00,1003.2,0,28.4,57
2024-06-25 23:00,20.1,64,19.2,0.00,0.00,1003.1,0,26.1,62
2024-06-26 00:00,19.3,69,18.7,0.00,0.00,1002.9,6,25.0,63
2024-06-26 01:00,18.6,73,18.3,0.00,0.00,1002.6,1,24.2,65
2024-06-26 02:00,18.0,76,17.9,0.00,0.00,1002.4,10,22.0,75
2024-06-26 03:00,17.1,84,17.7,0.00,0.00,1001.7,0,18.3,70
2024-06-26 04:00,15.9,90,16.5,0.00,0.00,1001.7,4,12.8,74
2024-06-26 05:00,16.2,89,16.8,0.00,0.00,1001.7,8,11.9,61
2024-06-26 06:00,16.8,87,17.1,0.00,0.00,1001.5,7,14.3,45
2024-06-26 07:00,18.2,83,18.8,0.00,0.00,1001.5,0,15.3,43
2024-06-26 08:00,19.9,76,20.6,0.00,0.00,1001.5,0,11.1,36
2024-06-26 09:00,21.8,70,22.8,0.00,0.00,1001.3,0,9.5,61
2024-06-26 10:00,23.7,65,25.1,0.00,0.00,1001.0,0,9.5,65
2024-06-26 11:00,25.5,61,27.8,0.00,0.00,1000.9,0,10.8,75
2024-06-26 12:00,27.0,56,29.6,0.00,0.00,1000.5,0,13.4,85
2024-06-26 13:00,28.4,51,30.9,0.00,0.00,1000.0,0,15.3,98
2024-06-26 14:00,29.3,48,31.8,0.00,0.00,999.5,22,15.8,107
2024-06-26 15:00,30.2,45,32.0,0.00,0.00,999.1,10,18.0,106
2024-06-26 16:00,30.5,44,31.7,0.00,0.00,998.4,5,19.6,110
2024-06-26 17:00,30.1,44,30.2,0.00,0.00,998.0,64,21.7,117
2024-06-26 18:00,28.8,45,28.7,0.00,0.00,997.7,59,22.1,120
2024-06-26 19:00,27.9,50,28.6,0.00,0.00,997.9,96,18.8,107
2024-06-26 20:00,26.7,58,28.5,0.00,0.00,998.2,97,15.3,109
2024-06-26 21:00,24.6,67,26.8,0.00,0.00,998.5,35,15.0,107
2024-06-26 22:00,23.2,70,25.0,0.00,0.00,998.6,37,16.9,89
2024-06-26 23:00,22.9,70,24.1,0.00,0.00,998.4,96,21.3,93
2024-06-27 00:00,22.3,72,23.5,0.00,0.00,998.0,77,20.8,104
2024-06-27 01:00,21.2,75,22.6,0.00,0.00,997.9,98,18.8,116
2024-06-27 02:00,20.2,80,21.7,0.00,0.00,997.8,98,16.1,130
2024-06-27 03:00,19.7,90,21.8,0.00,0.00,997.1,82,15.1,72
2024-06-27 04:00,19.0,91,20.7,0.00,0.00,997.0,90,11.2,88
2024-06-27 05:00,18.4,93,20.0,0.00,0.00,997.2,96,11.9,93
2024-06-27 06:00,19.0,94,21.4,0.00,0.00,997.3,96,7.9,106
2024-06-27 07:00,20.6,89,23.4,0.00,0.00,997.5,2,7.3,110
2024-06-27 08:00,22.2,81,25.2,0.00,0.00,997.4,4,4.1,135
2024-06-27 09:00,24.0,73,27.0,0.00,0.00,997.5,56,2.4,117
2024-06-27 10:00,25.6,68,28.6,0.00,0.00,997.2,61,5.2,115
2024-06-27 11:00,27.1,63,30.6,0.00,0.00,997.2,4,8.4,121
2024-06-27 12:00,28.0,59,31.8,0.10,0.10,997.1,45,9.1,124
2024-06-27 13:00,27.3,60,30.9,0.90,0.90,997.0,95,8.3,185
2024-06-27 14:00,25.9,68,28.5,0.00,0.00,997.1,96,9.4,184
2024-06-27 15:00,29.2,51,31.8,0.00,0.00,996.5,83,10.9,172
2024-06-27 16:00,29.7,49,32.1,0.00,0.00,996.1,85,11.2,201
2024-06-27 17:00,28.9,48,29.2,0.20,0.20,996.5,100,18.0,200
2024-06-27 18:00,27.4,58,28.4,0.20,0.20,996.6,100,19.9,202
2024-06-27 19:00,27.1,58,29.0,0.00,0.00,996.7,100,13.7,243
2024-06-27 20:00,26.6,64,29.5,0.00,0.00,997.1,100,10.3,234
2024-06-27 21:00,25.0,71,26.9,0.00,0.00,997.3,100,20.0,218
2024-06-27 22:00,23.7,76,25.4,0.00,0.00,997.8,68,25.2,236
2024-06-27 23:00,22.9,79,24.6,0.00,0.00,998.1,94,23.8,260
2024-06-28 00:00,22.2,81,24.1,0.00,0.00,998.1,67,20.5,260
2024-06-28 01:00,21.7,86,23.7,0.00,0.00,998.2,1,22.2,253
2024-06-28 02:00,21.3,90,23.5,0.00,0.00,998.5,2,22.5,254
2024-06-28 03:00,20.4,87,21.9,0.00,0.00,998.4,0,22.2,243
2024-06-28 04:00,19.8,88,21.2,0.00,0.00,997.9,0,21.8,239
2024-06-28 05:00,19.5,87,20.3,0.00,0.00,998.5,5,24.5,234
2024-06-28 06:00,20.0,84,20.6,0.00,0.00,998.7,61,25.7,236
2024-06-28 07:00,21.1,80,22.2,0.00,0.00,999.1,95,30.0,247
2024-06-28 08:00,22.4,75,23.6,0.00,0.00,999.5,100,19.0,241
2024-06-28 09:00,22.9,73,24.1,0.00,0.00,1000.0,27,15.0,246
2024-06-28 10:00,24.9,65,25.6,0.00,0.00,1000.7,4,19.1,259
2024-06-28 11:00,25.8,55,25.6,0.00,0.00,1001.1,19,27.3,262
2024-06-28 12:00,25.8,49,24.9,0.00,0.00,1001.3,2,27.0,260
2024-06-28 13:00,27.0,44,26.4,0.00,0.00,1001.2,39,28.1,267
2024-06-28 14:00,27.0,43,25.8,0.00,0.00,1001.8,5,31.6,263
2024-06-28 15:00,28.0,41,26.9,0.00,0.00,1001.2,3,30.1,264
2024-06-28 16:00,27.4,43,26.0,0.00,0.00,1001.9,9,32.1,280
2024-06-28 17:00,26.9,34,24.4,0.00,0.00,1002.6,2,26.7,291
2024-06-28 18:00,25.9,28,22.2,0.00,0.00,1003.3,1,26.3,279
2024-06-28 19:00,25.0,31,22.2,0.00,0.00,1003.7,0,21.0,275
2024-06-28 20:00,23.5,41,22.3,0.00,0.00,1004.1,0,15.7,279
2024-06-28 21:00,20.3,62,20.0,0.00,0.00,1004.5,10,11.9,295
2024-06-28 22:00,18.8,59,18.0,0.00,0.00,1005.3,37,13.7,337
2024-06-28 23:00,17.9,63,17.1,0.00,0.00,1005.9,100,16.9,348
2024-06-29 00:00,17.0,65,16.1,0.00,0.00,1006.2,99,17.7,347
2024-06-29 01:00,16.2,67,15.3,0.00,0.00,1006.1,100,16.1,350
2024-06-29 02:00,15.8,72,14.9,0.00,0.00,1006.2,37,10.1,360
2024-06-29 03:00,13.5,86,12.8,0.00,0.00,1006.2,6,9.8,8
2024-06-29 04:00,13.6,84,13.2,0.00,0.00,1006.2,30,11.4,11
2024-06-29 05:00,12.9,88,12.2,0.00,0.00,1006.1,11,10.6,28
2024-06-29 06:00,14.1,82,13.4,0.00,0.00,1006.0,1,13.2,35
2024-06-29 07:00,16.1,76,15.9,0.00,0.00,1005.9,10,12.7,61
2024-06-29 08:00,18.2,69,18.5,0.00,0.00,1006.0,70,7.9,90
2024-06-29 09:00,20.5,62,20.6,0.00,0.00,1005.6,27,7.9,87
2024-06-29 10:00,22.9,55,22.9,0.00,0.00,1005.2,5,10.9,96
2024-06-29 11:00,24.7,51,25.5,0.00,0.00,1004.8,0,11.6,112
2024-06-29 12:00,26.2,50,27.8,0.00,0.00,1003.9,50,12.9,117
2024-06-29 13:00,27.5,49,29.9,0.00,0.00,1003.2,98,11.8,140
2024-06-29 14:00,28.4,46,30.9,0.00,0.00,1002.5,7,8.2,157
2024-06-29 15:00,28.6,46,30.4,0.00,0.00,1002.0,100,1.8,79
2024-06-29 16:00,29.0,47,30.6,0.00,0.00,1001.4,79,5.8,97
2024-06-29 17:00,29.6,46,31.2,0.00,0.00,1000.1,48,9.0,92
2024-06-29 18:00,29.4,47,30.6,0.00,0.00,999.5,62,12.2,114
2024-06-29 19:00,29.1,49,30.7,0.00,0.00,998.8,32,13.4,104
2024-06-29 20:00,28.0,55,30.1,0.00,0.00,998.1,100,13.6,68
2024-06-29 21:00,24.3,66,23.8,1.50,1.50,998.5,100,36.0,325
2024-06-29 22:00,20.2,88,21.1,1.30,1.30,997.7,100,29.0,53
2024-06-29 23:00,20.2,92,21.9,0.50,0.50,997.4,100,23.2,83
2024-06-30 00:00,20.5,88,22.0,0.00,0.00,995.4,49,25.6,107
2024-06-30 01:00,19.4,92,20.9,0.00,0.00,994.6,96,16.6,131
2024-06-30 02:00,19.7,90,22.2,0.00,0.00,994.2,100,3.8,73
2024-06-30 03:00,22.9,85,26.2,0.00,0.00,991.1,100,8.8,19
2024-06-30 04:00,21.2,89,22.8,5.50,5.50,992.7,100,25.5,261
2024-06-30 05:00,20.9,93,23.7,2.20,2.20,992.0,100,6.4,317
2024-06-30 06:00,20.8,93,23.5,0.00,0.00,991.6,100,11.0,169
2024-06-30 07:00,21.6,88,23.7,0.00,0.00,991.3,100,20.3,192
2024-06-30 08:00,23.0,84,25.5,0.00,0.00,991.2,82,19.5,214
2024-06-30 09:00,24.4,75,25.9,0.00,0.00,991.5,73,22.4,228
2024-06-30 10:00,24.8,68,25.1,0.00,0.00,992.1,95,27.6,230
2024-06-30 11:00,24.9,61,23.9,0.00,0.00,992.3,99,33.7,233
2024-06-30 12:00,24.6,61,23.4,0.00,0.00,993.0,99,34.7,241
2024-06-30 13:00,24.0,62,23.2,0.10,0.10,993.0,94,30.0,241
2024-06-30 14:00,22.2,76,21.8,1.20,1.20,993.4,100,32.3,248
2024-06-30 15:00,21.4,83,22.2,2.70,2.70,993.6,100,24.0,253
2024-06-30 16:00,21.7,72,21.2,0.00,0.00,994.6,80,26.6,268
2024-06-30 17:00,22.8,62,21.6,0.00,0.00,994.9,100,28.6,293
2024-06-30 18:00,21.5,62,19.8,0.00,0.00,995.6,40,31.0,308
2024-06-30 19:00,21.5,60,19.7,0.00,0.00,996.3,97,30.2,309
2024-06-30 20:00,20.7,64,19.2,0.00,0.00,996.7,100,27.8,312
2024-06-30 21:00,19.9,70,19.1,0.00,0.00,997.6,100,23.6,308
2024-06-30 22:00,19.1,74,18.9,0.00,0.00,998.3,100,20.3,307
2024-06-30 23:00,18.8,76,18.6,0.00,0.00,998.7,100,21.2,305
2024-07-01 00:00,18.5,79,18.5,0.20,0.20,999.1,100,19.5,295
2024-07-01 01:00,17.9,84,18.3,0.50,0.50,999.2,100,16.1,290
2024-07-01 02:00,17.5,88,18.1,0.30,0.30,999.5,100,15.7,281
2024-07-01 03:00,17.1,91,17.8,0.00,0.00,1000.3,100,15.6,262
2024-07-01 04:00,16.6,93,16.9,0.00,0.00,1000.2,100,20.1,249
2024-07-01 05:00,15.5,95,15.7,0.20,0.20,1000.0,49,17.2,241
2024-07-01 06:00,15.9,94,16.4,0.10,0.10,999.8,28,14.8,225
2024-07-01 07:00,16.9,92,17.6,0.00,0.00,999.7,28,17.6,226
2024-07-01 08:00,17.2,86,16.7,0.20,0.20,999.7,46,21.9,234
2024-07-01 09:00,18.4,81,17.9,0.10,0.10,999.7,97,21.4,234
2024-07-01 10:00,17.8,80,16.4,1.50,1.50,999.8,100,26.9,240
2024-07-01 11:00,18.5,76,17.3,0.90,0.90,999.2,80,25.8,245
2024-07-01 12:00,21.0,63,20.3,0.20,0.20,999.2,100,27.8,260
2024-07-01 13:00,20.5,55,17.8,0.10,0.10,999.2,100,29.6,267
2024-07-01 14:00,21.0,52,18.5,0.00,0.00,999.4,97,26.3,260
2024-07-01 15:00,19.0,70,18.5,0.10,0.10,999.8,100,15.2,256
2024-07-01 16:00,18.4,67,16.2,1.30,1.30,999.8,100,28.2,298
2024-07-01 17:00,17.9,70,16.7,0.20,0.20,999.9,100,20.2,301
2024-07-01 18:00,17.9,60,15.1,0.00,0.00,999.8,93,28.4,306
2024-07-01 19:00,17.4,63,15.2,0.00,0.00,1000.0,40,23.7,300
2024-07-01 20:00,17.1,62,15.1,0.00,0.00,1000.4,21,22.7,306
2024-07-01 21:00,16.3,64,14.2,0.00,0.00,1000.8,24,23.9,304
2024-07-01 22:00,15.4,67,13.2,0.00,0.00,1001.3,20,25.8,306
2024-07-01 23:00,14.4,74,12.4,0.00,0.00,1001.7,95,24.5,303
2024-07-02 00:00,14.4,76,12.5,0.10,0.10,1002.1,94,23.3,297
2024-07-02 01:00,13.8,79,12.1,0.00,0.00,1002.1,100,22.2,297
2024-07-02 02:00,13.7,81,12.3,0.10,0.10,1002.0,95,20.7,293
2024-07-02 03:00,13.0,86,12.1,0.50,0.50,1002.6,86,15.9,276
2024-07-02 04:00,13.1,89,12.6,0.70,0.70,1002.3,100,14.5,264
2024-07-02 05:00,12.9,91,11.9,0.00,0.00,1002.1,96,19.0,255
2024-07-02 06:00,12.7,89,11.1,0.00,0.00,1002.2,100,24.3,255
2024-07-02 07:00,13.4,85,11.9,0.00,0.00,1001.9,100,21.1,253
2024-07-02 08:00,14.4,81,12.8,0.00,0.00,1001.7,92,20.3,250
2024-07-02 09:00,15.8,73,14.0,0.00,0.00,1001.5,100,20.0,252
2024-07-02 10:00,16.0,70,14.0,0.00,0.00,1001.2,100,21.3,254
2024-07-02 11:00,15.6,72,13.6,0.20,0.20,1000.9,100,22.3,252
2024-07-02 12:00,16.5,69,14.4,0.00,0.00,1000.5,100,23.0,245
2024-07-02 13:00,17.9,58,15.0,0.00,0.00,1000.1,100,27.9,259
2024-07-02 14:00,19.7,51,16.3,0.00,0.00,999.6,96,31.8,260
2024-07-02 15:00,16.6,73,14.5,0.00,0.00,1000.0,99,27.2,252
2024-07-02 16:00,17.9,65,15.3,0.00,0.00,999.5,96,29.6,260
2024-07-02 17:00,17.8,65,15.2,0.00,0.00,999.3,100,28.5,261
2024-07-02 18:00,18.0,62,15.8,0.00,0.00,999.0,100,25.7,265
2024-07-02 19:00,17.4,66,15.5,0.00,0.00,998.6,100,23.8,271
2024-07-02 20:00,16.8,70,15.4,0.00,0.00,998.7,100,20.5,273
2024-07-02 21:00,16.2,74,15.3,0.00,0.00,998.5,100,17.2,281
2024-07-02 22:00,15.5,79,14.7,0.10,0.10,999.0,100,16.3,292
2024-07-02 23:00,14.4,87,13.9,0.10,0.10,999.2,100,16.3,305
2024-07-03 00:00,14.1,85,13.0,0.00,0.00,999.2,100,20.1,314
2024-07-03 01:00,13.5,82,11.7,0.00,0.00,999.4,96,22.5,309
2024-07-03 02:00,12.4,85,10.7,0.00,0.00,999.0,100,21.0,301
2024-07-03 03:00,11.8,88,10.3,0.00,0.00,999.2,93,19.5,298
2024-07-03 04:00,11.2,90,9.9,0.00,0.00,999.0,98,18.3,286
2024-07-03 05:00,10.9,93,9.5,0.00,0.00,999.1,69,19.1,271
2024-07-03 06:00,11.0,93,9.7,0.00,0.00,999.4,44,18.4,269
2024-07-03 07:00,12.1,88,11.1,0.00,0.00,999.2,99,13.7,265
2024-07-03 08:00,13.4,80,12.2,0.00,0.00,999.0,100,11.3,261
2024-07-03 09:00,14.6,72,13.2,0.00,0.00,998.8,90,12.1,258
2024-07-03 10:00,16.0,62,14.1,0.00,0.00,998.4,93,15.1,270
2024-07-03 11:00,16.7,57,14.5,0.20,0.20,998.1,100,16.5,260
2024-07-03 12:00,17.4,54,15.0,0.00,0.00,997.7,96,17.6,269
2024-07-03 13:00,17.9,50,15.5,0.00,0.00,997.1,61,16.2,273
2024-07-03 14:00,18.5,46,15.9,0.00,0.00,996.8,100,16.3,256
2024-07-03 15:00,17.2,54,14.4,0.00,0.00,997.4,100,21.8,257
2024-07-03 16:00,17.0,56,14.9,0.00,0.00,997.0,95,16.6,269
2024-07-03 17:00,18.0,52,15.7,0.00,0.00,996.5,100,15.8,258
2024-07-03 18:00,17.3,54,15.1,0.00,0.00,996.1,100,15.8,258
2024-07-03 19:00,17.1,54,15.0,0.00,0.00,995.9,100,15.2,265
2024-07-03 20:00,16.7,56,15.1,0.00,0.00,996.1,100,12.6,275
2024-07-03 21:00,15.6,62,14.6,0.00,0.00,996.2,100,10.8,296
2024-07-03 22:00,14.9,72,14.3,0.00,0.00,996.7,100,8.7,265
2024-07-03 23:00,14.9,66,13.3,0.00,0.00,996.9,100,16.0,247
2024-07-04 00:00,14.5,66,12.6,0.00,0.00,996.9,100,18.6,252
2024-07-04 01:00,14.0,71,12.5,0.00,0.00,996.9,80,16.3,245
2024-07-04 02:00,12.8,79,11.1,0.00,0.00,996.8,30,20.0,240
2024-07-04 03:00,12.9,77,10.9,0.00,0.00,996.8,34,22.6,239
2024-07-04 04:00,12.0,82,10.0,0.00,0.00,996.4,21,23.1,233
2024-07-04 05:00,11.6,84,9.5,0.00,0.00,996.3,34,24.2,228
2024-07-04 06:00,12.1,81,10.0,0.00,0.00,996.1,75,23.1,217
2024-07-04 07:00,13.2,78,11.6,0.00,0.00,995.6,100,18.6,189
2024-07-04 08:00,14.1,75,12.5,0.10,0.10,995.5,76,16.6,181
2024-07-04 09:00,15.6,70,13.3,0.00,0.00,995.0,61,22.5,192
2024-07-04 10:00,17.7,63,14.4,0.00,0.00,994.5,100,33.6,222
2024-07-04 11:00,17.8,65,14.8,0.00,0.00,994.4,93,34.2,230
2024-07-04 12:00,18.9,63,15.9,0.00,0.00,994.2,32,35.5,230
2024-07-04 13:00,20.6,57,18.9,0.00,0.00,993.7,50,31.5,234
2024-07-04 14:00,21.1,56,19.0,0.10,0.10,993.5,79,31.7,241
2024-07-04 15:00,18.9,64,15.5,0.50,0.50,994.1,96,40.0,237
2024-07-04 16:00,17.9,75,16.3,1.00,1.00,994.6,90,26.3,283
2024-07-04 17:00,17.6,69,16.4,0.10,0.10,995.4,100,19.0,303
2024-07-04 18:00,17.1,71,16.6,0.00,0.00,995.6,13,13.0,289
2024-07-04 19:00,18.4,61,16.6,0.00,0.00,995.9,22,19.1,271
2024-07-04 20:00,17.8,63,16.5,0.00,0.00,996.1,16,17.5,261
2024-07-04 21:00,16.3,67,15.1,0.00,0.00,996.7,7,19.9,248
2024-07-04 22:00,15.2,65,13.4,0.00,0.00,997.5,14,24.3,255
2024-07-04 23:00,14.8,65,12.6,0.00,0.00,998.1,9,25.9,261
2024-07-05 00:00,14.1,68,12.0,0.00,0.00,998.6,7,26.2,262
2024-07-05 01:00,13.4,72,11.4,0.00,0.00,998.9,9,24.9,268
2024-07-05 02:00,12.8,75,10.8,0.00,0.00,999.2,64,23.9,276
2024-07-05 03:00,11.4,85,10.2,0.00,0.00,999.1,84,15.2,265
2024-07-05 04:00,12.3,80,10.3,0.00,0.00,999.6,97,26.3,247
2024-07-05 05:00,12.9,77,11.1,0.00,0.00,999.4,98,20.9,259
2024-07-05 06:00,12.9,76,11.4,0.00,0.00,999.5,100,17.9,240
2024-07-05 07:00,13.8,76,12.5,0.00,0.00,999.6,99,20.7,230
2024-07-05 08:00,14.9,75,13.8,0.00,0.00,999.6,100,15.3,219
2024-07-05 09:00,16.2,71,14.8,0.00,0.00,999.6,100,17.6,224
2024-07-05 10:00,17.1,58,13.6,0.00,0.00,999.7,51,32.0,249
2024-07-05 11:00,18.2,51,14.7,0.00,0.00,999.6,59,33.1,251
2024-07-05 12:00,19.1,46,15.5,0.00,0.00,999.5,73,33.0,254
2024-07-05 13:00,19.4,45,15.4,0.00,0.00,999.8,100,31.6,249
2024-07-05 14:00,19.8,44,15.8,0.00,0.00,999.7,100,31.0,250
2024-07-05 15:00,19.4,46,15.4,0.00,0.00,999.8,100,32.5,245
2024-07-05 16:00,19.9,46,16.1,0.00,0.00,999.8,100,31.7,245
2024-07-05 17:00,20.1,47,16.9,0.00,0.00,999.3,100,28.4,240
2024-07-05 18:00,19.8,49,16.9,0.00,0.00,999.3,100,27.7,244
2024-07-05 19:00,19.0,53,16.6,0.00,0.00,999.1,100,25.1,249
2024-07-05 20:00,18.5,57,16.8,0.00,0.00,999.0,100,19.9,248
2024-07-05 21:00,17.7,61,16.9,0.00,0.00,998.8,100,14.4,257
2024-07-05 22:00,17.0,72,17.0,0.00,0.00,998.8,100,8.9,243
2024-07-05 23:00,16.9,67,16.5,0.00,0.00,998.6,72,7.0,201
2024-07-06 00:00,15.8,72,15.0,0.00,0.00,998.3,27,14.1,174
2024-07-06 01:00,14.8,77,13.9,0.00,0.00,998.0,23,19.3,156
2024-07-06 02:00,14.2,81,13.4,0.00,0.00,997.6,26,18.2,172
2024-07-06 03:00,14.7,85,14.3,0.00,0.00,997.3,9,15.8,204
2024-07-06 04:00,14.3,87,14.0,0.00,0.00,996.9,3,16.9,200
2024-07-06 05:00,13.9,89,13.4,0.00,0.00,996.5,64,16.6,181
2024-07-06 06:00,14.4,87,13.5,0.00,0.00,996.1,85,22.9,172
2024-07-06 07:00,15.8,83,15.1,0.00,0.00,995.6,95,23.6,172
2024-07-06 08:00,17.7,76,17.3,0.00,0.00,994.9,100,23.1,166
2024-07-06 09:00,19.2,73,19.1,0.00,0.00,994.3,66,21.7,161
2024-07-06 10:00,23.4,61,23.0,0.00,0.00,993.7,10,21.7,169
2024-07-06 11:00,25.8,54,26.0,0.00,0.00,992.6,10,23.5,175
2024-07-06 12:00,27.7,46,27.9,0.00,0.00,992.1,35,26.8,191
2024-07-06 13:00,28.8,39,27.8,0.00,0.00,991.2,93,31.9,204
2024-07-06 14:00,29.0,40,27.9,0.30,0.30,990.7,97,33.5,204
2024-07-06 15:00,27.6,42,25.9,0.20,0.20,990.9,100,30.4,211
2024-07-06 16:00,25.5,56,25.0,0.50,0.50,991.1,99,27.5,236
2024-07-06 17:00,24.7,58,23.7,0.00,0.00,991.4,100,31.1,238
2024-07-06 18:00,22.5,71,22.6,0.40,0.40,991.4,100,27.6,213
2024-07-06 19:00,22.5,70,22.1,0.00,0.00,991.7,100,31.1,210
2024-07-06 20:00,22.5,65,21.7,0.00,0.00,992.5,100,30.5,235
2024-07-06 21:00,21.4,67,20.7,0.00,0.00,993.1,100,28.7,252
2024-07-06 22:00,20.5,68,19.5,0.00,0.00,994.2,100,29.3,251
2024-07-06 23:00,19.4,72,18.2,0.00,0.00,995.4,100,29.2,266
2024-07-07 00:00,18.6,65,16.4,0.10,0.10,996.7,99,31.3,282
2024-07-07 01:00,16.8,63,14.1,0.00,0.00,997.6,100,30.0,274
2024-07-07 02:00,15.7,63,13.3,0.00,0.00,998.3,94,25.6,272
2024-07-07 03:00,14.9,66,13.1,0.00,0.00,998.9,100,22.0,267
2024-07-07 04:00,14.7,64,12.9,0.00,0.00,999.4,100,18.8,258
2024-07-07 05:00,14.0,68,12.1,0.00,0.00,1000.2,34,20.8,244
2024-07-07 06:00,13.5,69,11.4,0.00,0.00,1000.9,0,23.3,248
2024-07-07 07:00,14.4,67,12.6,0.00,0.00,1001.2,95,23.4,245
2024-07-07 08:00,15.7,60,13.4,0.00,0.00,1001.6,100,18.2,245
2024-07-07 09:00,16.8,53,14.2,0.00,0.00,1002.0,100,18.8,250
2024-07-07 10:00,17.7,48,14.9,0.00,0.00,1002.4,100,18.4,235
2024-07-07 11:00,18.8,42,15.9,0.00,0.00,1002.4,100,20.1,234
2024-07-07 12:00,19.5,38,16.9,0.00,0.00,1002.5,100,21.1,233
2024-07-07 13:00,20.4,36,17.8,0.00,0.00,1002.7,100,20.6,237
2024-07-07 14:00,20.9,35,18.2,0.00,0.00,1002.6,100,20.5,239
2024-07-07 15:00,21.9,34,18.7,0.00,0.00,1002.7,100,21.0,239
2024-07-07 16:00,22.0,34,18.8,0.00,0.00,1002.7,87,22.0,230
2024-07-07 17:00,22.2,34,19.3,0.00,0.00,1002.5,43,17.8,227
2024-07-07 18:00,22.4,32,19.3,0.00,0.00,1002.2,71,17.9,220
2024-07-07 19:00,21.9,34,19.5,0.00,0.00,1002.2,100,14.5,222
2024-07-07 20:00,20.9,51,20.5,0.00,0.00,1002.5,100,9.9,226
2024-07-07 21:00,19.3,51,18.2,0.00,0.00,1002.8,100,12.6,273
2024-07-07 22:00,18.5,45,16.6,0.00,0.00,1003.6,84,16.5,302
2024-07-07 23:00,15.9,58,14.4,0.00,0.00,1004.2,9,12.8,280
2024-07-08 00:00,14.1,70,12.4,0.00,0.00,1004.1,73,12.3,265
2024-07-08 01:00,14.4,66,12.9,0.00,0.00,1004.2,42,15.2,256
2024-07-08 02:00,14.0,66,12.4,0.00,0.00,1004.4,9,15.3,246
2024-07-08 03:00,12.5,82,11.3,0.00,0.00,1004.6,29,12.2,227
2024-07-08 04:00,11.8,86,10.6,0.00,0.00,1004.4,1,12.1,233
2024-07-08 05:00,11.5,87,10.3,0.00,0.00,1004.8,0,13.3,229
2024-07-08 06:00,12.6,83,11.6,0.00,0.00,1005.1,0,14.8,225
2024-07-08 07:00,14.6,74,13.7,0.00,0.00,1005.2,0,13.8,223
2024-07-08 08:00,17.1,68,16.8,0.00,0.00,1005.7,0,11.8,220
2024-07-08 09:00,19.5,60,19.3,0.00,0.00,1006.2,0,7.4,203
2024-07-08 10:00,21.5,49,20.8,0.00,0.00,1006.4,0,8.2,203
2024-07-08 11:00,22.9,40,22.4,0.00,0.00,1006.4,0,9.4,220
2024-07-08 12:00,23.9,37,23.9,0.00,0.00,1006.5,14,8.1,225
2024-07-08 13:00,24.9,33,24.6,0.00,0.00,1006.4,100,12.0,224
2024-07-08 14:00,24.9,33,22.8,0.00,0.00,1006.1,100,13.1,212
2024-07-08 15:00,25.8,31,23.6,0.00,0.00,1005.9,100,17.8,222
2024-07-08 16:00,25.7,32,23.3,0.00,0.00,1005.8,100,17.6,215
2024-07-08 17:00,25.7,34,24.0,0.00,0.00,1005.6,100,12.6,204
2024-07-08 18:00,25.8,36,25.0,0.00,0.00,1005.4,93,7.7,191
2024-07-08 19:00,25.5,46,26.0,0.00,0.00,1005.4,98,5.1,188
2024-07-08 20:00,25.4,34,24.7,0.00,0.00,1005.8,88,1.8,143
2024-07-08 21:00,22.5,46,21.4,0.00,0.00,1006.1,21,17.3,359
2024-07-08 22:00,20.7,48,18.7,0.00,0.00,1006.7,30,25.3,20
2024-07-08 23:00,20.0,49,17.8,0.00,0.00,1006.8,100,27.3,41
2024-07-09 00:00,19.4,52,17.9,0.00,0.00,1007.0,75,20.1,54
2024-07-09 01:00,18.9,54,17.6,0.00,0.00,1007.0,34,17.8,48
2024-07-09 02:00,17.5,61,16.5,0.00,0.00,1007.0,11,17.2,64
2024-07-09 03:00,16.8,70,16.3,0.00,0.00,1006.9,59,13.7,87
2024-07-09 04:00,16.3,72,15.8,0.00,0.00,1006.4,6,15.3,109
2024-07-09 05:00,15.7,74,15.1,0.00,0.00,1006.3,11,15.9,123
2024-07-09 06:00,16.0,76,15.8,0.00,0.00,1006.5,81,13.7,125
2024-07-09 07:00,17.4,75,17.8,0.00,0.00,1006.8,99,9.3,144
2024-07-09 08:00,19.2,72,19.9,0.00,0.00,1006.6,5,7.9,141
2024-07-09 09:00,21.6,65,22.5,0.00,0.00,1006.9,0,6.7,164
2024-07-09 10:00,24.2,59,25.3,0.00,0.00,1006.8,4,7.8,167
2024-07-09 11:00,26.2,55,28.1,0.00,0.00,1006.5,2,10.1,163
2024-07-09 12:00,27.2,51,28.8,0.00,0.00,1006.3,17,14.2,153
2024-07-09 13:00,28.3,46,29.6,0.00,0.00,1006.0,42,15.6,146
2024-07-09 14:00,28.8,44,29.9,0.00,0.00,1005.7,20,13.7,135
2024-07-09 15:00,30.2,41,32.0,0.00,0.00,1005.0,11,12.8,142
2024-07-09 16:00,30.5,39,31.6,0.00,0.00,1004.5,13,12.5,134
2024-07-09 17:00,30.5,38,31.0,0.00,0.00,1004.0,9,13.2,135
2024-07-09 18:00,30.4,38,30.5,0.00,0.00,1003.4,39,13.8,139
2024-07-09 19:00,29.8,40,30.2,0.00,0.00,1003.1,14,15.1,128
2024-07-09 20:00,28.2,50,29.7,0.00,0.00,1002.8,7,16.1,138
2024-07-09 21:00,26.2,52,27.0,0.00,0.00,1002.7,1,20.2,129
2024-07-09 22:00,25.2,53,25.2,0.00,0.00,1002.9,96,25.5,123
2024-07-09 23:00,24.5,54,24.4,0.00,0.00,1002.9,7,25.0,123
2024-07-10 00:00,23.5,58,23.6,0.00,0.00,1002.5,82,23.9,135
2024-07-10 01:00,22.8,65,23.4,0.00,0.00,1002.5,52,23.0,151
2024-07-10 02:00,22.2,72,23.2,0.00,0.00,1002.2,0,22.9,158
2024-07-10 03:00,20.8,80,22.1,0.00,0.00,1001.8,29,10.8,195
2024-07-10 04:00,20.1,83,21.7,0.00,0.00,1001.2,99,12.5,162
2024-07-10 05:00,20.8,83,22.4,0.00,0.00,1001.5,89,21.7,174
2024-07-10 06:00,20.8,85,23.0,0.00,0.00,1001.1,7,9.3,254
2024-07-10 07:00,21.6,83,24.0,0.00,0.00,1001.7,21,8.0,100
2024-07-10 08:00,23.4,77,26.3,0.00,0.00,1001.9,83,6.8,177
2024-07-10 09:00,25.5,69,28.4,0.00,0.00,1002.0,100,5.7,125
2024-07-10 10:00,26.6,65,29.3,0.00,0.00,1002.3,100,7.8,158
2024-07-10 11:00,28.2,58,30.8,0.00,0.00,1002.2,52,8.4,220
2024-07-10 12:00,29.9,50,32.5,0.00,0.00,1002.1,15,13.1,249
2024-07-10 13:00,28.6,54,31.0,2.10,2.10,1002.5,96,16.2,283
2024-07-10 14:00,29.2,50,31.5,0.00,0.00,1002.6,99,13.4,275
2024-07-10 15:00,29.5,43,29.9,0.00,0.00,1002.8,100,20.6,251
2024-07-10 16:00,28.2,45,27.4,0.00,0.00,1003.1,100,25.3,255
2024-07-10 17:00,27.6,48,27.7,0.00,0.00,1003.0,100,18.1,264
2024-07-10 18:00,27.5,48,27.3,0.30,0.30,1003.6,100,19.1,259
2024-07-10 19:00,26.4,51,26.6,0.00,0.00,1003.9,100,17.5,278
2024-07-10 20:00,24.3,64,25.8,0.20,0.20,1004.0,100,11.8,290
2024-07-10 21:00,23.4,72,25.5,0.00,0.00,1004.3,100,10.1,287
2024-07-10 22:00,21.9,80,24.2,0.00,0.00,1004.8,100,10.9,278
2024-07-10 23:00,20.8,86,23.2,0.00,0.00,1005.0,46,9.5,261
2024-07-11 00:00,20.4,87,22.3,0.00,0.00,1004.7,99,16.5,247
2024-07-11 01:00,20.1,84,21.3,0.00,0.00,1004.7,99,20.3,257
2024-07-11 02:00,19.5,84,20.6,0.00,0.00,1004.6,100,20.1,249
2024-07-11 03:00,19.4,93,20.9,0.00,0.00,1004.0,100,21.1,261
2024-07-11 04:00,19.0,91,20.3,0.00,0.00,1003.6,100,20.0,256
2024-07-11 05:00,18.6,92,19.9,0.20,0.20,1003.8,97,19.8,251
2024-07-11 06:00,18.6,92,20.2,0.00,0.00,1004.3,39,14.8,244
2024-07-11 07:00,19.3,91,21.1,0.10,0.10,1004.6,98,15.5,265
2024-07-11 08:00,20.1,86,22.0,0.00,0.00,1004.6,10,9.8,287
2024-07-11 09:00,21.5,77,22.8,0.00,0.00,1004.8,66,12.0,319
2024-07-11 10:00,22.8,70,24.2,0.00,0.00,1005.1,87,10.6,332
2024-07-11 11:00,23.6,67,25.4,0.00,0.00,1005.2,68,6.9,332
2024-07-11 12:00,24.5,62,26.9,0.00,0.00,1004.8,51,5.6,310
2024-07-11 13:00,25.4,59,27.8,0.00,0.00,1004.7,99,6.6,283
2024-07-11 14:00,25.4,56,26.7,0.10,0.10,1004.4,100,6.4,308
2024-07-11 15:00,27.2,48,28.9,0.00,0.00,1004.2,91,10.3,258
2024-07-11 16:00,26.9,44,25.9,0.00,0.00,1003.9,39,19.9,275
2024-07-11 17:00,25.1,50,24.1,0.10,0.10,1004.2,80,21.4,316
2024-07-11 18:00,23.5,61,23.7,0.20,0.20,1004.4,19,16.4,351
2024-07-11 19:00,23.6,59,24.4,0.00,0.00,1004.3,7,9.5,9
2024-07-11 20:00,23.2,63,24.8,0.00,0.00,1004.5,61,5.6,15
2024-07-11 21:00,23.0,61,24.4,0.00,0.00,1004.6,34,4.4,35
2024-07-11 22:00,20.7,76,22.1,0.00,0.00,1004.5,64,7.1,15
2024-07-11 23:00,19.6,80,21.2,0.00,0.00,1004.7,50,7.2,357
2024-07-12 00:00,19.0,83,20.4,0.00,0.00,1004.5,53,8.0,5
2024-07-12 01:00,18.4,88,19.9,0.00,0.00,1004.1,33,6.0,33
2024-07-12 02:00,18.6,84,20.1,0.00,0.00,1004.0,50,6.0,57
2024-07-12 03:00,18.1,86,19.1,0.00,0.00,1003.6,98,16.3,22
2024-07-12 04:00,17.8,86,18.4,0.00,0.00,1002.8,92,19.1,32
2024-07-12 05:00,17.9,84,18.4,0.00,0.00,1002.7,78,19.1,46
2024-07-12 06:00,18.3,81,18.6,0.00,0.00,1002.7,100,21.1,63
2024-07-12 07:00,19.1,80,20.3,0.00,0.00,1002.4,100,9.3,36
2024-07-12 08:00,20.1,79,21.3,0.00,0.00,1001.7,100,10.2,45
2024-07-12 09:00,21.5,78,22.9,0.00,0.00,1000.9,100,11.6,64
2024-07-12 10:00,22.3,77,23.9,0.00,0.00,1000.6,100,12.7,82
2024-07-12 11:00,22.8,77,24.3,0.20,0.20,999.9,100,16.6,90
2024-07-12 12:00,23.0,79,24.5,0.20,0.20,999.2,100,20.2,87
2024-07-12 13:00,25.1,72,26.9,0.20,0.20,998.7,100,18.7,124
2024-07-12 14:00,24.9,70,26.1,0.20,0.20,997.9,100,24.7,151
2024-07-12 15:00,24.8,76,28.0,0.20,0.20,997.2,100,12.8,142
2024-07-12 16:00,22.2,83,24.5,2.50,2.50,997.3,100,12.6,182
2024-07-12 17:00,23.1,82,25.6,0.00,0.00,996.1,100,14.1,130
2024-07-12 18:00,24.5,77,27.1,0.00,0.00,996.1,100,14.9,148
2024-07-12 19:00,24.4,77,27.0,0.30,0.30,996.1,100,14.8,183
2024-07-12 20:00,24.1,77,26.4,0.00,0.00,996.0,100,17.7,193
2024-07-12 21:00,23.0,79,25.1,0.00,0.00,995.8,92,20.0,203
2024-07-12 22:00,21.9,80,23.2,0.00,0.00,995.9,75,24.8,220
2024-07-12 23:00,21.5,77,21.8,0.00,0.00,996.1,100,29.0,247
2024-07-13 00:00,20.0,71,19.2,0.00,0.00,996.9,100,27.1,275
2024-07-13 01:00,17.8,72,16.2,0.00,0.00,997.1,86,26.9,278
2024-07-13 02:00,16.0,74,14.4,0.00,0.00,997.7,100,24.6,276
2024-07-13 03:00,17.0,75,16.6,0.00,0.00,998.0,100,16.4,255
2024-07-13 04:00,16.0,73,14.5,0.00,0.00,998.5,100,20.3,257
2024-07-13 05:00,15.1,76,13.6,0.10,0.10,998.8,100,18.4,273
2024-07-13 06:00,14.9,74,13.5,0.00,0.00,999.2,100,18.5,262
2024-07-13 07:00,15.2,73,13.7,0.00,0.00,999.5,9,18.6,261
2024-07-13 08:00,16.5,69,14.6,0.00,0.00,999.7,6,21.7,258
2024-07-13 09:00,17.8,63,15.8,0.00,0.00,999.9,1,20.5,259
2024-07-13 10:00,19.1,56,16.8,0.00,0.00,1000.2,29,22.3,256
2024-07-13 11:00,20.2,50,18.0,0.00,0.00,1000.4,48,23.6,251
2024-07-13 12:00,21.3,45,19.1,0.00,0.00,1000.1,17,25.0,247
2024-07-13 13:00,22.4,40,20.2,0.00,0.00,1000.2,39,26.6,245
2024-07-13 14:00,23.3,37,21.0,0.00,0.00,1000.0,51,28.2,245
2024-07-13 15:00,22.4,40,19.4,0.00,0.00,1000.6,94,26.3,234
2024-07-13 16:00,22.5,40,19.5,0.00,0.00,1000.6,41,25.6,232
2024-07-13 17:00,22.4,42,19.6,0.00,0.00,1000.5,23,23.7,228
2024-07-13 18:00,22.1,43,20.1,0.00,0.00,1000.7,39,17.9,236
2024-07-13 19:00,22.0,43,20.0,0.00,0.00,1000.5,53,18.5,237
2024-07-13 20:00,21.1,49,20.0,0.00,0.00,1000.5,34,15.4,233
2024-07-13 21:00,18.8,61,18.2,0.00,0.00,1000.9,10,14.3,245
2024-07-13 22:00,17.8,60,16.8,0.00,0.00,1001.2,5,16.6,269
2024-07-13 23:00,17.1,60,16.0,0.00,0.00,1001.2,23,17.0,275
2024-07-14 00:00,15.9,66,14.9,0.00,0.00,1001.5,51,16.2,266
2024-07-14 01:00,15.0,72,13.9,0.00,0.00,1001.6,6,14.3,258
2024-07-14 02:00,13.9,79,12.8,0.00,0.00,1001.6,3,12.2,272
2024-07-14 03:00,13.7,85,13.1,0.00,0.00,1001.7,14,10.9,287
2024-07-14 04:00,13.1,88,12.6,0.00,0.00,1001.6,14,9.7,301
2024-07-14 05:00,12.5,91,11.9,0.00,0.00,1001.4,17,7.8,326
2024-07-14 06:00,13.4,87,13.3,0.00,0.00,1001.9,18,4.9,287
2024-07-14 07:00,15.1,79,14.8,0.00,0.00,1002.2,34,8.8,258
2024-07-14 08:00,17.4,71,17.4,0.00,0.00,1002.4,19,11.8,250
2024-07-14 09:00,19.3,61,19.1,0.00,0.00,1002.5,22,6.5,214
2024-07-14 10:00,20.6,55,20.1,0.10,0.10,1002.6,11,7.9,223
2024-07-14 11:00,21.8,52,22.1,0.10,0.10,1002.3,4,6.9,208
2024-07-14 12:00,22.9,49,23.5,0.10,0.10,1002.1,21,11.0,203
2024-07-14 13:00,23.5,47,23.6,0.00,0.00,1002.0,32,12.1,217
2024-07-14 14:00,24.2,43,24.0,0.00,0.00,1001.8,41,16.0,226
2024-07-14 15:00,23.9,38,22.3,0.00,0.00,1001.7,34,18.2,232
2024-07-14 16:00,24.0,38,22.1,0.00,0.00,1001.4,35,17.9,236
2024-07-14 17:00,23.8,39,21.6,0.10,0.10,1001.3,28,19.3,233
2024-07-14 18:00,23.9,38,21.9,0.00,0.00,1001.4,100,16.8,235
2024-07-14 19:00,23.5,38,21.6,0.00,0.00,1001.6,100,16.2,249
2024-07-14 20:00,22.1,53,22.1,0.00,0.00,1001.6,100,11.0,293
2024-07-14 21:00,20.3,62,20.3,0.00,0.00,1001.6,100,7.9,336
2024-07-14 22:00,18.3,62,17.9,0.00,0.00,1001.8,90,1.1,108
2024-07-14 23:00,17.5,62,16.7,0.00,0.00,1001.8,97,10.4,136
2024-07-15 00:00,17.1,66,16.3,0.00,0.00,1002.1,96,16.5,144
2024-07-15 01:00,16.6,72,16.1,0.00,0.00,1002.2,99,15.7,171
2024-07-15 02:00,16.6,75,16.3,0.00,0.00,1002.0,0,13.8,187
2024-07-15 03:00,15.1,81,14.5,0.00,0.00,1001.8,10,14.0,226
2024-07-15 04:00,14.6,82,13.9,0.00,0.00,1001.8,90,12.9,257
2024-07-15 05:00,15.9,76,15.6,0.00,0.00,1001.8,0,10.2,247
2024-07-15 06:00,15.1,83,15.1,0.00,0.00,1001.8,55,5.1,219
2024-07-15 07:00,16.7,78,17.2,0.00,0.00,1002.0,1,5.8,263
2024-07-15 08:00,19.0,68,19.5,0.00,0.00,1002.3,0,8.1,302
2024-07-15 09:00,21.3,57,21.5,0.00,0.00,1002.3,7,5.4,312
2024-07-15 10:00,23.1,50,23.4,0.00,0.00,1002.2,94,4.5,299
2024-07-15 11:00,24.5,45,25.4,0.00,0.00,1001.9,97,3.8,253
2024-07-15 12:00,25.8,40,26.7,0.00,0.00,1001.8,0,6.9,231
2024-07-15 13:00,26.6,38,27.8,0.00,0.00,1001.6,0,8.7,218
2024-07-15 14:00,27.3,38,28.8,0.00,0.00,1001.3,15,7.9,204
2024-07-15 15:00,28.0,35,29.0,0.00,0.00,1001.1,64,8.7,210
2024-07-15 16:00,28.2,36,29.1,0.00,0.00,1000.6,10,6.7,216
2024-07-15 17:00,28.2,36,29.1,0.00,0.00,1000.0,99,2.2,279
2024-07-15 18:00,28.1,37,28.4,0.00,0.00,999.4,100,2.5,352
2024-07-15 19:00,27.5,43,28.1,0.00,0.00,998.9,100,7.7,41
2024-07-15 20:00,26.2,55,27.8,0.00,0.00,998.8,83,9.9,46
2024-07-15 21:00,24.1,49,23.9,0.00,0.00,998.9,2,18.6,68
2024-07-15 22:00,22.4,54,22.1,0.00,0.00,998.9,96,19.1,78
2024-07-15 23:00,21.8,57,21.4,0.00,0.00,998.6,100,22.7,80
2024-07-16 00:00,21.5,59,21.1,0.00,0.00,998.4,100,23.1,86
2024-07-16 01:00,21.4,57,21.0,0.00,0.00,998.3,100,21.7,95
2024-07-16 02:00,20.6,59,20.3,0.00,0.00,997.6,100,20.0,104
2024-07-16 03:00,20.7,63,19.1,0.00,0.00,998.6,100,32.4,235
2024-07-16 04:00,20.4,76,20.4,0.10,0.10,998.4,100,27.9,259
2024-07-16 05:00,19.5,90,21.3,1.40,1.40,998.1,100,16.2,253
2024-07-16 06:00,19.7,89,21.0,0.00,0.00,998.2,100,21.6,244
2024-07-16 07:00,20.2,88,21.6,0.00,0.00,998.4,100,20.5,231
2024-07-16 08:00,20.9,86,22.4,0.00,0.00,998.7,100,22.2,207
2024-07-16 09:00,22.3,77,23.2,0.00,0.00,998.9,53,20.9,226
2024-07-16 10:00,24.0,66,23.7,0.00,0.00,998.8,90,27.2,244
2024-07-16 11:00,25.1,58,24.7,0.00,0.00,999.0,79,25.0,247
2024-07-16 12:00,26.5,51,26.1,0.00,0.00,999.1,21,28.6,247
2024-07-16 13:00,26.6,46,25.8,0.00,0.00,999.3,27,31.6,244
2024-07-16 14:00,26.8,43,25.8,0.10,0.10,999.3,21,28.3,243
2024-07-16 15:00,27.5,38,25.4,0.00,0.00,999.7,19,34.8,238
2024-07-16 16:00,26.4,41,24.6,0.00,0.00,1000.1,9,31.2,248
2024-07-16 17:00,26.1,39,23.6,0.00,0.00,1000.1,4,29.8,243
2024-07-16 18:00,25.2,41,22.4,0.00,0.00,1000.3,7,31.6,247
2024-07-16 19:00,24.6,42,22.2,0.00,0.00,1000.8,8,27.7,245
2024-07-16 20:00,23.5,46,21.6,0.00,0.00,1001.6,12,27.0,249
2024-07-16 21:00,22.2,47,19.9,0.00,0.00,1002.4,2,29.4,255
2024-07-16 22:00,20.5,52,18.6,0.00,0.00,1003.1,0,25.3,244
2024-07-16 23:00,19.4,57,17.5,0.00,0.00,1003.5,0,27.0,243
2024-07-17 00:00,18.7,62,17.0,0.00,0.00,1004.0,0,27.5,244
2024-07-17 01:00,18.1,67,16.5,0.00,0.00,1004.1,0,28.2,245
2024-07-17 02:00,17.7,68,16.3,0.00,0.00,1004.3,1,25.9,243
2024-07-17 03:00,16.5,79,15.8,0.00,0.00,1004.5,0,23.7,222
2024-07-17 04:00,16.5,78,15.3,0.00,0.00,1004.8,2,26.8,228
2024-07-17 05:00,16.4,77,15.2,0.00,0.00,1005.1,89,27.1,230
2024-07-17 06:00,16.8,74,15.5,0.00,0.00,1005.4,100,26.6,237
2024-07-17 07:00,18.0,71,16.8,0.00,0.00,1005.7,100,24.8,237
2024-07-17 08:00,19.1,66,17.6,0.00,0.00,1006.4,100,23.9,239
2024-07-17 09:00,20.0,63,18.4,0.00,0.00,1006.8,52,25.0,243
2024-07-17 10:00,21.2,58,19.1,0.00,0.00,1006.8,47,28.2,251
2024-07-17 11:00,22.0,53,19.9,0.00,0.00,1006.9,61,27.3,252
2024-07-17 12:00,22.2,53,20.1,0.00,0.00,1007.4,56,26.9,254
2024-07-17 13:00,22.8,51,20.8,0.00,0.00,1007.7,100,24.5,260
2024-07-17 14:00,23.7,48,21.9,0.00,0.00,1007.5,79,22.7,259
2024-07-17 15:00,23.9,46,22.5,0.00,0.00,1008.3,55,23.5,276
2024-07-17 16:00,24.0,45,22.3,0.00,0.00,1008.3,41,21.3,282
2024-07-17 17:00,24.1,44,22.3,0.00,0.00,1008.4,90,21.3,282
2024-07-17 18:00,23.8,45,22.1,0.00,0.00,1008.5,46,19.6,283
2024-07-17 19:00,23.3,48,22.2,0.00,0.00,1008.4,17,16.9,286
2024-07-17 20:00,22.4,54,22.0,0.00,0.00,1008.9,21,14.1,302
2024-07-17 21:00,20.5,63,20.6,0.00,0.00,1009.5,16,14.5,346
2024-07-17 22:00,19.0,71,19.2,0.00,0.00,1010.1,14,14.8,354
2024-07-17 23:00,18.2,74,18.3,0.00,0.00,1010.7,6,17.4,338
2024-07-18 00:00,17.5,75,17.4,0.00,0.00,1010.8,2,17.8,324
2024-07-18 01:00,16.9,78,16.7,0.00,0.00,1011.0,8,17.4,330
2024-07-18 02:00,15.9,83,16.1,0.00,0.00,1011.1,6,14.8,337
2024-07-18 03:00,15.1,91,15.5,0.00,0.00,1011.3,1,14.2,330
2024-07-18 04:00,14.1,94,14.0,0.00,0.00,1011.3,3,11.9,335
2024-07-18 05:00,14.1,93,14.1,0.00,0.00,1011.5,8,10.0,347
2024-07-18 06:00,15.1,89,15.7,0.00,0.00,1011.8,45,6.1,3
2024-07-18 07:00,16.0,87,17.2,0.00,0.00,1012.2,97,1.8,11
2024-07-18 08:00,17.9,80,19.3,0.00,0.00,1012.2,97,0.7,360
2024-07-18 09:00,19.6,72,21.0,0.00,0.00,1012.3,29,1.1,72
2024-07-18 10:00,21.1,65,22.4,0.00,0.00,1012.5,54,1.0,135
2024-07-18 11:00,22.8,56,24.5,0.00,0.00,1012.3,60,1.1,180
2024-07-18 12:00,24.0,50,25.7,0.00,0.00,1012.2,100,1.9,158
2024-07-18 13:00,24.6,47,25.8,0.00,0.00,1011.8,100,3.6,143
2024-07-18 14:00,25.0,46,25.1,0.00,0.00,1011.6,100,5.9,128
2024-07-18 15:00,25.9,43,26.0,0.00,0.00,1011.2,100,8.3,95
2024-07-18 16:00,25.3,46,25.0,0.00,0.00,1011.0,100,10.5,86
2024-07-18 17:00,25.6,44,25.5,0.00,0.00,1010.8,100,8.3,85
2024-07-18 18:00,25.1,47,25.2,0.00,0.00,1010.7,100,7.3,81
2024-07-18 19:00,25.1,46,25.3,0.00,0.00,1010.6,100,7.2,63
2024-07-18 20:00,24.0,54,24.7,0.00,0.00,1010.4,98,9.7,39
2024-07-18 21:00,21.4,61,21.5,0.00,0.00,1010.4,99,12.2,43
2024-07-18 22:00,20.5,60,20.1,0.00,0.00,1010.5,42,16.3,59
2024-07-18 23:00,18.8,67,18.4,0.00,0.00,1010.5,36,14.8,76
2024-07-19 00:00,18.0,71,17.5,0.00,0.00,1010.7,1,15.7,74
2024-07-19 01:00,17.5,75,17.4,0.00,0.00,1010.6,6,16.8,80
2024-07-19 02:00,17.9,74,17.8,0.00,0.00,1010.7,26,20.3,84
2024-07-19 03:00,15.9,87,15.9,0.00,0.00,1010.3,0,18.1,96
2024-07-19 04:00,15.1,89,14.9,0.00,0.00,1010.1,0,15.4,101
2024-07-19 05:00,15.4,86,15.2,0.00,0.00,1010.0,0,12.9,113
2024-07-19 06:00,16.3,82,16.5,0.00,0.00,1010.0,0,11.2,132
2024-07-19 07:00,17.6,78,18.3,0.00,0.00,1010.1,0,9.2,132
2024-07-19 08:00,19.8,71,20.9,0.00,0.00,1010.1,0,4.7,113
2024-07-19 09:00,22.0,63,23.1,0.00,0.00,1010.0,1,3.1,69
2024-07-19 10:00,24.1,54,24.9,0.00,0.00,1009.8,17,6.1,87
2024-07-19 11:00,25.8,45,26.2,0.00,0.00,1009.6,25,11.2,94
2024-07-19 12:00,26.8,41,27.4,0.00,0.00,1009.0,25,11.9,87
2024-07-19 13:00,27.5,39,28.7,0.00,0.00,1008.5,36,10.5,86
2024-07-19 14:00,28.4,37,30.0,0.00,0.00,1008.1,53,7.9,93
2024-07-19 15:00,28.4,38,29.0,0.00,0.00,1007.8,100,6.9,99
2024-07-19 16:00,28.1,38,28.1,0.00,0.00,1007.2,100,7.1,66
2024-07-19 17:00,28.0,38,27.8,0.00,0.00,1006.6,100,9.3,54
2024-07-19 18:00,27.6,39,27.2,0.00,0.00,1006.1,100,11.3,53
2024-07-19 19:00,26.9,40,26.4,0.00,0.00,1005.8,100,13.5,48
2024-07-19 20:00,25.1,53,26.1,0.00,0.00,1005.2,100,10.8,37
2024-07-19 21:00,23.5,58,23.9,0.00,0.00,1005.2,100,12.0,49
2024-07-19 22:00,23.2,48,22.3,0.00,0.00,1005.4,99,22.0,86
2024-07-19 23:00,22.4,46,21.1,0.00,0.00,1004.9,95,23.3,98
2024-07-20 00:00,21.3,50,20.3,0.00,0.00,1004.8,95,21.3,93
2024-07-20 01:00,20.8,53,19.9,0.00,0.00,1004.6,55,19.9,84
2024-07-20 02:00,20.3,56,19.7,0.00,0.00,1004.1,36,18.0,89
2024-07-20 03:00,18.0,76,18.2,0.00,0.00,1003.7,24,16.6,85
2024-07-20 04:00,18.0,77,18.4,0.00,0.00,1003.2,27,16.7,76
2024-07-20 05:00,17.0,84,17.5,0.00,0.00,1002.6,95,13.3,77
2024-07-20 06:00,17.9,80,18.5,0.00,0.00,1002.6,96,13.2,64
2024-07-20 07:00,19.2,76,19.7,0.00,0.00,1002.5,99,15.5,59
2024-07-20 08:00,20.7,70,21.4,0.00,0.00,1002.1,98,10.2,67
2024-07-20 09:00,22.5,64,23.5,0.00,0.00,1001.8,88,7.2,72
2024-07-20 10:00,24.5,59,25.7,0.00,0.00,1001.4,25,7.3,81
2024-07-20 11:00,26.4,53,27.7,0.00,0.00,1001.1,48,10.1,96
2024-07-20 12:00,28.0,46,29.3,0.00,0.00,1000.7,32,12.0,106
2024-07-20 13:00,28.5,42,29.0,0.00,0.00,1000.3,26,12.4,120
2024-07-20 14:00,29.2,40,30.6,0.00,0.00,999.8,62,11.1,144
2024-07-20 15:00,29.9,40,31.2,0.00,0.00,999.1,42,10.7,123
2024-07-20 16:00,30.0,38,30.4,0.00,0.00,998.5,48,12.4,107
2024-07-20 17:00,29.9,38,29.7,0.00,0.00,998.0,43,12.5,108
2024-07-20 18:00,29.4,39,29.6,0.00,0.00,997.7,51,11.0,122
2024-07-20 19:00,28.5,40,28.6,0.00,0.00,997.4,39,13.2,119
2024-07-20 20:00,27.2,48,28.2,0.00,0.00,997.3,20,14.1,122
2024-07-20 21:00,25.4,51,25.9,0.00,0.00,997.1,18,17.6,134
2024-07-20 22:00,24.2,54,24.5,0.00,0.00,997.0,11,20.6,123
2024-07-20 23:00,22.9,59,23.4,0.00,0.00,997.2,24,18.4,132
2024-07-21 00:00,22.0,64,22.7,0.00,0.00,997.1,0,17.6,125
2024-07-21 01:00,21.0,69,21.8,0.00,0.00,996.8,0,16.0,134
2024-07-21 02:00,20.0,76,21.2,0.00,0.00,996.6,0,13.2,158
2024-07-21 03:00,19.3,76,20.1,0.00,0.00,996.4,2,11.2,159
2024-07-21 04:00,19.4,77,20.2,0.00,0.00,995.9,2,10.3,151
2024-07-21 05:00,18.6,86,19.9,0.00,0.00,995.7,3,11.4,156
2024-07-21 06:00,18.6,90,20.4,0.00,0.00,995.8,13,10.9,172
2024-07-21 07:00,20.5,84,22.3,0.00,0.00,995.9,6,12.0,173
2024-07-21 08:00,22.6,76,24.8,0.00,0.00,996.1,5,8.7,173
2024-07-21 09:00,25.0,67,27.4,0.00,0.00,996.2,3,6.5,180
2024-07-21 10:00,27.4,58,29.8,0.00,0.00,996.0,0,5.9,191
2024-07-21 11:00,29.1,50,31.9,0.00,0.00,996.0,4,6.6,189
2024-07-21 12:00,30.4,45,33.0,0.00,0.00,995.8,18,8.8,189
2024-07-21 13:00,31.4,42,34.2,0.00,0.00,995.7,19,9.2,191
2024-07-21 14:00,32.0,40,34.7,0.00,0.00,995.4,85,9.2,191
2024-07-21 15:00,32.3,34,33.5,0.00,0.00,995.3,91,10.8,240
2024-07-21 16:00,27.6,51,28.1,0.30,0.30,996.4,100,20.1,261
2024-07-21 17:00,29.2,46,30.4,0.00,0.00,996.1,100,10.8,300
2024-07-21 18:00,28.8,49,30.3,0.00,0.00,995.8,100,8.9,328
2024-07-21 19:00,28.5,51,30.2,0.00,0.00,996.2,100,9.0,307
2024-07-21 20:00,27.2,57,29.4,0.00,0.00,996.7,99,11.2,285
2024-07-21 21:00,25.6,66,28.2,0.00,0.00,996.6,100,8.6,268
2024-07-21 22:00,24.2,66,26.2,0.00,0.00,997.2,100,13.5,245
2024-07-21 23:00,24.0,69,25.7,0.00,0.00,997.4,68,17.8,263
2024-07-22 00:00,23.0,76,25.0,0.00,0.00,997.6,74,16.8,280
2024-07-22 01:00,22.2,80,23.8,0.00,0.00,998.2,95,21.8,257
2024-07-22 02:00,21.8,81,23.1,0.10,0.10,998.6,100,22.3,260
2024-07-22 03:00,19.9,85,21.1,0.00,0.00,998.8,21,21.0,257
2024-07-22 04:00,19.8,88,20.9,0.00,0.00,999.0,35,23.7,260
2024-07-22 05:00,19.8,90,20.8,0.00,0.00,999.4,15,24.5,267
2024-07-22 06:00,19.2,90,20.0,0.00,0.00,999.7,0,24.1,268
2024-07-22 07:00,19.6,83,19.6,0.00,0.00,1000.1,6,24.6,264
2024-07-22 08:00,20.5,78,20.5,0.00,0.00,1000.9,33,22.3,268
2024-07-22 09:00,21.5,71,21.3,0.00,0.00,1001.2,70,21.6,269
2024-07-22 10:00,22.2,66,21.7,0.00,0.00,1001.7,96,23.4,267
2024-07-22 11:00,22.6,63,21.7,0.00,0.00,1002.2,38,26.3,261
2024-07-22 12:00,24.0,54,22.5,0.00,0.00,1002.4,6,27.3,261
2024-07-22 13:00,24.8,48,23.6,0.00,0.00,1002.6,11,29.7,264
2024-07-22 14:00,25.0,45,23.5,0.00,0.00,1002.5,14,28.5,266
2024-07-22 15:00,25.5,45,24.9,0.00,0.00,1003.5,40,22.5,277
2024-07-22 16:00,25.9,43,25.0,0.00,0.00,1003.7,99,20.2,292
2024-07-22 17:00,25.2,44,23.6,0.00,0.00,1003.7,100,21.7,312
2024-07-22 18:00,24.2,45,22.4,0.00,0.00,1004.1,95,22.3,321
2024-07-22 19:00,23.5,45,21.8,0.00,0.00,1004.4,100,20.8,330
2024-07-22 20:00,22.9,46,21.5,0.00,0.00,1004.8,90,18.9,346
2024-07-22 21:00,21.9,49,20.5,0.00,0.00,1005.6,73,21.4,333
2024-07-22 22:00,20.8,54,20.0,0.00,0.00,1006.2,12,16.9,336
2024-07-22 23:00,18.5,70,18.4,0.00,0.00,1006.4,8,10.2,337
2024-07-23 00:00,17.5,71,17.5,0.00,0.00,1006.3,100,7.4,321
2024-07-23 01:00,16.6,77,16.7,0.00,0.00,1006.3,100,6.4,308
2024-07-23 02:00,15.8,83,15.9,0.00,0.00,1006.1,55,5.3,298
2024-07-23 03:00,15.8,83,15.9,0.00,0.00,1006.7,32,5.2,168
2024-07-23 04:00,15.3,86,15.2,0.00,0.00,1006.4,0,10.5,174
2024-07-23 05:00,15.6,88,15.9,0.00,0.00,1006.3,9,15.8,179
2024-07-23 06:00,16.1,86,16.3,0.00,0.00,1006.2,15,18.1,187
2024-07-23 07:00,17.6,79,17.7,0.00,0.00,1006.2,27,18.2,189
2024-07-23 08:00,19.5,71,19.9,0.00,0.00,1006.1,22,13.0,183
2024-07-23 09:00,21.2,64,22.0,0.00,0.00,1006.1,43,5.4,176
2024-07-23 10:00,22.9,59,23.3,0.00,0.00,1005.6,61,8.9,166
2024-07-23 11:00,24.0,54,24.3,0.00,0.00,1005.3,32,9.5,205
2024-07-23 12:00,25.2,48,25.2,0.00,0.00,1004.8,48,16.3,221
2024-07-23 13:00,25.7,45,25.4,0.10,0.10,1004.3,58,17.6,226
2024-07-23 14:00,26.1,45,25.9,0.20,0.20,1003.7,42,17.7,231
2024-07-23 15:00,27.3,39,27.0,0.00,0.00,1003.0,35,16.2,212
2024-07-23 16:00,27.1,41,26.0,0.00,0.00,1002.8,70,20.3,233
2024-07-23 17:00,26.2,42,24.9,0.10,0.10,1002.7,65,20.0,256
2024-07-23 18:00,21.5,68,20.5,0.50,0.50,1003.6,97,29.1,297
2024-07-23 19:00,20.5,77,21.6,0.60,0.60,1003.0,68,11.3,239
2024-07-23 20:00,20.2,81,21.4,0.00,0.00,1003.0,87,13.2,209
2024-07-23 21:00,19.5,82,20.7,0.00,0.00,1003.4,57,15.9,264
2024-07-23 22:00,18.4,88,19.8,0.40,0.40,1003.4,47,15.8,240
2024-07-23 23:00,17.9,90,18.9,0.20,0.20,1003.6,62,17.0,287
2024-07-24 00:00,17.3,92,18.0,0.20,0.20,1003.5,24,18.3,286
2024-07-24 01:00,16.7,94,17.5,0.00,0.00,1003.8,39,17.6,298
2024-07-24 02:00,16.4,94,17.1,0.00,0.00,1004.0,29,18.2,284
2024-07-24 03:00,15.6,90,15.5,0.00,0.00,1004.3,64,19.8,303
2024-07-24 04:00,15.8,92,15.9,0.00,0.00,1004.2,20,20.6,299
2024-07-24 05:00,15.7,94,15.8,0.00,0.00,1004.6,7,21.0,308
2024-07-24 06:00,15.6,95,15.5,0.00,0.00,1005.1,41,23.3,308
2024-07-24 07:00,16.4,89,15.8,0.00,0.00,1005.4,100,21.9,303
2024-07-24 08:00,17.2,83,16.4,0.00,0.00,1005.6,93,22.2,306
2024-07-24 09:00,18.5,75,17.7,0.00,0.00,1005.6,10,20.3,303
2024-07-24 10:00,19.9,66,18.9,0.00,0.00,1005.6,21,19.4,301
2024-07-24 11:00,21.1,57,20.2,0.10,0.10,1005.8,66,19.0,303
2024-07-24 12:00,21.4,55,19.9,0.20,0.20,1005.7,92,19.5,308
2024-07-24 13:00,21.4,54,19.7,0.10,0.10,1005.9,79,21.4,318
2024-07-24 14:00,21.6,57,20.7,0.40,0.40,1005.6,91,19.7,320
2024-07-24 15:00,22.6,50,21.5,0.10,0.10,1005.6,66,22.2,306
2024-07-24 16:00,22.4,49,20.3,0.10,0.10,1005.6,77,23.4,307
2024-07-24 17:00,22.5,48,20.3,0.00,0.00,1005.4,47,23.6,309
2024-07-24 18:00,22.3,48,20.3,0.00,0.00,1005.1,85,21.7,317
2024-07-24 19:00,21.7,50,19.8,0.00,0.00,1004.9,92,21.9,318
2024-07-24 20:00,20.9,53,19.5,0.00,0.00,1005.0,62,19.7,320
2024-07-24 21:00,19.4,58,18.4,0.00,0.00,1005.3,40,17.9,322
2024-07-24 22:00,18.0,63,17.2,0.00,0.00,1005.6,22,17.9,326
2024-07-24 23:00,16.9,69,16.3,0.00,0.00,1005.8,23,16.0,324
2024-07-25 00:00,16.3,71,15.3,0.00,0.00,1006.0,16,20.2,329
2024-07-25 01:00,15.7,74,14.9,0.00,0.00,1006.1,9,18.7,335
2024-07-25 02:00,14.9,78,14.2,0.00,0.00,1006.0,9,17.2,334
2024-07-25 03:00,13.9,87,13.4,0.00,0.00,1005.9,8,15.7,328
2024-07-25 04:00,13.1,91,12.9,0.00,0.00,1005.5,2,15.5,329
2024-07-25 05:00,12.7,93,12.4,0.00,0.00,1005.7,8,15.1,327
2024-07-25 06:00,12.6,94,12.3,0.00,0.00,1005.7,9,13.3,327
2024-07-25 07:00,13.9,89,13.8,0.00,0.00,1005.7,4,10.5,338
2024-07-25 08:00,15.7,80,15.9,0.00,0.00,1005.7,1,5.0,339
2024-07-25 09:00,17.5,72,18.1,0.00,0.00,1005.5,0,1.3,34
2024-07-25 10:00,19.0,66,19.5,0.00,0.00,1005.2,0,3.4,238
2024-07-25 11:00,20.6,57,20.6,0.00,0.00,1004.8,46,10.4,256
2024-07-25 12:00,21.8,50,21.4,0.00,0.00,1004.6,100,12.5,258
2024-07-25 13:00,22.6,44,22.3,0.00,0.00,1003.9,86,10.8,255
2024-07-25 14:00,23.4,40,23.1,0.00,0.00,1003.6,61,8.8,258
2024-07-25 15:00,23.1,42,21.9,0.00,0.00,1002.9,98,9.4,317
2024-07-25 16:00,24.2,38,23.4,0.00,0.00,1002.4,97,9.4,328
2024-07-25 17:00,24.6,37,23.2,0.00,0.00,1001.8,99,10.2,328
2024-07-25 18:00,24.6,37,23.4,0.00,0.00,1001.2,89,9.2,315
2024-07-25 19:00,24.1,42,23.7,0.00,0.00,1001.1,44,7.2,288
2024-07-25 20:00,22.5,64,23.6,0.00,0.00,1001.1,61,6.0,213
2024-07-25 21:00,20.4,58,20.4,0.00,0.00,1001.0,99,2.6,56
2024-07-25 22:00,19.0,57,18.1,0.00,0.00,1001.0,100,15.8,47
2024-07-25 23:00,18.2,60,17.3,0.00,0.00,1001.1,100,17.0,86
2024-07-26 00:00,17.9,62,17.1,0.00,0.00,1001.0,60,15.9,129
2024-07-26 01:00,16.5,73,16.1,0.00,0.00,1000.7,94,13.6,163
2024-07-26 02:00,15.5,82,15.2,0.00,0.00,1000.4,93,13.1,172
2024-07-26 03:00,15.9,85,16.1,0.00,0.00,1000.0,99,14.8,167
2024-07-26 04:00,15.7,86,16.0,0.00,0.00,999.8,100,13.7,175
2024-07-26 05:00,14.9,91,14.9,0.00,0.00,999.6,86,10.1,180
2024-07-26 06:00,14.9,90,15.4,0.00,0.00,999.6,100,8.3,185
2024-07-26 07:00,16.9,82,17.1,0.00,0.00,999.4,97,9.7,184
2024-07-26 08:00,18.6,74,19.1,0.00,0.00,999.3,100,10.9,189
2024-07-26 09:00,20.6,65,20.9,0.00,0.00,999.4,100,11.0,221
2024-07-26 10:00,20.1,69,19.8,0.20,0.20,1000.0,100,17.7,237
2024-07-26 11:00,20.2,74,20.8,0.50,0.50,1000.1,100,12.6,217
2024-07-26 12:00,18.9,88,20.1,0.70,0.70,1000.3,100,13.5,209
2024-07-26 13:00,19.9,82,20.8,0.30,0.30,1000.3,100,13.0,208
2024-07-26 14:00,20.8,75,21.1,0.40,0.40,1000.6,100,17.9,220
2024-07-26 15:00,22.9,58,22.3,0.00,0.00,1000.4,74,17.9,232
2024-07-26 16:00,25.2,50,24.8,0.00,0.00,1000.2,100,23.4,236
2024-07-26 17:00,23.9,58,23.5,0.20,0.20,1000.4,98,19.7,252
2024-07-26 18:00,23.1,64,23.7,0.00,0.00,1000.5,91,14.8,270
2024-07-26 19:00,22.6,69,23.4,0.10,0.10,1000.4,59,16.9,250
2024-07-26 20:00,22.5,70,23.9,0.00,0.00,1000.3,38,13.1,249
2024-07-26 21:00,19.9,83,21.2,0.00,0.00,1000.5,95,12.1,243
2024-07-26 22:00,18.8,87,20.1,0.00,0.00,1000.9,100,9.7,243
2024-07-26 23:00,18.5,89,20.0,0.00,0.00,1000.8,100,10.7,213
2024-07-27 00:00,18.5,88,19.9,0.00,0.00,1000.9,100,14.3,223
2024-07-27 01:00,18.4,87,19.7,0.00,0.00,1000.9,100,15.0,235
2024-07-27 02:00,18.2,88,19.4,0.00,0.00,1000.8,100,11.9,241
2024-07-27 03:00,17.2,92,18.6,0.00,0.00,1001.1,100,14.7,216
2024-07-27 04:00,17.8,90,19.2,0.00,0.00,1001.3,100,12.7,235
2024-07-27 05:00,18.0,92,19.8,1.50,1.50,1001.4,100,12.4,244
2024-07-27 06:00,18.1,94,20.5,2.90,2.90,1001.0,100,2.5,262
2024-07-27 07:00,18.1,94,20.0,3.10,3.10,1001.5,100,7.2,180
2024-07-27 08:00,18.0,95,19.8,4.90,4.90,1001.4,100,9.8,144
2024-07-27 09:00,18.4,96,20.3,1.80,1.80,1001.6,100,14.1,177
2024-07-27 10:00,19.5,92,21.7,0.10,0.10,1001.8,100,7.6,185
2024-07-27 11:00,21.9,77,22.9,0.10,0.10,1001.9,100,15.5,234
2024-07-27 12:00,23.2,69,23.7,0.10,0.10,1002.0,100,19.3,256
2024-07-27 13:00,24.4,63,25.3,0.00,0.00,1001.8,100,14.8,266
2024-07-27 14:00,25.8,57,27.3,0.00,0.00,1001.9,100,13.3,270
2024-07-27 15:00,24.0,69,26.7,0.10,0.10,1002.7,100,2.3,288
2024-07-27 16:00,24.2,66,26.5,0.10,0.10,1002.6,100,3.3,319
2024-07-27 17:00,23.0,69,24.5,0.30,0.30,1002.5,100,8.6,22
2024-07-27 18:00,21.8,77,23.4,0.20,0.20,1002.6,100,10.9,46
2024-07-27 19:00,20.7,90,23.4,1.30,1.30,1002.7,100,8.2,49
2024-07-27 20:00,20.3,94,23.1,2.40,2.40,1002.2,100,8.9,47
2024-07-27 21:00,20.0,95,23.0,2.00,2.00,1002.2,100,7.6,82
2024-07-27 22:00,19.8,95,22.8,2.40,2.40,1002.1,100,7.5,145
2024-07-27 23:00,19.8,95,22.5,0.80,0.80,1001.8,100,9.9,170
2024-07-28 00:00,19.6,95,21.9,0.20,0.20,1001.4,100,14.1,186
2024-07-28 01:00,19.3,95,20.8,0.30,0.30,1001.4,100,21.2,220
2024-07-28 02:00,19.3,93,20.4,0.50,0.50,1000.8,100,24.2,233
2024-07-28 03:00,18.7,92,19.4,0.60,0.60,1001.8,100,24.0,262
2024-07-28 04:00,17.9,92,17.9,0.30,0.30,1002.5,100,28.8,271
2024-07-28 05:00,17.4,92,17.2,0.10,0.10,1003.4,100,26.6,324
2024-07-28 06:00,17.2,91,17.0,0.00,0.00,1004.7,100,24.5,317
2024-07-28 07:00,17.2,92,17.2,0.10,0.10,1005.6,62,23.2,318
2024-07-28 08:00,17.6,90,17.7,0.00,0.00,1006.7,38,19.6,319
2024-07-28 09:00,18.4,77,17.9,0.00,0.00,1007.6,19,18.8,315
2024-07-28 10:00,19.8,65,18.7,0.00,0.00,1009.0,17,18.6,314
2024-07-28 11:00,20.8,57,19.9,0.00,0.00,1009.7,4,17.7,321
2024-07-28 12:00,21.8,52,21.4,0.00,0.00,1010.3,42,17.3,313
2024-07-28 13:00,22.0,50,20.9,0.00,0.00,1010.5,24,18.3,306
2024-07-28 14:00,22.7,47,21.4,0.00,0.00,1010.8,7,21.9,311
2024-07-28 15:00,22.9,47,21.5,0.00,0.00,1012.0,16,23.5,311
2024-07-28 16:00,23.2,44,21.5,0.00,0.00,1012.2,15,21.9,314
2024-07-28 17:00,23.2,44,21.1,0.00,0.00,1012.1,17,21.1,314
2024-07-28 18:00,22.5,46,20.5,0.00,0.00,1011.9,24,21.7,320
2024-07-28 19:00,21.8,49,20.0,0.00,0.00,1011.9,26,21.8,321
2024-07-28 20:00,20.9,54,19.7,0.00,0.00,1012.2,32,21.1,313
2024-07-28 21:00,19.5,59,18.4,0.00,0.00,1012.5,20,20.4,314
2024-07-28 22:00,18.1,67,17.5,0.00,0.00,1012.7,29,19.1,317
2024-07-28 23:00,17.2,73,16.7,0.00,0.00,1013.0,83,19.6,311
2024-07-29 00:00,16.6,76,16.1,0.00,0.00,1013.2,68,19.9,312
2024-07-29 01:00,16.0,78,15.4,0.00,0.00,1013.3,2,21.2,320
2024-07-29 02:00,15.6,80,14.9,0.00,0.00,1013.3,94,21.0,329
2024-07-29 03:00,14.9,85,14.4,0.00,0.00,1013.4,55,20.6,333
2024-07-29 04:00,14.1,88,13.8,0.00,0.00,1013.6,17,17.8,328
2024-07-29 05:00,13.6,90,13.1,0.00,0.00,1013.6,78,17.5,328
2024-07-29 06:00,13.1,92,12.6,0.00,0.00,1013.8,14,17.1,332
2024-07-29 07:00,14.1,88,13.7,0.00,0.00,1014.1,0,16.9,333
2024-07-29 08:00,15.6,81,15.4,0.00,0.00,1014.2,0,10.8,339
2024-07-29 09:00,17.1,73,16.8,0.00,0.00,1014.3,0,9.1,342
2024-07-29 10:00,18.6,62,18.0,0.00,0.00,1014.4,0,8.6,345
2024-07-29 11:00,19.9,53,19.6,0.00,0.00,1014.0,1,8.0,352
2024-07-29 12:00,21.0,47,21.4,0.00,0.00,1013.7,11,6.3,347
2024-07-29 13:00,21.9,44,22.7,0.00,0.00,1013.2,2,5.9,322
2024-07-29 14:00,22.7,42,23.5,0.00,0.00,1012.7,0,6.8,328
2024-07-29 15:00,23.2,39,23.7,0.00,0.00,1012.5,7,6.8,342
2024-07-29 16:00,23.6,38,23.6,0.00,0.00,1012.2,12,7.3,351
2024-07-29 17:00,23.6,38,22.7,0.00,0.00,1011.7,0,9.1,7
2024-07-29 18:00,23.4,40,22.2,0.00,0.00,1011.3,0,8.6,22
2024-07-29 19:00,22.8,44,22.1,0.00,0.00,1010.9,0,7.7,41
2024-07-29 20:00,20.9,61,21.2,0.00,0.00,1010.5,0,10.0,60
2024-07-29 21:00,17.6,68,16.8,0.00,0.00,1010.3,0,12.7,83
2024-07-29 22:00,16.2,75,15.4,0.00,0.00,1010.5,0,12.9,113
2024-07-29 23:00,15.6,78,14.7,0.00,0.00,1010.5,0,12.2,133
2024-07-30 00:00,15.8,76,15.1,0.00,0.00,1010.5,0,10.0,142
2024-07-30 01:00,15.9,76,15.5,0.00,0.00,1010.3,0,9.5,143
2024-07-30 02:00,14.7,83,14.2,0.00,0.00,1010.0,0,9.9,136
2024-07-30 03:00,12.7,91,11.7,0.00,0.00,1009.6,0,13.6,148
2024-07-30 04:00,12.4,93,11.4,0.00,0.00,1009.3,0,14.6,164
2024-07-30 05:00,12.4,93,11.6,0.00,0.00,1009.2,0,12.7,172
2024-07-30 06:00,12.1,95,11.3,0.00,0.00,1009.1,0,13.1,172
2024-07-30 07:00,14.6,89,14.5,0.00,0.00,1008.8,0,14.1,165
2024-07-30 08:00,16.6,80,16.9,0.00,0.00,1008.6,3,14.2,159
2024-07-30 09:00,19.0,69,19.2,0.00,0.00,1008.3,0,9.3,144
2024-07-30 10:00,21.2,60,21.2,0.00,0.00,1007.9,0,9.2,149
2024-07-30 11:00,23.2,54,24.0,0.00,0.00,1007.5,19,8.2,165
2024-07-30 12:00,25.0,48,26.4,0.00,0.00,1007.3,30,7.6,188
2024-07-30 13:00,26.3,45,28.1,0.00,0.00,1006.6,41,7.7,208
2024-07-30 14:00,27.2,42,29.1,0.00,0.00,1006.1,15,7.4,209
2024-07-30 15:00,27.9,40,29.4,0.00,0.00,1005.9,97,5.7,198
2024-07-30 16:00,28.4,39,29.4,0.00,0.00,1005.5,45,5.4,217
2024-07-30 17:00,28.6,38,29.3,0.00,0.00,1004.9,22,3.6,233
2024-07-30 18:00,28.4,39,29.0,0.00,0.00,1004.3,4,3.5,246
2024-07-30 19:00,27.9,43,28.8,0.00,0.00,1003.9,3,5.4,262
2024-07-30 20:00,25.9,65,28.3,0.00,0.00,1003.5,38,7.6,289
2024-07-30 21:00,24.1,53,24.4,0.00,0.00,1003.4,0,8.2,299
2024-07-30 22:00,24.7,47,25.2,0.00,0.00,1003.6,6,3.3,311
2024-07-30 23:00,19.9,72,20.4,0.00,0.00,1003.5,20,5.9,101
2024-07-31 00:00,18.9,80,19.5,0.00,0.00,1003.7,39,9.7,135
2024-07-31 01:00,18.1,86,18.8,0.00,0.00,1003.5,12,10.7,147
2024-07-31 02:00,17.5,90,18.5,0.00,0.00,1003.3,1,10.5,149
2024-07-31 03:00,18.3,87,19.5,0.00,0.00,1003.3,2,10.1,163
2024-07-31 04:00,18.9,84,20.6,0.00,0.00,1003.1,0,5.4,160
2024-07-31 05:00,17.0,90,18.2,0.00,0.00,1003.0,23,4.5,166
2024-07-31 06:00,16.4,93,17.6,0.00,0.00,1003.1,8,3.3,174
2024-07-31 07:00,18.2,86,19.5,0.00,0.00,1003.0,23,3.8,139
2024-07-31 08:00,20.9,76,22.4,0.00,0.00,1002.7,100,8.9,137
2024-07-31 09:00,23.0,65,24.6,0.00,0.00,1003.0,98,5.8,158
2024-07-31 10:00,25.3,55,26.6,0.00,0.00,1002.9,99,5.6,153
2024-07-31 11:00,27.2,48,28.8,0.00,0.00,1002.8,100,5.8,158
2024-07-31 12:00,28.6,42,30.2,0.00,0.00,1002.4,100,6.2,173
2024-07-31 13:00,29.5,41,31.6,0.00,0.00,1002.1,79,6.8,198
2024-07-31 14:00,30.4,39,32.1,0.00,0.00,1001.8,99,7.4,223
2024-07-31 15:00,30.5,39,32.7,0.00,0.00,1001.7,100,4.3,222
2024-07-31 16:00,31.0,37,31.8,0.00,0.00,1001.3,100,6.3,283
2024-07-31 17:00,28.8,47,28.6,0.00,0.00,1001.2,100,23.1,326
2024-07-31 18:00,28.0,49,27.9,0.00,0.00,1001.2,100,22.7,337
2024-07-31 19:00,27.1,53,28.3,0.00,0.00,1000.8,100,14.2,351
2024-07-31 20:00,25.9,58,27.5,0.00,0.00,1000.9,100,13.6,343
2024-07-31 21:00,25.0,59,25.3,0.00,0.00,1001.3,100,24.2,342
2024-07-31 22:00,24.0,61,24.1,0.00,0.00,1001.5,100,25.0,348
2024-07-31 23:00,23.0,66,23.4,0.00,0.00,1001.5,100,21.8,344
2024-08-01 00:00,22.5,67,23.5,0.00,0.00,1001.5,100,16.9,348
2024-08-01 01:00,22.0,71,23.2,0.00,0.00,1001.0,100,15.5,355
2024-08-01 02:00,21.4,76,22.9,0.00,0.00,1001.1,100,15.3,341
2024-08-01 03:00,19.9,91,22.4,0.00,0.00,1001.3,98,5.4,307
2024-08-01 04:00,19.5,92,21.2,0.00,0.00,1000.9,100,13.7,337
2024-08-01 05:00,19.2,91,20.8,0.00,0.00,1000.9,21,19.2,352
2024-08-01 06:00,18.5,95,20.6,0.00,0.00,1000.9,19,13.3,360
2024-08-01 07:00,19.3,93,21.4,0.00,0.00,1000.8,17,12.6,2
2024-08-01 08:00,20.7,88,23.1,0.00,0.00,1000.7,4,8.9,14
2024-08-01 09:00,22.4,78,25.1,0.00,0.00,1000.8,44,3.9,34
2024-08-01 10:00,24.2,69,26.8,0.00,0.00,1000.7,3,3.2,63
2024-08-01 11:00,25.6,62,28.6,0.00,0.00,1000.6,15,2.9,83
2024-08-01 12:00,26.6,57,29.8,0.00,0.00,1000.3,26,2.4,63
2024-08-01 13:00,27.4,53,30.7,0.00,0.00,1000.0,24,2.8,40
2024-08-01 14:00,28.1,50,31.2,0.00,0.00,999.6,29,3.1,36
2024-08-01 15:00,28.6,48,30.6,0.00,0.00,998.8,83,7.8,68
2024-08-01 16:00,28.7,47,29.9,0.00,0.00,998.0,99,12.3,58
2024-08-01 17:00,28.6,47,29.7,0.00,0.00,997.7,99,10.8,64
2024-08-01 18:00,28.0,48,29.1,0.00,0.00,997.9,100,9.0,92
2024-08-01 19:00,26.5,52,27.2,0.20,0.20,998.2,100,13.5,134
2024-08-01 20:00,24.9,62,26.0,0.10,0.10,997.8,100,17.1,145
2024-08-01 21:00,23.1,73,25.3,0.00,0.00,997.9,100,11.3,171
2024-08-01 22:00,22.9,76,25.8,0.00,0.00,997.7,100,2.3,162
2024-08-01 23:00,21.5,89,23.7,0.90,0.90,998.5,100,19.0,207
2024-08-02 00:00,20.9,93,23.6,2.70,2.70,998.0,100,11.6,330
2024-08-02 01:00,20.6,93,23.2,3.30,3.30,997.5,100,12.1,12
2024-08-02 02:00,19.9,95,21.6,3.30,3.30,997.3,100,21.1,37
2024-08-02 03:00,19.6,94,21.4,3.70,3.70,997.3,100,16.7,37
2024-08-02 04:00,19.5,95,21.5,2.40,2.40,997.5,100,16.8,48
2024-08-02 05:00,19.1,96,20.4,4.50,4.50,997.4,100,20.6,36
2024-08-02 06:00,18.8,94,20.1,3.10,3.10,997.3,100,19.0,57
2024-08-02 07:00,18.3,91,19.1,0.60,0.60,997.4,100,18.8,43
2024-08-02 08:00,18.2,89,18.6,0.80,0.80,997.6,100,20.0,23
2024-08-02 09:00,17.9,92,18.1,1.10,1.10,997.8,100,23.7,14
2024-08-02 10:00,18.4,93,19.2,1.90,1.90,998.4,100,19.6,6
2024-08-02 11:00,19.0,88,19.5,0.20,0.20,998.6,100,18.7,2
2024-08-02 12:00,19.9,83,20.1,0.20,0.20,999.1,100,21.2,359
2024-08-02 13:00,20.0,81,20.2,0.30,0.30,999.5,100,21.6,357
2024-08-02 14:00,20.2,78,20.5,0.00,0.00,1000.0,100,17.7,358
2024-08-02 15:00,20.9,74,21.6,0.00,0.00,1000.1,82,14.2,330
2024-08-02 16:00,22.0,67,22.2,0.00,0.00,1000.1,74,16.8,332
2024-08-02 17:00,22.2,66,22.5,0.00,0.00,999.8,39,15.5,338
2024-08-02 18:00,22.8,61,23.0,0.00,0.00,999.6,40,14.6,344
2024-08-02 19:00,22.5,61,22.9,0.00,0.00,999.2,22,11.6,355
2024-08-02 20:00,21.5,71,23.1,0.00,0.00,999.1,41,9.0,344
2024-08-02 21:00,19.0,77,19.7,0.00,0.00,999.5,28,9.0,360
2024-08-02 22:00,17.8,80,18.4,0.00,0.00,999.8,22,11.7,45
2024-08-02 23:00,16.5,85,16.7,0.00,0.00,999.7,13,11.3,73
2024-08-03 00:00,17.8,75,18.1,0.00,0.00,1000.0,100,6.8,87
2024-08-03 01:00,16.9,81,18.0,0.00,0.00,999.8,58,2.3,51
2024-08-03 02:00,16.0,97,17.5,2.80,2.80,1000.2,93,1.1,270
2024-08-03 03:00,16.4,92,17.6,3.20,3.20,999.4,52,4.9,107
2024-08-03 04:00,16.9,93,17.6,0.00,0.00,999.3,53,16.9,191
2024-08-03 05:00,15.9,94,16.8,0.00,0.00,999.1,25,13.5,245
2024-08-03 06:00,15.1,96,15.8,0.00,0.00,999.3,3,9.1,277
2024-08-03 07:00,16.4,93,17.5,0.00,0.00,999.5,2,9.0,307
2024-08-03 08:00,17.5,91,19.0,0.00,0.00,999.7,3,8.0,306
2024-08-03 09:00,19.3,83,21.1,0.00,0.00,999.7,8,4.1,315
2024-08-03 10:00,21.0,73,22.8,0.00,0.00,999.9,3,3.0,346
2024-08-03 11:00,22.5,66,25.0,0.00,0.00,1000.0,15,0.4,270
2024-08-03 12:00,23.6,58,25.8,0.00,0.00,999.9,29,3.6,233
2024-08-03 13:00,24.6,56,26.8,0.00,0.00,999.7,49,6.0,245
2024-08-03 14:00,25.4,54,27.9,0.00,0.00,999.3,100,6.3,239
2024-08-03 15:00,26.1,51,28.3,0.00,0.00,999.5,99,5.8,263
2024-08-03 16:00,25.6,53,26.9,0.00,0.00,999.3,74,4.3,275
2024-08-03 17:00,25.6,52,26.9,0.10,0.10,999.0,30,4.3,270
2024-08-03 18:00,25.5,54,26.8,0.00,0.00,999.1,32,5.0,270
2024-08-03 19:00,25.1,57,26.9,0.00,0.00,998.6,5,4.0,265
2024-08-03 20:00,23.5,77,26.2,0.00,0.00,998.5,100,5.4,228
2024-08-03 21:00,20.6,80,22.0,0.40,0.40,999.0,100,10.4,268
2024-08-03 22:00,20.9,79,22.6,0.00,0.00,999.3,100,5.8,274
2024-08-03 23:00,19.8,84,21.7,0.00,0.00,999.4,99,9.4,238
2024-08-04 00:00,19.8,84,21.2,0.00,0.00,999.5,100,17.2,254
2024-08-04 01:00,19.4,82,20.7,0.00,0.00,999.6,99,14.7,259
2024-08-04 02:00,18.1,90,19.6,1.20,1.20,999.3,99,13.1,249
2024-08-04 03:00,18.6,93,19.7,0.90,0.90,999.7,100,20.5,252
2024-08-04 04:00,18.4,93,19.6,0.10,0.10,999.4,100,17.4,248
2024-08-04 05:00,18.0,95,19.4,0.20,0.20,999.3,100,17.7,253
2024-08-04 06:00,17.6,95,18.2,0.30,0.30,999.8,100,22.0,252
2024-08-04 07:00,17.4,95,18.6,1.10,1.10,1000.0,100,16.6,270
2024-08-04 08:00,18.5,92,19.4,0.00,0.00,999.8,100,19.3,256
2024-08-04 09:00,19.2,85,19.5,0.00,0.00,999.9,35,21.5,261
2024-08-04 10:00,21.0,77,21.4,0.10,0.10,1000.1,24,18.8,263
2024-08-04 11:00,22.2,69,22.3,0.20,0.20,1000.3,28,21.0,263
2024-08-04 12:00,23.5,60,23.4,0.10,0.10,1000.0,92,24.3,263
2024-08-04 13:00,20.9,76,20.8,2.60,2.60,1000.1,100,23.5,275
2024-08-04 14:00,20.8,74,19.9,4.70,4.70,1000.0,100,27.7,270
2024-08-04 15:00,24.1,56,23.1,0.10,0.10,999.8,100,27.2,276
2024-08-04 16:00,22.6,60,21.5,0.10,0.10,1000.1,100,25.5,299
2024-08-04 17:00,21.9,69,21.7,0.90,0.90,1000.4,100,22.2,306
2024-08-04 18:00,22.0,62,21.2,0.10,0.10,1000.4,100,23.7,314
2024-08-04 19:00,21.2,60,20.1,0.00,0.00,1000.6,95,24.5,320
2024-08-04 20:00,20.4,58,19.0,0.00,0.00,1001.1,82,23.4,317
2024-08-04 21:00,19.2,59,17.7,0.00,0.00,1001.8,73,24.2,313
2024-08-04 22:00,18.4,64,17.0,0.00,0.00,1002.4,100,23.3,308
2024-08-04 23:00,18.0,64,16.7,0.00,0.00,1002.7,43,22.0,310
2024-08-05 00:00,16.6,66,15.4,0.00,0.00,1003.0,12,20.6,314
2024-08-05 01:00,15.6,70,14.3,0.00,0.00,1003.3,100,20.3,307
2024-08-05 02:00,14.9,72,13.6,0.00,0.00,1003.1,100,19.3,307
2024-08-05 03:00,15.4,72,14.0,0.00,0.00,1003.4,89,22.6,329
2024-08-05 04:00,14.8,76,13.7,0.00,0.00,1003.4,99,19.3,331
2024-08-05 05:00,13.9,81,13.2,0.00,0.00,1003.5,27,16.2,323
2024-08-05 06:00,13.6,83,12.9,0.00,0.00,1003.6,43,14.6,310
2024-08-05 07:00,14.8,80,14.3,0.00,0.00,1003.7,18,13.4,306
2024-08-05 08:00,16.4,75,16.2,0.00,0.00,1004.2,45,10.0,300
2024-08-05 09:00,18.0,66,17.5,0.00,0.00,1004.3,100,8.8,305
2024-08-05 10:00,18.4,63,17.9,0.00,0.00,1004.4,100,8.2,319
2024-08-05 11:00,18.8,61,18.1,0.00,0.00,1004.5,100,9.1,342
2024-08-05 12:00,19.1,60,18.6,0.00,0.00,1004.5,95,8.4,340
2024-08-05 13:00,20.6,54,20.0,0.00,0.00,1004.2,60,8.9,320
2024-08-05 14:00,21.6,49,21.0,0.00,0.00,1004.0,78,9.4,317
2024-08-05 15:00,22.0,49,21.4,0.00,0.00,1004.0,97,7.4,309
2024-08-05 16:00,22.0,49,21.5,0.00,0.00,1003.9,95,8.0,297
2024-08-05 17:00,22.5,48,22.1,0.00,0.00,1003.6,91,6.5,304
2024-08-05 18:00,22.5,48,22.2,0.00,0.00,1003.5,94,5.8,300
2024-08-05 19:00,22.0,53,22.1,0.00,0.00,1003.3,61,6.3,257
2024-08-05 20:00,20.9,64,21.6,0.00,0.00,1003.5,93,8.9,243
2024-08-05 21:00,18.6,70,18.6,0.00,0.00,1003.7,63,8.4,239
2024-08-05 22:00,19.6,62,20.0,0.00,0.00,1003.7,66,2.8,230
2024-08-05 23:00,16.9,81,17.0,0.00,0.00,1003.8,7,7.2,127
2024-08-06 00:00,15.8,86,15.6,0.00,0.00,1003.7,8,11.3,153
2024-08-06 01:00,15.6,87,15.9,0.00,0.00,1003.6,6,12.7,188
2024-08-06 02:00,14.9,89,14.8,0.00,0.00,1003.4,4,12.2,194
2024-08-06 03:00,14.7,89,14.6,0.00,0.00,1003.4,1,10.8,182
2024-08-06 04:00,13.9,92,13.5,0.00,0.00,1003.2,0,10.8,182
2024-08-06 05:00,13.5,93,13.1,0.00,0.00,1002.9,0,10.9,186
2024-08-06 06:00,13.3,94,13.0,0.00,0.00,1002.9,0,10.4,182
2024-08-06 07:00,15.4,89,15.7,0.00,0.00,1002.7,0,9.8,172
2024-08-06 08:00,17.0,81,17.6,0.00,0.00,1002.8,0,10.7,147
2024-08-06 09:00,19.1,72,19.7,0.00,0.00,1002.6,0,8.7,132
2024-08-06 10:00,21.3,63,21.6,0.00,0.00,1002.6,0,9.5,143
2024-08-06 11:00,23.0,54,23.0,0.00,0.00,1002.4,0,12.1,150
2024-08-06 12:00,24.0,52,24.6,0.00,0.00,1002.3,0,12.1,153
2024-08-06 13:00,24.8,50,26.0,0.00,0.00,1001.9,0,10.8,154
2024-08-06 14:00,25.4,48,26.9,0.00,0.00,1001.7,2,9.5,151
2024-08-06 15:00,25.9,48,27.3,0.00,0.00,1001.3,0,9.2,135
2024-08-06 16:00,26.0,48,27.0,0.00,0.00,1001.1,0,9.2,135
2024-08-06 17:00,26.0,48,26.4,0.00,0.00,1000.7,28,8.5,126
2024-08-06 18:00,25.6,50,26.1,0.00,0.00,1000.4,97,8.9,117
2024-08-06 19:00,24.9,53,25.6,0.00,0.00,1000.2,87,10.0,111
2024-08-06 20:00,23.1,62,24.1,0.00,0.00,1000.0,3,14.7,112
2024-08-06 21:00,21.3,64,21.6,0.00,0.00,1000.0,97,17.7,107
2024-08-06 22:00,20.5,63,20.2,0.00,0.00,1000.4,100,22.1,106
2024-08-06 23:00,20.0,61,19.2,0.00,0.00,1000.2,53,22.9,106
2024-08-07 00:00,19.0,66,18.7,0.00,0.00,1000.2,65,19.5,118
2024-08-07 01:00,17.6,74,17.6,0.00,0.00,999.9,87,16.4,116
2024-08-07 02:00,16.6,80,16.4,0.00,0.00,999.7,1,13.7,117
2024-08-07 03:00,16.4,82,16.4,0.00,0.00,999.8,0,10.2,141
2024-08-07 04:00,16.5,82,16.8,0.00,0.00,999.5,0,7.3,160
2024-08-07 05:00,16.9,80,17.8,0.00,0.00,999.2,0,4.1,195
2024-08-07 06:00,16.0,85,16.6,0.00,0.00,999.0,0,4.6,198
2024-08-07 07:00,16.7,86,17.4,0.00,0.00,999.0,18,8.0,188
2024-08-07 08:00,18.9,81,20.3,0.00,0.00,999.1,36,8.1,193
2024-08-07 09:00,21.3,73,23.1,0.00,0.00,999.1,11,4.0,190
2024-08-07 10:00,23.6,65,25.6,0.00,0.00,999.2,17,3.3,186
2024-08-07 11:00,25.8,59,28.2,0.00,0.00,999.2,12,4.7,203
2024-08-07 12:00,27.5,50,29.5,0.00,0.00,999.3,54,10.2,225
2024-08-07 13:00,28.1,48,29.7,0.00,0.00,999.0,72,12.3,232
2024-08-07 14:00,28.5,46,29.6,0.00,0.00,998.6,99,11.3,253
2024-08-07 15:00,29.1,42,30.3,0.00,0.00,998.5,100,11.2,237
2024-08-07 16:00,29.2,42,29.7,0.00,0.00,998.0,92,14.3,236
2024-08-07 17:00,28.5,44,28.4,0.00,0.00,998.2,100,17.5,251
2024-08-07 18:00,27.2,48,26.7,0.40,0.40,998.5,100,25.4,249
2024-08-07 19:00,21.1,84,22.8,2.80,2.80,999.7,100,16.6,283
2024-08-07 20:00,21.0,85,22.7,0.00,0.00,999.7,100,18.0,237
2024-08-07 21:00,20.5,86,22.0,0.00,0.00,1000.1,100,21.1,253
2024-08-07 22:00,20.0,88,21.4,0.00,0.00,1000.4,44,20.2,254
2024-08-07 23:00,19.2,91,20.7,0.00,0.00,1000.7,46,20.2,268
2024-08-08 00:00,18.9,93,20.3,0.00,0.00,1001.1,41,19.4,285
2024-08-08 01:00,18.6,94,20.4,0.10,0.10,1001.3,22,15.8,297
2024-08-08 02:00,18.1,95,19.9,0.00,0.00,1001.4,29,14.7,306
2024-08-08 03:00,18.2,95,20.2,0.10,0.10,1002.1,35,12.7,313
2024-08-08 04:00,18.3,96,20.0,0.00,0.00,1001.9,100,14.2,297
2024-08-08 05:00,18.2,96,19.9,0.00,0.00,1002.2,100,14.0,296
2024-08-08 06:00,18.2,94,19.6,0.00,0.00,1002.5,100,15.1,310
2024-08-08 07:00,18.4,89,19.3,0.10,0.10,1003.0,100,15.7,328
2024-08-08 08:00,18.5,85,19.2,0.10,0.10,1003.5,100,14.1,356
2024-08-08 09:00,18.6,82,19.7,0.00,0.00,1003.9,100,7.9,344
2024-08-08 10:00,19.4,75,20.6,0.00,0.00,1004.1,100,3.6,6
2024-08-08 11:00,20.0,70,21.0,0.00,0.00,1004.3,99,4.2,329
2024-08-08 12:00,21.4,59,21.8,0.00,0.00,1004.4,100,4.1,315
2024-08-08 13:00,22.4,53,22.5,0.00,0.00,1004.3,94,5.9,281
2024-08-08 14:00,22.9,51,22.5,0.00,0.00,1004.0,98,9.1,279
2024-08-08 15:00,23.4,50,23.5,0.00,0.00,1004.3,23,6.4,297
2024-08-08 16:00,23.6,48,23.2,0.10,0.10,1004.4,39,9.8,276
2024-08-08 17:00,23.7,47,23.0,0.20,0.20,1004.2,62,10.9,278
2024-08-08 18:00,23.3,50,22.9,0.10,0.10,1004.2,50,10.9,276
2024-08-08 19:00,22.4,54,22.2,0.00,0.00,1004.3,51,12.3,291
2024-08-08 20:00,20.8,77,22.3,0.00,0.00,1004.7,55,7.9,300
2024-08-08 21:00,21.4,58,21.8,0.00,0.00,1004.9,99,5.4,4
2024-08-08 22:00,20.3,63,21.0,0.00,0.00,1005.0,99,0.8,297
2024-08-08 23:00,17.2,82,17.9,0.00,0.00,1005.0,22,6.5,236
2024-08-09 00:00,16.5,87,17.1,0.00,0.00,1005.3,92,11.4,252
2024-08-09 01:00,16.3,87,16.7,0.00,0.00,1005.2,45,15.3,255
2024-08-09 02:00,15.9,87,16.1,0.00,0.00,1004.8,100,17.2,250
2024-08-09 03:00,15.1,93,15.5,0.00,0.00,1004.5,67,13.1,217
2024-08-09 04:00,15.5,91,15.7,0.00,0.00,1004.6,100,17.5,233
2024-08-09 05:00,15.3,90,15.5,0.00,0.00,1004.4,97,17.6,227
2024-08-09 06:00,15.2,91,15.3,0.00,0.00,1004.3,100,19.7,218
2024-08-09 07:00,16.5,84,16.3,0.00,0.00,1004.4,55,20.2,221
2024-08-09 08:00,18.4,76,18.2,0.00,0.00,1004.2,100,25.3,221
2024-08-09 09:00,20.1,67,19.6,0.00,0.00,1004.1,90,18.7,220
2024-08-09 10:00,21.9,62,21.3,0.00,0.00,1004.0,100,18.9,219
2024-08-09 11:00,23.0,56,22.1,0.00,0.00,1003.9,100,21.1,226
2024-08-09 12:00,24.0,53,22.8,0.00,0.00,1003.8,100,23.8,231
2024-08-09 13:00,25.1,52,24.3,0.00,0.00,1003.3,100,22.9,228
2024-08-09 14:00,26.2,50,24.8,0.00,0.00,1003.0,100,29.6,238
2024-08-09 15:00,25.5,52,24.0,0.00,0.00,1002.9,100,33.4,235
2024-08-09 16:00,25.6,51,23.6,0.00,0.00,1002.6,100,35.9,244
2024-08-09 17:00,25.4,54,24.1,0.00,0.00,1002.6,97,32.3,248
2024-08-09 18:00,25.3,53,24.4,0.00,0.00,1002.6,95,28.7,246
2024-08-09 19:00,24.6,56,23.7,0.00,0.00,1002.7,100,31.8,252
2024-08-09 20:00,22.9,67,23.1,0.00,0.00,1003.2,100,22.7,267
2024-08-09 21:00,21.5,76,22.2,0.30,0.30,1003.8,100,23.1,272
2024-08-09 22:00,21.0,80,21.7,0.10,0.10,1004.1,49,24.8,270
2024-08-09 23:00,20.3,83,20.8,0.00,0.00,1004.6,26,27.0,269
2024-08-10 00:00,19.4,87,19.9,0.00,0.00,1005.1,7,26.0,274
2024-08-10 01:00,18.6,90,19.3,0.00,0.00,1005.6,25,23.9,276
2024-08-10 02:00,17.9,92,18.8,0.00,0.00,1005.9,19,21.7,275
2024-08-10 03:00,17.6,94,18.9,0.00,0.00,1006.5,19,18.2,288
2024-08-10 04:00,16.9,95,18.2,0.00,0.00,1006.9,6,14.8,313
2024-08-10 05:00,15.6,98,16.3,0.00,0.00,1007.0,3,9.5,307
2024-08-10 06:00,15.8,98,16.9,0.00,0.00,1007.0,11,5.7,305
2024-08-10 07:00,16.5,98,17.9,0.00,0.00,1007.3,63,5.8,202
2024-08-10 08:00,18.4,92,20.1,0.00,0.00,1007.6,9,11.9,185
2024-08-10 09:00,20.5,82,21.9,0.00,0.00,1007.8,41,11.9,194
2024-08-10 10:00,22.0,73,22.9,0.20,0.20,1007.6,17,15.8,223
2024-08-10 11:00,23.5,61,23.3,0.00,0.00,1007.4,38,20.4,253
2024-08-10 12:00,24.7,55,23.9,0.00,0.00,1007.3,38,24.8,253
2024-08-10 13:00,25.6,50,25.1,0.00,0.00,1007.1,18,25.9,261
2024-08-10 14:00,26.2,48,26.1,0.00,0.00,1007.0,8,23.8,260
2024-08-10 15:00,26.8,44,26.2,0.00,0.00,1007.1,1,25.2,261
2024-08-10 16:00,26.6,44,25.7,0.00,0.00,1007.3,1,25.2,268
2024-08-10 17:00,26.4,41,24.4,0.00,0.00,1007.5,3,25.1,278
2024-08-10 18:00,25.5,40,23.5,0.00,0.00,1007.7,7,24.1,272
2024-08-10 19:00,25.1,46,24.8,0.00,0.00,1007.5,0,18.4,270
2024-08-10 20:00,24.4,50,23.8,0.00,0.00,1007.6,3,22.7,314
2024-08-10 21:00,21.3,66,21.7,0.00,0.00,1007.8,13,14.5,314
2024-08-10 22:00,19.6,72,20.1,0.00,0.00,1008.3,2,10.8,323
2024-08-10 23:00,18.6,77,19.1,0.00,0.00,1008.6,6,11.5,316
2024-08-11 00:00,17.6,82,18.2,0.00,0.00,1008.7,5,10.6,298
2024-08-11 01:00,17.2,82,17.8,0.00,0.00,1008.8,23,13.5,299
2024-08-11 02:00,17.1,81,17.6,0.00,0.00,1008.9,4,14.5,297
2024-08-11 03:00,17.3,84,18.1,0.00,0.00,1009.0,100,11.1,295
2024-08-11 04:00,18.6,76,19.4,0.00,0.00,1008.8,100,10.5,297
2024-08-11 05:00,19.0,73,19.7,0.00,0.00,1008.9,100,10.4,304
2024-08-11 06:00,19.0,71,19.2,0.00,0.00,1009.4,100,13.8,321
2024-08-11 07:00,19.3,70,19.5,0.00,0.00,1009.9,75,14.5,333
2024-08-11 08:00,19.8,70,20.3,0.00,0.00,1010.1,62,8.9,339
2024-08-11 09:00,20.5,67,20.8,0.00,0.00,1010.3,100,9.8,354
2024-08-11 10:00,21.3,64,22.0,0.00,0.00,1010.4,100,6.5,354
2024-08-11 11:00,22.4,61,23.6,0.00,0.00,1010.4,10,2.9,330
2024-08-11 12:00,24.1,57,26.1,0.00,0.00,1010.1,29,4.0,275
2024-08-11 13:00,24.8,54,25.5,0.00,0.00,1009.8,100,8.4,290
2024-08-11 14:00,25.6,51,26.4,0.00,0.00,1009.5,73,8.5,298
2024-08-11 15:00,25.9,50,26.5,0.00,0.00,1009.6,71,8.2,308
2024-08-11 16:00,26.0,50,26.3,0.00,0.00,1009.3,75,11.4,325
2024-08-11 17:00,26.0,50,26.3,0.00,0.00,1008.9,38,12.0,327
2024-08-11 18:00,25.8,50,26.1,0.00,0.00,1008.5,1,11.9,335
2024-08-11 19:00,25.0,50,24.9,0.00,0.00,1008.1,12,15.0,349
2024-08-11 20:00,23.2,53,22.7,0.00,0.00,1008.0,3,20.9,360
2024-08-11 21:00,21.4,57,20.9,0.00,0.00,1008.1,1,19.6,7
2024-08-11 22:00,19.9,62,19.6,0.00,0.00,1008.3,3,18.7,30
2024-08-11 23:00,18.7,67,18.5,0.00,0.00,1008.1,1,17.3,42
2024-08-12 00:00,17.2,75,16.8,0.00,0.00,1008.0,1,14.8,47
2024-08-12 01:00,16.8,74,16.6,0.00,0.00,1007.7,1,15.0,35
2024-08-12 02:00,15.8,80,15.5,0.00,0.00,1007.4,0,14.2,60
2024-08-12 03:00,15.2,85,15.2,0.00,0.00,1007.0,0,15.1,87
2024-08-12 04:00,14.5,90,14.4,0.00,0.00,1006.7,0,13.0,93
2024-08-12 05:00,14.1,92,13.9,0.00,0.00,1006.4,0,10.6,108
2024-08-12 06:00,13.6,95,13.5,0.00,0.00,1006.2,0,8.9,104
2024-08-12 07:00,15.2,90,15.7,0.00,0.00,1006.0,0,7.6,98
2024-08-12 08:00,17.7,80,18.6,0.00,0.00,1005.8,3,7.9,87
2024-08-12 09:00,20.2,70,21.1,0.00,0.00,1005.4,47,5.7,72
2024-08-12 10:00,22.5,62,23.3,0.00,0.00,1005.0,100,6.8,72
2024-08-12 11:00,24.4,53,24.9,0.00,0.00,1004.7,100,9.4,86
2024-08-12 12:00,25.5,49,26.1,0.00,0.00,1004.5,100,9.7,94
2024-08-12 13:00,26.4,47,27.6,0.00,0.00,1004.0,100,9.7,92
2024-08-12 14:00,27.1,45,28.4,0.00,0.00,1003.3,98,9.8,98
2024-08-12 15:00,27.7,44,29.0,0.00,0.00,1003.0,99,9.1,97
2024-08-12 16:00,28.0,44,29.0,0.00,0.00,1002.5,39,9.1,97
2024-08-12 17:00,28.0,44,28.5,0.00,0.00,1002.0,7,9.0,95
2024-08-12 18:00,27.7,45,28.3,0.00,0.00,1001.5,6,9.7,90
2024-08-12 19:00,26.8,49,27.6,0.00,0.00,1001.2,0,11.2,96
2024-08-12 20:00,24.5,61,25.9,0.00,0.00,1001.1,3,13.1,98
2024-08-12 21:00,22.8,61,23.4,0.00,0.00,1001.5,19,15.9,93
2024-08-12 22:00,22.0,64,22.3,0.00,0.00,1001.5,44,20.8,81
2024-08-12 23:00,21.5,61,21.4,0.00,0.00,1001.6,67,22.7,92
2024-08-13 00:00,20.9,60,20.6,0.00,0.00,1001.6,97,20.9,101
2024-08-13 01:00,20.1,63,20.1,0.00,0.00,1001.6,100,18.8,110
2024-08-13 02:00,19.5,67,19.6,0.00,0.00,1001.2,46,17.7,119
2024-08-13 03:00,18.5,70,18.5,0.00,0.00,1000.9,0,18.0,106
2024-08-13 04:00,17.7,73,17.7,0.00,0.00,1000.7,0,16.0,104
2024-08-13 05:00,17.4,74,17.3,0.00,0.00,1001.0,0,15.9,115
2024-08-13 06:00,17.0,76,16.9,0.00,0.00,1001.2,0,16.0,121
2024-08-13 07:00,18.2,72,18.1,0.00,0.00,1000.8,0,15.7,106
2024-08-13 08:00,19.9,68,20.3,0.00,0.00,1000.8,0,15.2,104
2024-08-13 09:00,21.9,63,22.7,0.00,0.00,1000.8,0,7.2,93
2024-08-13 10:00,24.2,59,25.4,0.00,0.00,1001.0,0,6.9,84
2024-08-13 11:00,26.6,55,28.1,0.00,0.00,1000.9,6,10.1,96
2024-08-13 12:00,28.6,52,30.9,0.00,0.00,1000.8,10,12.6,103
2024-08-13 13:00,30.2,48,32.7,0.00,0.00,1000.3,0,14.5,104
2024-08-13 14:00,31.2,45,33.8,0.00,0.00,1000.0,0,13.9,115
2024-08-13 15:00,32.0,41,34.0,0.00,0.00,999.6,13,15.4,111
2024-08-13 16:00,30.7,43,31.1,0.60,0.60,999.6,61,19.4,125
2024-08-13 17:00,30.7,44,32.0,0.00,0.00,999.3,29,12.4,112
2024-08-13 18:00,30.7,45,31.8,0.00,0.00,998.7,11,15.9,85
2024-08-13 19:00,29.9,46,31.0,0.00,0.00,999.2,2,18.8,87
2024-08-13 20:00,28.0,49,28.6,0.00,0.00,999.5,19,23.1,87
2024-08-13 21:00,26.5,49,26.4,0.00,0.00,999.7,6,25.6,86
2024-08-13 22:00,25.2,50,24.7,0.00,0.00,999.7,14,26.6,89
2024-08-13 23:00,24.2,53,23.7,0.00,0.00,999.6,1,26.2,98
2024-08-14 00:00,23.2,57,23.4,0.00,0.00,999.7,0,22.3,100
2024-08-14 01:00,22.2,63,22.6,0.00,0.00,999.8,0,21.0,102
2024-08-14 02:00,21.2,69,22.0,0.00,0.00,999.6,0,17.7,110
2024-08-14 03:00,21.8,67,22.4,0.00,0.00,998.2,100,18.5,123
2024-08-14 04:00,21.2,74,22.4,0.00,0.00,998.0,100,13.4,144
2024-08-14 05:00,21.0,73,21.8,0.00,0.00,998.4,100,15.6,299
2024-08-14 06:00,20.5,74,21.0,0.00,0.00,998.3,100,20.9,19
2024-08-14 07:00,20.9,75,21.9,0.00,0.00,998.5,100,17.1,62
2024-08-14 08:00,22.1,73,24.1,0.00,0.00,999.0,100,8.0,126
2024-08-14 09:00,23.8,68,26.2,0.00,0.00,998.9,98,2.6,254
2024-08-14 10:00,25.5,64,28.4,0.00,0.00,999.1,96,0.4,180
2024-08-14 11:00,27.4,59,30.5,0.00,0.00,998.9,55,1.5,166
2024-08-14 12:00,28.9,56,32.8,0.00,0.00,999.1,98,2.6,236
2024-08-14 13:00,30.0,53,34.2,0.00,0.00,999.0,17,1.5,166
2024-08-14 14:00,31.0,49,34.8,0.00,0.00,998.7,81,7.1,135
2024-08-14 15:00,31.6,42,33.5,0.00,0.00,998.9,95,8.2,128
2024-08-14 16:00,31.2,41,32.5,0.00,0.00,998.6,99,7.4,157
2024-08-14 17:00,31.4,41,32.5,0.00,0.00,998.6,90,9.8,152
2024-08-14 18:00,30.7,43,31.8,0.00,0.00,998.5,100,12.1,157
2024-08-14 19:00,29.6,52,32.4,0.00,0.00,998.8,98,7.0,168
2024-08-14 20:00,27.2,64,30.3,0.00,0.00,999.2,98,9.5,191
2024-08-14 21:00,25.1,69,27.6,0.00,0.00,999.8,96,8.4,280
2024-08-14 22:00,25.0,67,26.9,0.00,0.00,1000.3,95,18.4,310
2024-08-14 23:00,23.9,72,25.8,0.00,0.00,1000.7,3,18.8,317
2024-08-15 00:00,22.8,78,25.2,0.00,0.00,1001.2,7,14.8,315
2024-08-15 01:00,21.9,84,24.5,0.00,0.00,1001.3,39,13.0,294
2024-08-15 02:00,21.4,86,24.0,0.00,0.00,1001.6,35,11.7,281
2024-08-15 03:00,20.8,91,23.1,1.00,1.00,1001.9,13,18.4,343
2024-08-15 04:00,20.1,94,22.8,0.00,0.00,1002.1,0,12.3,310
2024-08-15 05:00,20.0,94,22.3,0.00,0.00,1002.4,10,15.6,293
2024-08-15 06:00,19.8,95,22.1,0.00,0.00,1002.6,0,16.2,274
2024-08-15 07:00,20.2,94,22.6,0.00,0.00,1003.2,7,14.9,277
2024-08-15 08:00,21.5,88,24.0,0.00,0.00,1003.7,4,13.8,255
2024-08-15 09:00,23.0,80,25.2,0.00,0.00,1004.0,26,13.4,262
2024-08-15 10:00,24.3,72,26.0,0.00,0.00,1004.4,16,15.5,258
2024-08-15 11:00,25.6,63,26.6,0.00,0.00,1004.3,11,19.4,255
2024-08-15 12:00,26.8,56,27.5,0.00,0.00,1004.4,12,21.5,252
2024-08-15 13:00,27.6,51,28.7,0.00,0.00,1004.1,6,19.5,258
2024-08-15 14:00,28.5,46,29.4,0.00,0.00,1004.0,23,19.6,256
2024-08-15 15:00,28.5,47,29.3,0.00,0.00,1004.1,24,20.3,263
2024-08-15 16:00,28.8,44,28.9,0.00,0.00,1004.1,5,21.3,259
2024-08-15 17:00,28.3,45,27.7,0.00,0.00,1004.3,9,22.0,260
2024-08-15 18:00,27.7,45,27.3,0.00,0.00,1003.9,7,20.2,269
2024-08-15 19:00,26.9,47,27.0,0.00,0.00,1003.5,1,16.2,282
2024-08-15 20:00,24.8,57,25.9,0.00,0.00,1003.6,1,14.4,302
2024-08-15 21:00,23.0,61,23.7,0.00,0.00,1004.0,1,15.0,316
2024-08-15 22:00,21.4,69,22.0,0.00,0.00,1004.4,5,12.9,283
2024-08-15 23:00,21.4,65,21.7,0.00,0.00,1004.8,14,18.8,267
2024-08-16 00:00,20.4,69,21.0,0.00,0.00,1005.2,2,14.5,318
2024-08-16 01:00,19.5,76,20.5,0.00,0.00,1004.8,1,9.0,2
2024-08-16 02:00,18.5,80,19.8,0.00,0.00,1004.7,0,1.8,217
2024-08-16 03:00,17.8,88,19.3,0.00,0.00,1004.8,95,2.0,225
2024-08-16 04:00,17.3,91,18.6,0.00,0.00,1004.7,0,7.8,202
2024-08-16 05:00,17.5,89,18.5,0.00,0.00,1004.4,3,13.9,211
2024-08-16 06:00,17.8,85,18.5,0.00,0.00,1004.1,0,18.5,217
2024-08-16 07:00,19.0,80,19.6,0.00,0.00,1003.9,1,19.1,229
2024-08-16 08:00,21.2,74,22.0,0.00,0.00,1003.9,1,21.7,234
2024-08-16 09:00,23.6,64,24.4,0.00,0.00,1004.3,6,15.8,225
2024-08-16 10:00,25.5,57,26.0,0.00,0.00,1004.2,9,16.1,236
2024-08-16 11:00,27.0,53,27.6,0.00,0.00,1004.0,18,16.4,230
2024-08-16 12:00,28.0,48,28.0,0.00,0.00,1003.9,64,25.1,241
2024-08-16 13:00,27.9,48,27.3,0.00,0.00,1003.6,29,25.5,248
2024-08-16 14:00,29.1,43,29.2,0.00,0.00,1003.0,44,22.2,250
2024-08-16 15:00,29.8,38,29.7,0.00,0.00,1002.9,1,20.6,251
2024-08-16 16:00,29.9,36,29.4,0.00,0.00,1002.4,0,19.2,257
2024-08-16 17:00,29.8,35,28.9,0.00,0.00,1002.0,0,18.1,265
2024-08-16 18:00,29.1,36,28.4,0.00,0.00,1001.8,5,16.6,275
2024-08-16 19:00,27.9,41,27.9,0.00,0.00,1001.8,0,15.1,282
2024-08-16 20:00,24.9,58,26.0,0.00,0.00,1001.6,1,13.2,292
2024-08-16 21:00,23.4,55,23.7,0.00,0.00,1002.1,41,15.0,291
2024-08-16 22:00,23.8,49,23.1,0.00,0.00,1002.3,4,22.0,291
2024-08-16 23:00,22.1,65,22.2,0.00,0.00,1002.5,12,23.6,8
2024-08-17 00:00,20.6,75,21.7,0.00,0.00,1002.6,8,16.5,20
2024-08-17 01:00,19.5,83,20.8,0.00,0.00,1002.5,22,13.6,17
2024-08-17 02:00,19.0,85,20.4,0.00,0.00,1002.1,41,9.4,23
2024-08-17 03:00,19.8,77,21.0,0.00,0.00,1001.8,74,7.7,118
2024-08-17 04:00,18.5,84,19.7,0.00,0.00,1001.7,61,8.3,146
2024-08-17 05:00,17.8,89,18.9,0.00,0.00,1001.7,98,8.8,171
2024-08-17 06:00,17.6,89,18.9,0.00,0.00,1001.3,93,9.8,163
2024-08-17 07:00,18.4,85,19.8,0.00,0.00,1001.0,32,8.6,202
2024-08-17 08:00,20.1,78,21.9,0.00,0.00,1001.0,98,9.4,274
2024-08-17 09:00,22.5,68,24.4,0.00,0.00,1001.1,49,5.2,286
2024-08-17 10:00,24.6,60,26.5,0.00,0.00,1001.1,100,3.6,264
2024-08-17 11:00,26.0,53,27.4,0.00,0.00,1001.1,100,5.7,235
2024-08-17 12:00,27.2,46,27.6,0.00,0.00,1000.9,100,11.0,229
2024-08-17 13:00,27.9,46,28.1,0.00,0.00,1000.4,100,14.0,226
2024-08-17 14:00,27.9,45,27.6,0.10,0.10,999.9,85,17.4,232
2024-08-17 15:00,27.9,50,28.5,0.00,0.00,1000.1,74,15.4,259
2024-08-17 16:00,27.5,50,28.2,0.00,0.00,999.8,29,13.1,249
2024-08-17 17:00,27.8,49,28.4,0.20,0.20,999.3,47,14.5,256
2024-08-17 18:00,26.2,56,26.8,0.20,0.20,999.3,58,15.8,315
2024-08-17 19:00,24.3,68,25.5,0.20,0.20,999.3,42,16.8,350
2024-08-17 20:00,23.4,72,25.2,0.10,0.10,999.5,32,14.9,345
2024-08-17 21:00,22.2,77,23.9,0.00,0.00,999.9,43,16.7,353
2024-08-17 22:00,21.6,80,23.1,0.00,0.00,999.9,29,18.4,337
2024-08-17 23:00,21.0,82,22.3,0.00,0.00,999.7,85,21.3,334
2024-08-18 00:00,20.2,87,22.0,0.00,0.00,999.6,52,16.5,350
2024-08-18 01:00,19.6,91,21.4,0.00,0.00,999.4,58,16.5,350
2024-08-18 02:00,19.1,94,20.9,0.00,0.00,998.9,98,15.9,355
2024-08-18 03:00,17.8,96,19.4,0.00,0.00,999.2,81,12.0,344
2024-08-18 04:00,17.4,97,18.7,0.00,0.00,998.5,94,13.8,353
2024-08-18 05:00,17.2,97,18.4,0.00,0.00,998.0,96,15.9,356
2024-08-18 06:00,17.1,97,18.5,0.00,0.00,998.0,100,12.4,350
2024-08-18 07:00,17.5,94,18.8,0.00,0.00,997.8,100,11.2,354
2024-08-18 08:00,18.1,92,19.6,0.00,0.00,997.5,100,7.5,17
2024-08-18 09:00,18.6,92,20.6,1.10,1.10,997.6,100,4.8,27
2024-08-18 10:00,19.0,91,21.3,1.40,1.40,997.7,100,4.3,24
2024-08-18 11:00,20.3,86,22.6,0.10,0.10,997.7,100,4.2,20
2024-08-18 12:00,21.2,81,23.5,0.10,0.10,997.7,100,4.5,346
2024-08-18 13:00,21.5,80,23.5,0.20,0.20,997.4,100,7.6,335
2024-08-18 14:00,21.8,79,23.5,0.40,0.40,997.2,100,10.5,352
2024-08-18 15:00,22.3,77,23.6,0.10,0.10,997.4,100,15.3,351
2024-08-18 16:00,22.5,74,23.6,0.00,0.00,997.2,100,16.8,350
2024-08-18 17:00,22.4,73,22.8,0.00,0.00,997.4,100,20.5,349
2024-08-18 18:00,21.2,77,21.5,0.10,0.10,997.8,100,22.3,346
2024-08-18 19:00,19.8,89,20.5,0.90,0.90,998.1,100,24.5,338
2024-08-18 20:00,18.9,93,19.2,1.40,1.40,998.6,100,28.3,334
2024-08-18 21:00,18.2,92,18.1,0.70,0.70,999.6,100,30.9,339
2024-08-18 22:00,18.0,90,17.4,0.20,0.20,1000.4,100,31.2,343
2024-08-18 23:00,17.5,89,16.6,0.10,0.10,1000.8,100,31.6,345
2024-08-19 00:00,16.9,87,15.8,0.00,0.00,1001.4,100,31.6,345
2024-08-19 01:00,16.7,85,15.5,0.00,0.00,1001.9,100,29.8,348
2024-08-19 02:00,16.8,84,16.0,0.00,0.00,1002.3,100,23.8,350
2024-08-19 03:00,16.5,83,15.9,0.00,0.00,1002.6,100,20.9,345
2024-08-19 04:00,16.5,81,15.8,0.00,0.00,1003.2,100,20.9,341
2024-08-19 05:00,16.0,85,15.4,0.00,0.00,1003.7,100,21.6,330
2024-08-19 06:00,15.5,87,14.7,0.00,0.00,1004.0,100,22.9,334
2024-08-19 07:00,15.4,81,14.2,0.00,0.00,1004.4,100,23.9,337
2024-08-19 08:00,16.1,73,14.9,0.00,0.00,1005.1,40,18.9,336
2024-08-19 09:00,17.6,64,16.2,0.00,0.00,1005.5,7,16.1,350
2024-08-19 10:00,19.2,56,17.6,0.00,0.00,1005.9,54,16.2,360
2024-08-19 11:00,20.8,49,18.9,0.00,0.00,1006.0,66,18.4,356
2024-08-19 12:00,22.0,44,20.4,0.00,0.00,1006.2,70,16.5,349
2024-08-19 13:00,22.4,44,21.3,0.00,0.00,1006.1,18,14.6,344
2024-08-19 14:00,23.4,40,22.6,0.00,0.00,1006.1,67,12.0,344
2024-08-19 15:00,21.8,50,20.5,0.00,0.00,1007.0,100,13.2,343
2024-08-19 16:00,21.5,50,20.5,0.00,0.00,1006.8,51,11.7,342
2024-08-19 17:00,21.8,49,21.1,0.00,0.00,1006.6,100,8.1,347
2024-08-19 18:00,21.5,50,21.0,0.00,0.00,1006.5,70,5.6,345
2024-08-19 19:00,21.1,52,20.7,0.00,0.00,1006.1,10,6.0,327
2024-08-19 20:00,20.4,54,20.2,0.00,0.00,1006.1,1,3.3,283
2024-08-19 21:00,20.0,53,19.5,0.00,0.00,1006.4,0,4.2,211
2024-08-19 22:00,19.6,53,19.3,0.00,0.00,1006.4,0,2.8,320
2024-08-19 23:00,15.8,73,14.9,0.00,0.00,1006.1,0,7.9,360
2024-08-20 00:00,15.0,77,14.1,0.00,0.00,1005.8,0,8.0,27
2024-08-20 01:00,14.5,80,14.0,0.00,0.00,1005.8,4,10.4,76
2024-08-20 02:00,13.8,87,13.1,0.00,0.00,1005.4,0,11.4,101
2024-08-20 03:00,13.2,90,12.6,0.00,0.00,1005.5,0,12.5,134
2024-08-20 04:00,13.3,89,12.7,0.00,0.00,1005.1,0,12.2,133
2024-08-20 05:00,12.8,91,11.9,0.00,0.00,1004.7,0,13.5,124
2024-08-20 06:00,12.7,91,12.1,0.00,0.00,1004.4,0,14.3,129
2024-08-20 07:00,14.1,86,14.1,0.00,0.00,1004.3,0,13.1,127
2024-08-20 08:00,16.4,77,16.3,0.00,0.00,1004.3,4,14.0,132
2024-08-20 09:00,18.8,69,18.8,0.00,0.00,1004.2,0,10.5,131
2024-08-20 10:00,21.2,61,21.0,0.00,0.00,1003.9,0,12.7,133
2024-08-20 11:00,23.0,54,23.0,0.00,0.00,1003.7,7,11.0,131
2024-08-20 12:00,24.4,50,25.0,0.00,0.00,1003.2,7,9.7,135
2024-08-20 13:00,25.3,48,26.5,0.00,0.00,1002.4,6,9.6,146
2024-08-20 14:00,26.2,47,27.1,0.00,0.00,1001.8,54,11.8,157
2024-08-20 15:00,26.4,48,26.7,0.00,0.00,1001.2,65,9.8,152
2024-08-20 16:00,26.8,47,27.2,0.00,0.00,1000.3,92,9.2,138
2024-08-20 17:00,26.6,47,27.1,0.00,0.00,999.6,100,9.2,149
2024-08-20 18:00,26.4,48,27.0,0.00,0.00,999.0,100,8.8,161
2024-08-20 19:00,25.5,53,26.5,0.00,0.00,998.5,99,13.3,139
2024-08-20 20:00,24.6,57,24.9,0.00,0.00,998.4,78,21.1,137
2024-08-20 21:00,22.5,73,24.1,0.00,0.00,998.5,100,12.8,148
2024-08-20 22:00,21.8,75,23.9,0.00,0.00,998.6,94,1.4,180
2024-08-20 23:00,22.0,70,23.7,0.00,0.00,997.9,50,6.9,171
2024-08-21 00:00,19.6,85,21.3,0.00,0.00,997.4,18,7.0,215
2024-08-21 01:00,19.5,86,21.0,0.00,0.00,997.3,19,15.1,252
2024-08-21 02:00,20.0,82,20.9,0.00,0.00,996.9,56,21.3,244
2024-08-21 03:00,20.0,84,20.6,0.00,0.00,996.9,2,26.7,243
2024-08-21 04:00,19.8,82,19.3,0.00,0.00,997.1,0,33.9,253
2024-08-21 05:00,19.0,83,18.9,0.00,0.00,997.1,9,27.1,259
2024-08-21 06:00,18.4,84,18.0,0.00,0.00,997.4,43,28.4,255
2024-08-21 07:00,18.8,80,18.0,0.00,0.00,998.2,49,30.2,255
2024-08-21 08:00,19.5,75,18.3,0.00,0.00,999.2,21,29.4,259
2024-08-21 09:00,20.0,69,18.3,0.00,0.00,1000.1,32,30.9,289
2024-08-21 10:00,20.4,54,17.5,0.00,0.00,1001.1,20,29.6,297
2024-08-21 11:00,21.1,45,17.8,0.00,0.00,1002.0,5,28.7,297
2024-08-21 12:00,21.9,41,19.2,0.00,0.00,1002.4,14,26.4,290
2024-08-21 13:00,22.6,36,19.6,0.00,0.00,1002.6,56,29.1,279
2024-08-21 14:00,22.0,37,17.7,0.00,0.00,1002.9,18,33.9,272
2024-08-21 15:00,22.1,38,18.4,0.00,0.00,1003.6,25,32.4,272
2024-08-21 16:00,21.9,34,17.4,0.00,0.00,1003.9,1,33.0,277
2024-08-21 17:00,21.4,34,17.0,0.00,0.00,1004.3,7,31.5,276
2024-08-21 18:00,21.0,34,16.8,0.00,0.00,1004.3,90,29.6,274
2024-08-21 19:00,20.5,36,16.5,0.00,0.00,1004.0,53,28.2,276
2024-08-21 20:00,19.2,42,16.2,0.00,0.00,1004.4,40,24.0,278
2024-08-21 21:00,18.0,46,15.2,0.00,0.00,1005.1,100,25.2,268
2024-08-21 22:00,17.6,49,14.9,0.00,0.00,1005.4,100,24.9,272
2024-08-21 23:00,16.9,54,14.8,0.00,0.00,1005.4,100,20.4,278
2024-08-22 00:00,15.9,58,14.1,0.00,0.00,1005.5,100,19.5,266
2024-08-22 01:00,15.4,62,13.6,0.00,0.00,1005.3,100,19.2,264
2024-08-22 02:00,15.1,66,13.5,0.00,0.00,1005.2,100,18.0,258
2024-08-22 03:00,14.9,68,13.5,0.00,0.00,1005.2,100,17.2,250
2024-08-22 04:00,14.6,70,13.3,0.00,0.00,1004.8,100,17.3,239
2024-08-22 05:00,14.4,71,13.1,0.00,0.00,1004.6,100,18.4,239
2024-08-22 06:00,14.4,72,13.2,0.00,0.00,1004.3,100,16.9,236
2024-08-22 07:00,14.5,74,13.3,0.00,0.00,1004.0,100,17.1,228
2024-08-22 08:00,15.6,70,14.4,0.00,0.00,1003.5,99,18.3,223
2024-08-22 09:00,17.1,60,15.6,0.00,0.00,1003.4,100,13.5,224
2024-08-22 10:00,19.0,50,16.9,0.00,0.00,1003.1,100,15.3,231
2024-08-22 11:00,20.5,44,18.2,0.00,0.00,1002.8,95,16.2,233
2024-08-22 12:00,21.6,40,19.7,0.00,0.00,1002.3,93,17.4,236
2024-08-22 13:00,22.5,38,21.0,0.00,0.00,1001.9,98,17.3,234
2024-08-22 14:00,23.4,36,21.9,0.00,0.00,1001.3,59,17.0,234
2024-08-22 15:00,24.0,37,22.2,0.00,0.00,1000.8,60,18.9,230
2024-08-22 16:00,24.2,37,22.2,0.00,0.00,1000.3,88,18.2,240
2024-08-22 17:00,24.3,38,22.2,0.00,0.00,1000.1,69,16.7,245
2024-08-22 18:00,24.0,38,22.0,0.00,0.00,999.8,22,16.9,243
2024-08-22 19:00,23.1,43,21.9,0.00,0.00,999.4,6,15.5,234
2024-08-22 20:00,20.7,51,19.8,0.00,0.00,999.2,11,16.4,218
2024-08-22 21:00,19.8,53,18.3,0.00,0.00,999.6,28,22.2,212
2024-08-22 22:00,19.4,54,17.7,0.00,0.00,999.4,14,25.1,209
2024-08-22 23:00,18.6,57,17.1,0.00,0.00,999.5,21,23.1,217
2024-08-23 00:00,18.0,59,16.4,0.00,0.00,999.4,100,23.4,214
2024-08-23 01:00,17.8,59,16.0,0.00,0.00,999.1,42,23.7,210
2024-08-23 02:00,17.0,61,15.4,0.00,0.00,999.0,72,23.1,211
2024-08-23 03:00,17.0,61,15.5,0.00,0.00,999.1,100,21.9,216
2024-08-23 04:00,16.6,61,14.9,0.00,0.00,998.9,99,22.4,217
2024-08-23 05:00,16.5,61,14.6,0.00,0.00,998.6,100,23.7,208
2024-08-23 06:00,16.5,60,14.5,0.00,0.00,998.4,94,24.0,208
2024-08-23 07:00,16.8,59,14.7,0.00,0.00,998.1,95,25.4,205
2024-08-23 08:00,18.4,57,16.5,0.00,0.00,998.0,47,28.8,204
2024-08-23 09:00,20.5,52,18.4,0.00,0.00,997.8,25,23.9,196
2024-08-23 10:00,22.8,46,20.3,0.00,0.00,997.9,11,26.7,209
2024-08-23 11:00,24.5,42,22.0,0.00,0.00,997.9,56,26.7,212
2024-08-23 12:00,26.4,37,24.0,0.00,0.00,997.6,31,29.4,213
2024-08-23 13:00,27.7,33,25.3,0.00,0.00,997.1,57,31.1,215
2024-08-23 14:00,28.6,29,25.7,0.00,0.00,996.8,55,34.7,221
2024-08-23 15:00,29.0,30,25.8,0.00,0.00,997.1,79,35.7,223
2024-08-23 16:00,29.1,29,25.5,0.00,0.00,997.0,95,36.2,226
2024-08-23 17:00,29.0,30,25.4,0.00,0.00,997.2,91,36.7,232
2024-08-23 18:00,28.4,32,25.1,0.00,0.00,997.5,96,34.4,233
2024-08-23 19:00,27.5,34,24.9,0.00,0.00,998.0,38,30.9,238
2024-08-23 20:00,25.9,36,23.6,0.00,0.00,998.5,61,28.9,251
2024-08-23 21:00,24.7,39,22.8,0.00,0.00,999.5,62,26.5,239
2024-08-23 22:00,23.4,43,21.9,0.00,0.00,999.9,94,24.5,229
2024-08-23 23:00,22.0,48,20.8,0.00,0.00,1000.3,96,22.1,224
2024-08-24 00:00,21.4,51,20.2,0.00,0.00,1001.0,56,23.1,252
2024-08-24 01:00,20.0,58,19.7,0.00,0.00,1001.6,91,15.9,276
2024-08-24 02:00,18.9,67,18.8,0.00,0.00,1002.0,100,9.8,276
2024-08-24 03:00,18.4,68,18.5,0.00,0.00,1001.8,11,7.1,221
2024-08-24 04:00,17.6,74,17.7,0.00,0.00,1002.0,56,13.5,228
2024-08-24 05:00,17.5,78,17.7,0.00,0.00,1002.0,0,15.8,215
2024-08-24 06:00,17.4,82,17.6,0.00,0.00,1001.8,0,18.7,196
2024-08-24 07:00,17.8,79,17.6,0.00,0.00,1002.1,0,21.8,189
2024-08-24 08:00,19.8,71,19.6,0.00,0.00,1002.3,0,23.7,204
2024-08-24 09:00,22.6,61,22.8,0.00,0.00,1002.3,0,16.6,204
2024-08-24 10:00,24.9,55,24.8,0.00,0.00,1002.0,0,17.6,195
2024-08-24 11:00,26.7,50,26.4,0.00,0.00,1001.8,0,19.8,192
2024-08-24 12:00,28.4,44,28.3,0.00,0.00,1001.3,0,21.4,193
2024-08-24 13:00,29.6,40,29.7,0.00,0.00,1000.6,0,23.1,195
2024-08-24 14:00,30.6,38,30.5,0.00,0.00,1000.0,0,24.7,201
2024-08-24 15:00,31.8,32,30.8,0.00,0.00,999.1,0,25.3,200
2024-08-24 16:00,32.3,30,30.9,0.00,0.00,998.4,0,25.4,198
2024-08-24 17:00,32.5,30,30.7,0.00,0.00,997.7,0,26.9,196
2024-08-24 18:00,32.2,32,30.8,0.00,0.00,997.1,0,27.8,193
2024-08-24 19:00,31.4,34,30.5,0.00,0.00,996.3,0,26.4,186
2024-08-24 20:00,29.5,38,28.9,0.00,0.00,995.8,2,26.6,182
2024-08-24 21:00,27.5,43,26.8,0.00,0.00,996.1,0,28.4,179
2024-08-24 22:00,27.0,45,25.8,0.00,0.00,995.8,1,33.2,176
2024-08-24 23:00,27.0,44,25.4,0.00,0.00,995.5,0,36.0,181
2024-08-25 00:00,27.0,43,25.3,0.00,0.00,995.7,0,35.5,193
2024-08-25 01:00,27.0,43,25.4,0.00,0.00,995.9,2,34.5,209
2024-08-25 02:00,26.3,47,25.1,0.00,0.00,996.4,13,32.1,225
2024-08-25 03:00,22.4,77,23.8,0.40,0.40,997.5,31,19.8,286
2024-08-25 04:00,21.3,83,23.1,0.00,0.00,998.7,22,17.8,234
2024-08-25 05:00,21.0,83,22.2,0.00,0.00,999.2,58,23.1,249
2024-08-25 06:00,21.0,81,21.5,0.00,0.00,1000.4,100,26.5,262
2024-08-25 07:00,20.6,73,20.0,0.00,0.00,1001.9,100,28.5,273
2024-08-25 08:00,19.7,68,18.1,0.00,0.00,1003.5,100,29.9,271
2024-08-25 09:00,18.7,66,16.4,0.00,0.00,1005.0,100,31.3,270
2024-08-25 10:00,18.3,68,16.5,0.00,0.00,1006.2,100,26.7,266
2024-08-25 11:00,19.1,62,17.2,0.00,0.00,1007.2,100,24.8,271
2024-08-25 12:00,20.9,53,18.8,0.00,0.00,1007.8,100,22.0,275
2024-08-25 13:00,21.7,47,19.5,0.00,0.00,1008.1,100,20.9,271
2024-08-25 14:00,22.7,40,20.4,0.00,0.00,1008.3,100,19.8,267
2024-08-25 15:00,22.8,37,19.8,0.00,0.00,1009.2,100,21.3,272
2024-08-25 16:00,23.1,35,20.4,0.00,0.00,1009.1,100,18.0,271
2024-08-25 17:00,23.0,36,20.5,0.00,0.00,1009.2,100,16.2,267
2024-08-25 18:00,22.4,37,19.9,0.00,0.00,1009.3,100,16.8,279
2024-08-25 19:00,21.7,38,19.6,0.00,0.00,1009.1,100,15.6,296
2024-08-25 20:00,20.2,41,18.6,0.00,0.00,1009.3,46,13.8,313
2024-08-25 21:00,18.3,50,16.6,0.00,0.00,1009.8,27,12.5,316
2024-08-25 22:00,17.0,57,15.3,0.00,0.00,1010.1,35,12.8,338
2024-08-25 23:00,16.0,57,14.5,0.00,0.00,1010.3,36,13.7,5
2024-08-26 00:00,14.9,64,13.4,0.00,0.00,1010.4,11,10.5,16
2024-08-26 01:00,14.4,65,13.3,0.00,0.00,1010.5,0,9.2,11
2024-08-26 02:00,13.6,72,12.3,0.00,0.00,1010.7,1,9.3,28
2024-08-26 03:00,13.2,79,12.5,0.00,0.00,1010.9,79,4.1,15
2024-08-26 04:00,13.1,80,12.3,0.00,0.00,1010.5,99,4.9,36
2024-08-26 05:00,13.1,79,12.4,0.00,0.00,1010.6,99,4.6,51
2024-08-26 06:00,13.5,77,12.8,0.00,0.00,1010.5,96,5.6,63
2024-08-26 07:00,13.9,75,13.6,0.00,0.00,1010.7,68,4.0,85
2024-08-26 08:00,15.8,68,15.5,0.00,0.00,1011.0,45,0.8,207
2024-08-26 09:00,18.1,55,17.6,0.00,0.00,1011.0,1,1.8,323
2024-08-26 10:00,20.0,50,19.8,0.00,0.00,1011.0,0,1.1,360
2024-08-26 11:00,21.8,44,21.5,0.00,0.00,1010.9,0,1.4,180
2024-08-26 12:00,23.2,35,22.4,0.00,0.00,1010.9,58,7.2,198
2024-08-26 13:00,24.0,33,22.5,0.00,0.00,1010.5,71,9.8,188
2024-08-26 14:00,24.7,30,23.3,0.00,0.00,1009.9,19,9.1,171
2024-08-26 15:00,24.6,33,23.0,0.00,0.00,1009.8,58,7.6,155
2024-08-26 16:00,25.0,30,23.0,0.00,0.00,1009.5,3,8.9,148
2024-08-26 17:00,25.0,30,22.9,0.00,0.00,1009.3,71,10.7,168
2024-08-26 18:00,24.5,30,22.2,0.00,0.00,1009.1,84,12.6,183
2024-08-26 19:00,23.5,34,21.6,0.00,0.00,1009.3,4,14.4,202
2024-08-26 20:00,20.8,41,19.1,0.00,0.00,1009.6,1,15.1,242
2024-08-26 21:00,20.0,41,17.3,0.00,0.00,1010.2,0,23.1,285
2024-08-26 22:00,19.2,43,16.0,0.00,0.00,1010.7,0,31.4,336
2024-08-26 23:00,18.5,47,15.9,0.00,0.00,1011.1,0,26.7,358
2024-08-27 00:00,17.4,52,15.1,0.00,0.00,1011.3,0,24.0,352
2024-08-27 01:00,16.5,56,14.5,0.00,0.00,1011.5,0,22.0,358
2024-08-27 02:00,15.6,60,13.7,0.00,0.00,1011.8,0,20.9,1
2024-08-27 03:00,14.1,71,12.5,0.00,0.00,1011.9,0,21.9,351
2024-08-27 04:00,13.6,75,12.0,0.00,0.00,1011.9,0,22.0,356
2024-08-27 05:00,13.1,78,11.6,0.00,0.00,1011.7,0,20.9,1
2024-08-27 06:00,12.6,81,11.2,0.00,0.00,1011.7,0,19.2,8
2024-08-27 07:00,12.6,82,11.5,0.00,0.00,1012.0,0,17.0,13
2024-08-27 08:00,14.6,75,14.0,0.00,0.00,1012.4,0,12.7,29
2024-08-27 09:00,17.1,64,16.7,0.00,0.00,1012.6,0,6.1,50
2024-08-27 10:00,19.8,56,19.4,0.00,0.00,1012.5,0,5.1,98
2024-08-27 11:00,22.2,50,21.9,0.00,0.00,1012.6,0,7.3,123
2024-08-27 12:00,24.0,44,23.8,0.00,0.00,1012.3,0,11.7,124
2024-08-27 13:00,25.1,39,24.7,0.00,0.00,1011.7,0,12.9,108
2024-08-27 14:00,25.8,37,25.3,0.00,0.00,1011.3,0,14.5,96
2024-08-27 15:00,26.2,33,25.2,0.00,0.00,1010.9,0,14.5,83
2024-08-27 16:00,26.2,33,24.6,0.00,0.00,1010.4,0,15.9,85
2024-08-27 17:00,25.9,35,23.9,0.00,0.00,1009.8,0,16.6,86
2024-08-27 18:00,25.2,37,23.2,0.00,0.00,1009.4,0,18.0,91
2024-08-27 19:00,24.3,41,22.6,0.00,0.00,1009.4,0,20.5,101
2024-08-27 20:00,22.5,46,21.0,0.00,0.00,1009.2,0,24.5,93
2024-08-27 21:00,21.6,50,19.6,0.00,0.00,1009.7,0,29.9,93
2024-08-27 22:00,20.7,52,18.8,0.00,0.00,1009.9,0,28.1,99
2024-08-27 23:00,19.5,56,18.3,0.00,0.00,1009.8,0,23.0,104
2024-08-28 00:00,18.5,61,17.5,0.00,0.00,1009.6,0,21.6,101
2024-08-28 01:00,17.8,65,17.0,0.00,0.00,1009.4,0,20.3,102
2024-08-28 02:00,17.0,70,16.5,0.00,0.00,1009.0,0,18.0,106
2024-08-28 03:00,15.4,80,14.9,0.00,0.00,1008.6,0,15.4,111
2024-08-28 04:00,15.2,82,15.0,0.00,0.00,1008.6,0,15.6,113
2024-08-28 05:00,14.9,85,14.8,0.00,0.00,1008.3,0,14.4,112
2024-08-28 06:00,14.7,88,14.7,0.00,0.00,1008.4,0,14.5,109
2024-08-28 07:00,15.2,87,15.3,0.00,0.00,1008.5,0,12.5,108
2024-08-28 08:00,17.2,79,17.4,0.00,0.00,1008.7,0,15.4,106
2024-08-28 09:00,19.5,71,20.0,0.00,0.00,1008.5,0,9.2,101
2024-08-28 10:00,22.0,63,22.7,0.00,0.00,1008.3,0,8.4,110
2024-08-28 11:00,24.4,57,25.1,0.00,0.00,1008.0,0,10.4,110
2024-08-28 12:00,26.5,52,27.7,0.00,0.00,1007.6,0,11.6,106
2024-08-28 13:00,28.1,47,29.5,0.00,0.00,1006.9,0,13.1,106
2024-08-28 14:00,29.2,44,30.4,0.00,0.00,1006.5,0,14.9,110
2024-08-28 15:00,30.1,39,30.8,0.00,0.00,1005.8,0,14.7,112
2024-08-28 16:00,30.4,39,30.7,0.00,0.00,1005.4,0,13.7,117
2024-08-28 17:00,30.5,40,31.0,0.00,0.00,1005.0,1,13.1,122
2024-08-28 18:00,30.1,43,31.0,0.00,0.00,1004.7,9,11.6,126
2024-08-28 19:00,28.6,55,31.4,0.00,0.00,1004.5,12,9.7,112
2024-08-28 20:00,26.4,55,27.7,0.00,0.00,1004.3,9,15.5,77
2024-08-28 21:00,25.5,58,26.5,0.00,0.00,1004.5,8,21.3,92
2024-08-28 22:00,24.2,63,25.5,0.00,0.00,1004.4,6,18.2,124
2024-08-28 23:00,23.2,68,24.5,0.00,0.00,1004.5,3,18.5,151
2024-08-29 00:00,22.8,70,24.0,0.00,0.00,1004.4,2,21.3,164
2024-08-29 01:00,22.2,74,23.6,0.00,0.00,1004.3,2,20.5,190
2024-08-29 02:00,21.2,77,22.7,0.00,0.00,1004.3,1,17.4,214
2024-08-29 03:00,20.0,79,21.0,0.00,0.00,1004.4,1,20.8,233
2024-08-29 04:00,19.5,80,20.5,0.00,0.00,1004.6,0,17.4,240
2024-08-29 05:00,18.9,83,19.8,0.00,0.00,1004.7,0,17.9,242
2024-08-29 06:00,18.5,85,19.4,0.00,0.00,1004.7,0,18.4,239
2024-08-29 07:00,18.6,84,19.5,0.00,0.00,1005.1,0,17.2,233
2024-08-29 08:00,20.8,75,21.8,0.00,0.00,1005.1,0,15.3,225
2024-08-29 09:00,23.9,64,25.4,0.00,0.00,1005.5,0,14.8,223
2024-08-29 10:00,27.4,52,28.8,0.00,0.00,1005.8,0,8.7,204
2024-08-29 11:00,30.0,41,30.9,0.00,0.00,1005.8,13,8.6,195
2024-08-29 12:00,31.5,37,32.7,0.00,0.00,1005.5,14,9.7,207
2024-08-29 13:00,32.3,34,33.3,0.00,0.00,1005.1,13,11.2,222
2024-08-29 14:00,33.2,30,33.6,0.00,0.00,1004.7,14,11.2,225
2024-08-29 15:00,33.9,28,33.6,0.00,0.00,1004.3,26,14.3,219
2024-08-29 16:00,33.2,29,32.1,0.00,0.00,1004.1,27,17.8,227
2024-08-29 17:00,32.9,30,32.5,0.00,0.00,1004.0,73,12.4,234
2024-08-29 18:00,32.6,37,34.3,0.00,0.00,1004.1,94,5.2,258
2024-08-29 19:00,31.1,48,34.1,0.00,0.00,1004.2,25,4.7,302
2024-08-29 20:00,27.8,45,28.2,0.00,0.00,1004.8,52,11.1,306
2024-08-29 21:00,25.6,53,26.1,0.00,0.00,1005.2,86,14.8,311
2024-08-29 22:00,24.5,58,25.1,0.00,0.00,1005.3,67,12.8,310
2024-08-29 23:00,24.0,60,25.1,0.00,0.00,1005.1,98,8.2,299
2024-08-30 00:00,23.8,58,24.1,0.00,0.00,1005.5,1,20.5,301
2024-08-30 01:00,23.5,63,24.4,0.00,0.00,1005.4,24,21.7,339
2024-08-30 02:00,22.9,68,23.8,0.00,0.00,1005.5,3,22.1,341
2024-08-30 03:00,22.5,71,23.0,0.00,0.00,1005.7,57,27.8,339
2024-08-30 04:00,21.6,77,22.4,0.00,0.00,1005.7,3,26.1,337
2024-08-30 05:00,20.8,83,21.6,0.00,0.00,1005.9,92,26.4,336
2024-08-30 06:00,20.0,86,20.8,0.00,0.00,1006.4,96,25.1,331
2024-08-30 07:00,19.6,83,19.4,0.00,0.00,1007.5,95,31.2,326
2024-08-30 08:00,20.0,78,19.8,0.10,0.10,1008.1,81,25.5,329
2024-08-30 09:00,20.8,74,20.7,0.00,0.00,1008.0,47,21.6,349
2024-08-30 10:00,22.6,67,22.9,0.00,0.00,1008.3,99,17.8,346
2024-08-30 11:00,24.5,59,24.9,0.00,0.00,1008.4,99,14.4,3
2024-08-30 12:00,26.0,55,26.7,0.00,0.00,1008.4,99,15.9,356
2024-08-30 13:00,26.5,54,27.3,0.00,0.00,1008.4,99,19.1,359
2024-08-30 14:00,26.9,53,27.6,0.00,0.00,1008.3,100,18.7,2
2024-08-30 15:00,26.5,55,26.9,0.00,0.00,1008.0,94,20.9,1
2024-08-30 16:00,26.1,55,25.9,0.00,0.00,1008.1,100,23.4,358
2024-08-30 17:00,24.6,60,23.9,0.00,0.00,1008.4,93,28.9,4
2024-08-30 18:00,23.6,62,23.0,0.00,0.00,1008.6,79,25.6,1
2024-08-30 19:00,22.7,65,22.4,0.00,0.00,1008.7,100,23.8,360
2024-08-30 20:00,21.8,69,21.4,0.00,0.00,1009.2,100,26.3,1
2024-08-30 21:00,20.9,73,20.5,0.00,0.00,1009.6,100,27.4,5
2024-08-30 22:00,20.0,75,19.4,0.00,0.00,1010.0,100,27.8,4
2024-08-30 23:00,18.9,80,18.3,0.00,0.00,1010.3,85,26.3,3
2024-08-31 00:00,18.2,83,18.1,0.00,0.00,1010.6,41,23.1,5
2024-08-31 01:00,17.8,86,17.8,0.00,0.00,1010.7,91,20.8,10
2024-08-31 02:00,17.6,87,17.8,0.00,0.00,1011.0,100,19.4,15
2024-08-31 03:00,16.9,93,17.0,1.10,1.10,1011.8,100,21.8,9
2024-08-31 04:00,16.6,92,16.5,0.20,0.20,1011.8,100,23.3,17
2024-08-31 05:00,16.4,93,16.6,0.00,0.00,1011.8,100,18.9,14
2024-08-31 06:00,16.1,92,16.1,0.00,0.00,1012.2,100,19.3,21
2024-08-31 07:00,16.2,88,15.9,0.00,0.00,1012.6,100,19.0,33
2024-08-31 08:00,16.4,84,16.0,0.00,0.00,1012.8,100,16.1,29
2024-08-31 09:00,17.0,78,16.4,0.00,0.00,1012.9,100,15.4,37
2024-08-31 10:00,17.7,74,17.0,0.00,0.00,1013.1,100,15.8,49
2024-08-31 11:00,19.5,65,18.5,0.00,0.00,1013.3,100,16.1,66
2024-08-31 12:00,20.8,61,20.1,0.00,0.00,1013.0,100,14.5,60
2024-08-31 13:00,22.0,57,21.4,0.00,0.00,1012.7,100,14.7,54
2024-08-31 14:00,23.1,54,22.6,0.00,0.00,1012.6,100,15.9,51
2024-08-31 15:00,22.1,56,21.1,0.00,0.00,1012.6,100,17.6,47
2024-08-31 16:00,22.6,53,21.4,0.00,0.00,1011.9,95,18.7,50
2024-08-31 17:00,23.0,51,21.6,0.00,0.00,1011.6,55,19.5,52
2024-08-31 18:00,22.8,50,21.2,0.00,0.00,1011.3,21,20.5,56
2024-08-31 19:00,22.1,50,20.7,0.00,0.00,1011.1,98,20.5,62
2024-08-31 20:00,20.9,53,19.7,0.00,0.00,1011.0,100,20.8,62
2024-08-31 21:00,20.2,55,19.0,0.00,0.00,1011.3,99,20.7,67
2024-08-31 22:00,19.5,58,18.3,0.00,0.00,1011.5,23,20.7,73
2024-08-31 23:00,18.6,60,17.7,0.00,0.00,1011.5,7,19.7,75
2024-09-01 00:00,18.1,63,17.1,0.00,0.00,1011.4,1,20.3,78
2024-09-01 01:00,17.6,65,16.7,0.00,0.00,1011.0,0,20.0,76
2024-09-01 02:00,17.2,68,16.3,0.00,0.00,1010.7,0,20.5,75
2024-09-01 03:00,16.5,76,15.8,0.00,0.00,1010.4,4,19.9,68
2024-09-01 04:00,16.1,77,15.5,0.00,0.00,1010.0,4,20.0,64
2024-09-01 05:00,15.8,78,15.1,0.00,0.00,1009.6,4,19.5,62
2024-09-01 06:00,15.6,79,14.7,0.00,0.00,1009.7,3,21.4,54
2024-09-01 07:00,15.7,79,14.8,0.00,0.00,1009.7,0,21.9,63
2024-09-01 08:00,17.0,74,16.4,0.00,0.00,1009.5,0,17.6,67
2024-09-01 09:00,18.6,69,18.0,0.00,0.00,1009.2,1,15.2,68
2024-09-01 10:00,20.3,65,19.9,0.00,0.00,1009.0,0,14.0,72
2024-09-01 11:00,22.2,60,22.0,0.00,0.00,1008.8,0,14.7,73
2024-09-01 12:00,24.0,56,24.2,0.00,0.00,1008.0,0,16.3,72
2024-09-01 13:00,25.4,52,25.9,0.00,0.00,1007.5,0,17.3,73
2024-09-01 14:00,26.4,49,26.9,0.00,0.00,1007.0,0,17.4,72
2024-09-01 15:00,26.6,46,26.6,0.00,0.00,1006.8,0,17.7,66
2024-09-01 16:00,26.8,45,26.2,0.00,0.00,1006.3,1,18.5,63
2024-09-01 17:00,26.6,45,25.8,0.00,0.00,1005.8,0,19.3,66
2024-09-01 18:00,25.9,47,25.1,0.00,0.00,1005.2,0,19.6,70
2024-09-01 19:00,24.8,50,24.2,0.00,0.00,1005.0,0,19.4,68
2024-09-01 20:00,22.9,54,22.5,0.00,0.00,1005.2,0,20.5,66
2024-09-01 21:00,21.6,57,20.9,0.00,0.00,1005.4,0,23.5,67
2024-09-01 22:00,20.7,60,19.8,0.00,0.00,1005.2,0,25.2,73
2024-09-01 23:00,20.0,63,19.2,0.00,0.00,1005.0,0,23.3,77
2024-09-02 00:00,19.0,67,18.6,0.00,0.00,1005.0,0,20.3,77
2024-09-02 01:00,18.2,71,18.0,0.00,0.00,1004.7,0,17.9,81
2024-09-02 02:00,17.6,74,17.5,0.00,0.00,1004.6,0,16.9,79
2024-09-02 03:00,16.9,77,16.6,0.00,0.00,1004.5,0,19.0,71
2024-09-02 04:00,16.4,79,16.1,0.00,0.00,1004.2,0,18.4,67
2024-09-02 05:00,15.8,80,15.6,0.00,0.00,1003.9,0,17.0,69
2024-09-02 06:00,15.1,84,15.0,0.00,0.00,1003.5,0,14.9,82
2024-09-02 07:00,15.1,84,14.9,0.00,0.00,1003.5,0,14.8,89
2024-09-02 08:00,16.6,76,16.6,0.00,0.00,1004.0,0,12.9,77
2024-09-02 09:00,18.5,68,18.4,0.00,0.00,1003.6,0,8.6,57
2024-09-02 10:00,20.5,62,20.5,0.00,0.00,1003.7,0,8.4,65
2024-09-02 11:00,22.5,57,22.8,0.00,0.00,1003.5,0,8.4,59
2024-09-02 12:00,24.4,54,25.2,0.00,0.00,1003.1,0,8.7,73
2024-09-02 13:00,25.9,49,27.2,0.00,0.00,1002.8,5,8.7,73
2024-09-02 14:00,27.2,45,28.3,0.00,0.00,1002.2,1,9.8,66
2024-09-02 15:00,28.0,43,28.7,0.00,0.00,1002.1,35,10.2,80
2024-09-02 16:00,28.4,42,28.6,0.00,0.00,1001.5,22,10.6,80
2024-09-02 17:00,28.4,42,28.4,0.00,0.00,1001.1,29,12.0,83
2024-09-02 18:00,27.8,43,27.9,0.00,0.00,1000.9,46,12.1,80
2024-09-02 19:00,26.6,48,27.2,0.00,0.00,1001.0,100,14.2,74
2024-09-02 20:00,24.8,53,25.0,0.00,0.00,1001.5,100,19.0,75
2024-09-02 21:00,23.8,58,24.1,0.00,0.00,1002.2,100,21.6,93
2024-09-02 22:00,22.5,66,23.5,0.00,0.00,1002.4,93,18.3,144
2024-09-02 23:00,20.8,78,22.2,0.00,0.00,1002.1,30,8.4,140
2024-09-03 00:00,20.0,82,21.4,0.00,0.00,1002.1,39,6.4,133
2024-09-03 01:00,19.2,85,20.8,0.00,0.00,1002.0,38,7.7,143
2024-09-03 02:00,19.0,90,20.8,0.00,0.00,1002.0,92,14.8,157
2024-09-03 03:00,19.5,84,21.0,0.00,0.00,1001.9,100,15.1,152
2024-09-03 04:00,18.5,91,20.1,0.00,0.00,1001.5,98,9.4,182
2024-09-03 05:00,18.5,93,20.3,0.00,0.00,1001.8,98,10.9,189
2024-09-03 06:00,17.9,95,19.6,0.00,0.00,1002.0,10,9.5,205
2024-09-03 07:00,18.0,95,19.8,0.00,0.00,1002.3,11,9.8,174
2024-09-03 08:00,19.7,87,21.6,0.00,0.00,1002.6,5,10.5,188
2024-09-03 09:00,22.1,75,24.4,0.00,0.00,1002.7,42,5.8,184
2024-09-03 10:00,24.6,64,26.4,0.00,0.00,1003.0,84,6.8,162
2024-09-03 11:00,26.6,53,28.0,0.00,0.00,1003.1,82,7.5,163
2024-09-03 12:00,28.4,48,30.0,0.00,0.00,1003.2,85,6.8,180
2024-09-03 13:00,29.6,44,31.5,0.00,0.00,1002.7,84,6.8,177
2024-09-03 14:00,30.3,42,31.6,0.00,0.00,1002.7,95,8.6,165
2024-09-03 15:00,31.0,37,32.0,0.00,0.00,1002.8,100,9.8,174
2024-09-03 16:00,31.5,36,32.2,0.00,0.00,1002.4,99,7.6,172
2024-09-03 17:00,31.3,36,31.8,0.00,0.00,1002.1,38,8.4,149
2024-09-03 18:00,29.5,42,29.4,0.20,0.20,1002.5,72,18.2,153
2024-09-03 19:00,27.5,53,28.2,0.00,0.00,1003.0,38,18.3,164
2024-09-03 20:00,24.6,68,26.8,0.00,0.00,1002.8,20,10.4,146
2024-09-03 21:00,25.0,62,27.3,0.00,0.00,1003.1,1,4.7,122
2024-09-03 22:00,22.0,76,23.8,0.00,0.00,1003.4,5,6.9,332
2024-09-03 23:00,21.4,77,23.2,0.00,0.00,1003.4,11,8.8,9
2024-09-04 00:00,20.4,83,22.1,0.00,0.00,1003.2,10,10.6,28
2024-09-04 01:00,20.2,83,22.0,0.00,0.00,1003.1,1,12.4,8
2024-09-04 02:00,20.0,84,21.6,0.00,0.00,1003.1,0,13.7,14
2024-09-04 03:00,20.1,84,21.6,0.60,0.60,1003.3,86,22.1,292
2024-09-04 04:00,19.3,86,20.2,0.00,0.00,1003.1,65,20.0,34
2024-09-04 05:00,18.4,92,20.4,0.00,0.00,1002.8,70,2.3,342
2024-09-04 06:00,18.0,94,19.8,0.00,0.00,1002.5,51,7.6,335
2024-09-04 07:00,17.6,97,19.5,0.00,0.00,1002.5,14,5.9,346
2024-09-04 08:00,19.3,91,21.5,0.00,0.00,1003.0,15,8.3,88
2024-09-04 09:00,21.4,81,24.0,0.00,0.00,1003.2,19,4.6,135
2024-09-04 10:00,23.6,70,26.2,0.00,0.00,1003.2,1,2.1,121
2024-09-04 11:00,25.9,62,28.2,0.00,0.00,1002.9,0,4.7,86
2024-09-04 12:00,27.6,56,30.3,0.00,0.00,1002.5,0,5.1,86
2024-09-04 13:00,29.1,51,32.0,0.00,0.00,1002.2,0,5.8,68
2024-09-04 14:00,30.2,46,32.6,0.00,0.00,1001.8,0,8.8,71
2024-09-04 15:00,32.9,32,32.3,0.00,0.00,1000.4,38,21.9,107
2024-09-04 16:00,32.0,33,31.0,0.00,0.00,1000.5,71,20.7,129
2024-09-04 17:00,31.0,36,31.3,0.00,0.00,1000.2,99,8.6,272
2024-09-04 18:00,28.0,50,28.2,0.00,0.00,1000.2,100,22.7,297
2024-09-04 19:00,26.4,57,27.1,0.00,0.00,1000.6,100,23.7,317
2024-09-04 20:00,24.1,65,24.2,0.00,0.00,1001.1,100,28.4,338
2024-09-04 21:00,22.9,72,23.8,0.00,0.00,1001.1,100,23.7,343
2024-09-04 22:00,22.2,77,23.3,0.00,0.00,1001.2,93,24.2,337
2024-09-04 23:00,21.4,82,22.5,0.00,0.00,1001.2,3,24.4,352
2024-09-05 00:00,20.7,85,21.9,0.00,0.00,1001.2,70,21.7,15
2024-09-05 01:00,20.5,84,21.8,0.00,0.00,1001.2,3,19.6,32
2024-09-05 02:00,20.4,81,21.8,0.00,0.00,1000.9,2,16.2,53
2024-09-05 03:00,21.0,76,21.9,0.00,0.00,1000.7,14,18.7,40
2024-09-05 04:00,20.3,76,20.9,0.00,0.00,1000.6,1,18.0,37
2024-09-05 05:00,19.8,72,20.0,0.00,0.00,1000.4,0,19.1,46
2024-09-05 06:00,19.6,68,19.5,0.00,0.00,1000.4,0,20.3,60
2024-09-05 07:00,20.0,66,19.4,0.00,0.00,1000.4,0,24.5,70
2024-09-05 08:00,21.6,61,21.1,0.00,0.00,1000.7,0,25.9,81
2024-09-05 09:00,23.9,53,23.1,0.00,0.00,1000.7,0,22.6,81
2024-09-05 10:00,25.7,47,24.5,0.00,0.00,1000.7,0,23.3,82
2024-09-05 11:00,27.8,41,26.3,0.00,0.00,1000.7,0,25.4,83
2024-09-05 12:00,29.7,36,28.1,0.00,0.00,1000.4,1,28.1,81
2024-09-05 13:00,30.8,34,29.2,0.00,0.00,1000.0,1,30.6,81
2024-09-05 14:00,31.4,34,29.7,0.00,0.00,999.8,8,33.2,87
2024-09-05 15:00,31.5,32,29.2,0.00,0.00,999.3,12,34.9,82
2024-09-05 16:00,31.4,32,28.4,0.00,0.00,999.2,10,37.8,89
2024-09-05 17:00,30.7,32,27.5,0.00,0.00,999.1,18,38.2,91
2024-09-05 18:00,30.2,32,27.2,0.00,0.00,999.3,8,36.4,90
2024-09-05 19:00,29.1,33,26.3,0.00,0.00,999.4,12,36.0,89
2024-09-05 20:00,27.4,37,24.8,0.00,0.00,1000.0,12,35.8,84
2024-09-05 21:00,26.3,40,23.7,0.00,0.00,1000.4,12,35.9,83
2024-09-05 22:00,25.3,43,23.0,0.00,0.00,1000.6,11,35.3,88
2024-09-05 23:00,24.8,46,22.6,0.00,0.00,1000.9,10,35.3,90
2024-09-06 00:00,24.1,46,22.1,0.00,0.00,1001.1,28,32.1,92
2024-09-06 01:00,23.3,45,21.2,0.00,0.00,1001.4,45,28.9,86
2024-09-06 02:00,22.6,45,20.9,0.00,0.00,1001.4,59,24.3,83
2024-09-06 03:00,21.5,47,19.5,0.00,0.00,1000.7,0,28.4,89
2024-09-06 04:00,20.7,51,18.7,0.00,0.00,1000.8,4,27.6,83
2024-09-06 05:00,20.0,53,18.1,0.00,0.00,1000.9,7,27.3,82
2024-09-06 06:00,19.5,54,17.6,0.00,0.00,1000.8,0,26.3,81
2024-09-06 07:00,19.1,54,17.2,0.00,0.00,1001.3,0,25.1,82
2024-09-06 08:00,20.0,51,18.3,0.00,0.00,1001.5,0,25.4,83
2024-09-06 09:00,21.5,46,19.6,0.00,0.00,1001.5,1,19.2,84
2024-09-06 10:00,23.6,41,21.7,0.00,0.00,1001.5,0,19.1,86
2024-09-06 11:00,25.8,37,23.5,0.00,0.00,1001.3,7,21.6,87
2024-09-06 12:00,27.6,32,25.5,0.00,0.00,1001.2,9,22.7,87
2024-09-06 13:00,29.0,30,26.9,0.00,0.00,1000.9,8,23.4,90
2024-09-06 14:00,29.8,28,27.6,0.00,0.00,1000.8,30,24.3,98
2024-09-06 15:00,30.0,27,27.5,0.00,0.00,1000.6,0,24.9,93
2024-09-06 16:00,29.8,27,27.0,0.00,0.00,1000.5,26,23.6,97
2024-09-06 17:00,29.5,27,26.7,0.00,0.00,1000.4,35,23.4,92
2024-09-06 18:00,28.8,27,25.9,0.00,0.00,1000.5,9,24.2,86
2024-09-06 19:00,27.1,30,24.1,0.00,0.00,1000.5,33,29.7,71
2024-09-06 20:00,25.0,34,22.2,0.00,0.00,1001.0,30,30.7,85
2024-09-06 21:00,23.7,39,21.7,0.00,0.00,1001.7,23,25.2,88
2024-09-06 22:00,22.4,44,20.7,0.00,0.00,1001.7,9,24.5,92
2024-09-06 23:00,21.5,47,20.0,0.00,0.00,1001.6,0,23.5,101
2024-09-07 00:00,20.4,51,19.4,0.00,0.00,1001.8,64,19.2,113
2024-09-07 01:00,19.5,56,18.8,0.00,0.00,1001.7,50,16.9,119
2024-09-07 02:00,18.7,60,18.1,0.00,0.00,1001.6,6,16.1,132
2024-09-07 03:00,17.1,69,16.3,0.00,0.00,1001.6,5,13.6,148
2024-09-07 04:00,16.8,73,16.2,0.00,0.00,1001.5,50,10.1,174
2024-09-07 05:00,16.0,76,15.7,0.00,0.00,1001.5,9,8.0,162
2024-09-07 06:00,15.7,78,15.5,0.00,0.00,1001.5,1,7.4,141
2024-09-07 07:00,16.0,76,15.7,0.00,0.00,1001.9,7,15.2,144
2024-09-07 08:00,17.8,71,17.9,0.00,0.00,1002.2,9,10.6,156
2024-09-07 09:00,20.2,62,20.2,0.00,0.00,1002.4,5,11.0,131
2024-09-07 10:00,22.8,52,22.5,0.00,0.00,1002.5,22,10.4,136
2024-09-07 11:00,25.6,43,25.3,0.00,0.00,1002.4,4,9.7,141
2024-09-07 12:00,27.5,39,27.4,0.00,0.00,1002.2,8,10.0,139
2024-09-07 13:00,28.6,37,28.7,0.00,0.00,1001.9,1,12.8,128
2024-09-07 14:00,29.4,35,29.2,0.00,0.00,1001.3,10,15.8,131
2024-09-07 15:00,30.5,31,29.7,0.00,0.00,1000.8,12,16.6,129
2024-09-07 16:00,30.9,30,29.2,0.00,0.00,1000.3,21,17.9,130
2024-09-07 17:00,30.5,31,28.8,0.00,0.00,999.9,9,19.9,135
2024-09-07 18:00,29.8,33,28.4,0.00,0.00,999.9,10,19.5,142
2024-09-07 19:00,28.1,38,27.5,0.00,0.00,999.8,42,19.5,161
2024-09-07 20:00,25.5,45,25.3,0.00,0.00,999.7,2,18.8,160
2024-09-07 21:00,23.1,56,23.2,0.00,0.00,999.9,0,10.7,135
2024-09-07 22:00,23.0,53,22.8,0.00,0.00,999.5,0,16.0,98
2024-09-07 23:00,22.2,56,22.1,0.00,0.00,999.4,0,17.7,96
2024-09-08 00:00,21.5,58,21.3,0.00,0.00,999.0,0,18.8,94
2024-09-08 01:00,20.0,66,20.0,0.00,0.00,998.7,1,16.5,113
2024-09-08 02:00,19.3,68,19.5,0.00,0.00,998.2,63,15.3,124
2024-09-08 03:00,17.5,80,17.6,0.00,0.00,998.2,70,11.0,131
2024-09-08 04:00,17.1,83,17.4,0.00,0.00,998.3,100,10.5,158
2024-09-08 05:00,16.8,86,17.4,0.00,0.00,998.2,97,7.8,158
2024-09-08 06:00,17.5,83,18.6,0.00,0.00,998.3,0,6.3,204
2024-09-08 07:00,16.0,92,17.1,0.00,0.00,998.1,0,4.3,228
2024-09-08 08:00,18.5,82,19.8,0.00,0.00,998.1,0,6.5,236
2024-09-08 09:00,21.5,69,23.2,0.00,0.00,998.1,83,4.6,231
2024-09-08 10:00,24.0,60,25.5,0.00,0.00,998.1,96,4.9,197
2024-09-08 11:00,26.5,51,27.9,0.00,0.00,998.0,100,5.1,172
2024-09-08 12:00,28.4,44,29.3,0.00,0.00,997.3,100,6.1,152
2024-09-08 13:00,29.2,39,29.5,0.00,0.00,996.9,84,7.6,175
2024-09-08 14:00,30.2,35,30.7,0.00,0.00,996.4,0,8.8,171
2024-09-08 15:00,31.1,33,31.3,0.00,0.00,996.3,36,8.7,187
2024-09-08 16:00,31.1,32,31.1,0.00,0.00,995.5,18,7.2,177
2024-09-08 17:00,30.8,33,30.6,0.00,0.00,995.1,83,8.4,187
2024-09-08 18:00,29.9,39,31.0,0.00,0.00,994.6,100,4.2,239
2024-09-08 19:00,27.5,40,27.1,0.00,0.00,994.5,100,17.9,295
2024-09-08 20:00,26.0,46,25.7,0.00,0.00,994.4,100,17.8,302
2024-09-08 21:00,24.9,51,24.9,0.00,0.00,994.1,100,17.3,301
2024-09-08 22:00,23.1,62,22.0,0.00,0.00,993.8,100,31.8,316
2024-09-08 23:00,20.8,76,21.0,0.10,0.10,993.9,100,21.5,310
2024-09-09 00:00,19.4,86,19.2,0.40,0.40,992.4,100,29.9,329
2024-09-09 01:00,18.6,87,18.8,0.30,0.30,992.4,100,24.2,311
2024-09-09 02:00,18.5,92,19.5,0.90,0.90,992.2,100,18.1,316
2024-09-09 03:00,17.6,92,18.3,1.70,1.70,991.4,100,19.2,320
2024-09-09 04:00,17.8,93,19.4,3.50,3.50,991.9,100,8.1,283
2024-09-09 05:00,17.6,94,18.7,3.60,3.60,991.3,100,15.0,291
2024-09-09 06:00,17.2,95,17.7,3.00,3.00,991.2,100,19.9,283
2024-09-09 07:00,17.1,94,17.6,2.20,2.20,990.8,100,19.0,285
2024-09-09 08:00,16.9,93,16.8,0.50,0.50,990.8,100,24.2,265
2024-09-09 09:00,16.6,92,16.0,1.10,1.10,990.8,100,28.6,256
2024-09-09 10:00,16.8,92,16.3,1.20,1.20,990.4,100,26.6,261
2024-09-09 11:00,17.2,90,17.0,0.50,0.50,990.8,100,24.2,255
2024-09-09 12:00,18.0,84,17.8,0.30,0.30,990.4,100,21.7,251
2024-09-09 13:00,19.3,71,18.3,0.10,0.10,990.5,100,22.8,254
2024-09-09 14:00,21.4,54,19.4,0.00,0.00,990.3,89,23.6,263
2024-09-09 15:00,21.0,58,19.7,0.00,0.00,990.4,100,20.2,271
2024-09-09 16:00,21.5,55,20.4,0.00,0.00,990.7,79,16.6,265
2024-09-09 17:00,20.9,56,19.4,0.00,0.00,991.0,100,18.5,246
2024-09-09 18:00,18.2,73,16.9,0.10,0.10,991.6,100,23.8,245
2024-09-09 19:00,17.6,77,17.3,0.10,0.10,991.4,26,14.7,248
2024-09-09 20:00,17.0,83,16.8,0.10,0.10,992.2,100,19.3,256
2024-09-09 21:00,16.8,83,16.5,0.00,0.00,992.6,63,18.4,270
2024-09-09 22:00,15.8,88,15.9,0.10,0.10,993.0,84,15.4,254
2024-09-09 23:00,15.6,89,15.4,0.00,0.00,993.5,60,18.9,252
2024-09-10 00:00,15.4,90,15.0,0.00,0.00,993.9,100,20.8,256
2024-09-10 01:00,15.6,89,15.1,0.00,0.00,994.3,71,21.7,258
2024-09-10 02:00,15.2,91,14.6,0.00,0.00,994.4,49,24.3,264
2024-09-10 03:00,14.7,93,14.3,0.00,0.00,995.1,86,22.1,263
2024-09-10 04:00,14.8,94,14.5,0.00,0.00,995.4,33,21.0,263
2024-09-10 05:00,14.8,91,14.2,1.00,1.00,995.9,100,23.0,271
2024-09-10 06:00,15.1,92,14.4,1.00,1.00,996.4,100,22.8,301
2024-09-10 07:00,14.4,91,13.0,0.80,0.80,997.4,100,27.5,307
2024-09-10 08:00,14.1,87,12.5,0.30,0.30,998.1,62,26.7,307
2024-09-10 09:00,14.6,80,12.8,0.00,0.00,998.7,58,22.3,304
2024-09-10 10:00,15.8,67,13.6,0.00,0.00,999.0,27,19.5,293
2024-09-10 11:00,16.9,57,14.4,0.00,0.00,999.1,59,18.8,277
2024-09-10 12:00,17.8,52,14.9,0.00,0.00,998.7,100,21.4,263
2024-09-10 13:00,17.9,52,14.7,0.00,0.00,998.5,86,25.1,254
2024-09-10 14:00,18.0,51,14.5,0.00,0.00,998.6,100,27.8,260
2024-09-10 15:00,17.1,59,14.2,0.00,0.00,998.9,100,26.0,248
2024-09-10 16:00,18.0,57,15.0,0.00,0.00,998.5,62,28.4,246
2024-09-10 17:00,18.8,51,15.6,0.00,0.00,998.0,61,28.8,244
2024-09-10 18:00,18.9,49,15.3,0.00,0.00,997.7,97,32.2,243
2024-09-10 19:00,18.5,52,15.7,0.00,0.00,997.3,100,27.0,239
2024-09-10 20:00,17.5,56,15.2,0.00,0.00,997.0,58,24.2,229
2024-09-10 21:00,16.9,61,14.7,0.00,0.00,996.7,94,25.5,216
2024-09-10 22:00,17.0,62,14.7,0.00,0.00,996.2,100,27.2,217
2024-09-10 23:00,17.2,60,14.7,0.00,0.00,995.9,100,27.8,227
2024-09-11 00:00,17.0,60,14.5,0.00,0.00,995.5,99,27.2,233
2024-09-11 01:00,16.8,60,14.3,0.00,0.00,994.9,97,27.2,227
2024-09-11 02:00,16.2,63,13.4,0.00,0.00,994.4,100,30.2,219
2024-09-11 03:00,15.3,73,12.9,0.50,0.50,993.8,100,29.2,210
2024-09-11 04:00,15.4,70,12.5,0.00,0.00,993.3,100,33.0,212
2024-09-11 05:00,15.5,70,12.6,0.00,0.00,992.6,100,32.9,209
2024-09-11 06:00,15.6,70,12.7,0.00,0.00,991.9,100,33.5,207
2024-09-11 07:00,15.4,71,12.6,0.00,0.00,991.1,100,33.2,203
2024-09-11 08:00,15.8,70,13.0,0.00,0.00,990.8,100,30.9,206
2024-09-11 09:00,16.0,70,13.9,0.00,0.00,990.4,100,24.1,197
2024-09-11 10:00,15.9,72,14.0,0.10,0.10,990.8,100,24.1,207
2024-09-11 11:00,15.6,76,12.8,0.30,0.30,991.3,100,35.8,238
2024-09-11 12:00,15.7,76,13.4,0.10,0.10,991.7,100,28.6,253
2024-09-11 13:00,15.3,74,13.8,0.00,0.00,992.3,100,16.5,290
2024-09-11 14:00,15.4,70,13.9,0.10,0.10,993.0,100,12.6,275
2024-09-11 15:00,14.8,58,11.6,0.00,0.00,994.1,100,22.4,255
2024-09-11 16:00,15.6,52,12.5,0.00,0.00,994.3,100,20.8,260
2024-09-11 17:00,16.0,50,12.8,0.00,0.00,994.5,100,20.8,252
2024-09-11 18:00,15.6,52,12.4,0.00,0.00,994.8,100,21.7,251
2024-09-11 19:00,14.8,56,12.2,0.00,0.00,994.8,100,18.2,245
2024-09-11 20:00,13.9,58,11.7,0.00,0.00,995.3,100,17.3,249
2024-09-11 21:00,13.6,59,11.3,0.00,0.00,996.0,100,16.9,250
2024-09-11 22:00,12.9,62,10.7,0.00,0.00,996.1,100,17.8,249
2024-09-11 23:00,12.4,63,9.8,0.00,0.00,996.3,99,20.5,268
2024-09-12 00:00,11.6,65,9.0,0.00,0.00,996.9,99,20.2,270
2024-09-12 01:00,10.7,68,8.2,0.00,0.00,996.9,99,19.5,266
2024-09-12 02:00,9.9,72,7.6,0.00,0.00,997.4,73,18.1,264
2024-09-12 03:00,8.9,80,6.7,0.00,0.00,998.0,14,19.3,246
2024-09-12 04:00,8.4,82,6.3,0.00,0.00,998.3,4,17.4,246
2024-09-12 05:00,8.0,84,5.8,0.00,0.00,998.7,0,19.4,248
2024-09-12 06:00,7.7,83,5.4,0.00,0.00,999.2,12,19.0,251
2024-09-12 07:00,7.0,86,4.9,0.00,0.00,999.8,0,16.5,250
2024-09-12 08:00,8.8,78,6.5,0.00,0.00,1000.2,0,16.0,256
2024-09-12 09:00,10.6,69,8.4,0.00,0.00,1000.2,0,11.4,242
2024-09-12 10:00,12.4,62,9.9,0.00,0.00,1000.4,0,12.6,243
2024-09-12 11:00,13.8,52,10.6,0.00,0.00,1000.4,26,15.7,254
2024-09-12 12:00,14.5,47,11.2,0.00,0.00,1000.3,54,15.7,254
2024-09-12 13:00,15.3,43,12.3,0.00,0.00,1000.3,38,15.0,249
2024-09-12 14:00,15.8,40,12.7,0.00,0.00,1000.3,63,14.4,248
2024-09-12 15:00,15.2,50,12.8,0.20,0.20,1001.0,74,10.1,253
2024-09-12 16:00,15.2,48,12.7,0.00,0.00,1001.2,100,11.3,248
2024-09-12 17:00,14.9,48,12.5,0.00,0.00,1001.2,100,9.4,238
2024-09-12 18:00,14.2,50,11.7,0.00,0.00,1001.5,100,10.7,250
2024-09-12 19:00,13.5,56,11.7,0.00,0.00,1001.6,100,8.7,265
2024-09-12 20:00,11.8,66,9.9,0.00,0.00,1001.9,100,8.2,247
2024-09-12 21:00,11.1,69,9.2,0.00,0.00,1002.3,100,13.8,250
2024-09-12 22:00,10.8,71,8.8,0.00,0.00,1002.4,100,14.0,288
2024-09-12 23:00,10.2,74,8.3,0.00,0.00,1002.7,100,15.1,342
2024-09-13 00:00,10.1,73,7.8,0.00,0.00,1003.0,100,19.0,350
2024-09-13 01:00,9.9,74,7.6,0.00,0.00,1003.2,100,18.9,342
2024-09-13 02:00,9.6,76,7.2,0.00,0.00,1003.4,100,19.5,341
2024-09-13 03:00,8.4,78,5.7,0.00,0.00,1003.8,100,22.7,337
2024-09-13 04:00,8.2,80,5.4,0.00,0.00,1003.9,100,22.7,337
2024-09-13 05:00,8.0,81,5.1,0.00,0.00,1004.2,100,24.2,335
2024-09-13 06:00,8.0,82,5.1,0.00,0.00,1004.7,100,24.0,336
2024-09-13 07:00,7.9,83,5.1,0.00,0.00,1005.3,100,23.6,329
2024-09-13 08:00,8.8,81,6.1,0.00,0.00,1005.8,100,27.9,331
2024-09-13 09:00,10.0,76,7.0,0.00,0.00,1006.1,100,21.1,330
2024-09-13 10:00,11.2,72,8.2,0.00,0.00,1006.1,100,20.9,331
2024-09-13 11:00,12.2,68,9.2,0.00,0.00,1006.7,100,20.8,332
2024-09-13 12:00,13.2,63,9.8,0.10,0.10,1006.9,100,23.9,344
2024-09-13 13:00,13.8,57,10.1,0.00,0.00,1006.9,100,25.4,348
2024-09-13 14:00,14.4,53,10.5,0.00,0.00,1006.9,100,25.8,345
2024-09-13 15:00,14.1,51,9.6,0.00,0.00,1007.1,100,31.4,347
2024-09-13 16:00,14.4,50,9.5,0.00,0.00,1007.0,100,34.5,349
2024-09-13 17:00,13.6,61,9.6,0.10,0.10,1007.0,100,30.9,343
2024-09-13 18:00,12.4,73,9.0,0.20,0.20,1007.7,100,30.9,343
2024-09-13 19:00,12.2,77,8.8,0.30,0.30,1008.1,100,34.7,347
2024-09-13 20:00,12.1,74,8.6,0.20,0.20,1008.7,100,34.2,348
2024-09-13 21:00,12.1,67,8.1,0.10,0.10,1008.9,100,35.2,349
2024-09-13 22:00,12.1,63,8.2,0.00,0.00,1009.2,100,33.3,344
2024-09-13 23:00,12.2,61,8.1,0.00,0.00,1009.5,100,34.0,342
2024-09-14 00:00,12.1,62,7.8,0.00,0.00,1009.6,100,35.6,340
2024-09-14 01:00,11.9,64,7.5,0.00,0.00,1009.8,100,36.0,338
2024-09-14 02:00,11.6,66,7.1,0.00,0.00,1009.8,100,38.7,336
2024-09-14 03:00,11.1,71,6.8,0.00,0.00,1010.2,100,37.1,337
2024-09-14 04:00,10.9,72,6.7,0.00,0.00,1010.4,100,36.8,340
2024-09-14 05:00,10.9,73,6.6,0.00,0.00,1010.7,100,36.7,340
2024-09-14 06:00,10.8,73,6.5,0.00,0.00,1010.8,100,36.7,340
2024-09-14 07:00,10.4,73,6.2,0.00,0.00,1011.1,100,35.5,337
2024-09-14 08:00,10.5,72,6.5,0.00,0.00,1011.6,100,32.8,329
2024-09-14 09:00,10.6,71,6.2,0.00,0.00,1011.8,83,35.5,330
2024-09-14 10:00,11.9,65,7.1,0.00,0.00,1011.9,61,37.8,333
2024-09-14 11:00,13.5,57,8.1,0.00,0.00,1012.1,100,42.5,349
2024-09-14 12:00,14.2,54,9.0,0.00,0.00,1012.3,100,39.1,350
2024-09-14 13:00,15.1,50,10.1,0.00,0.00,1012.3,99,36.0,346
2024-09-14 14:00,15.6,48,10.4,0.00,0.00,1012.5,100,38.1,342
2024-09-14 15:00,14.9,56,9.7,0.00,0.00,1012.8,100,41.8,341
2024-09-14 16:00,15.1,51,9.7,0.00,0.00,1012.7,100,42.3,344
2024-09-14 17:00,15.4,47,9.9,0.00,0.00,1012.5,91,41.9,342
2024-09-14 18:00,15.1,47,9.7,0.00,0.00,1012.6,76,41.0,343
2024-09-14 19:00,14.3,49,9.9,0.00,0.00,1012.8,16,32.6,342
2024-09-14 20:00,13.1,53,9.2,0.00,0.00,1013.4,12,29.7,346
2024-09-14 21:00,12.4,57,8.5,0.00,0.00,1013.7,4,30.7,346
2024-09-14 22:00,11.8,60,7.7,0.00,0.00,1013.5,1,32.7,343
2024-09-14 23:00,11.1,63,7.3,0.00,0.00,1013.5,0,30.1,345
2024-09-15 00:00,10.4,66,6.8,0.00,0.00,1013.9,0,28.0,340
2024-09-15 01:00,9.7,70,6.2,0.00,0.00,1013.8,1,28.4,330
2024-09-15 02:00,9.4,71,5.9,0.00,0.00,1013.6,9,28.6,329
2024-09-15 03:00,8.5,76,5.0,0.00,0.00,1013.5,5,29.2,331
2024-09-15 04:00,8.1,79,4.7,0.00,0.00,1013.2,3,29.4,327
2024-09-15 05:00,7.9,81,4.2,0.00,0.00,1012.7,0,31.9,323
2024-09-15 06:00,7.8,82,4.3,0.00,0.00,1012.4,5,30.1,326
2024-09-15 07:00,7.6,84,4.3,0.00,0.00,1012.5,13,28.0,328
2024-09-15 08:00,8.6,80,5.3,0.00,0.00,1012.2,8,32.8,327
2024-09-15 09:00,10.1,75,6.6,0.00,0.00,1012.2,2,27.6,320
2024-09-15 10:00,12.1,70,8.5,0.00,0.00,1012.1,2,28.0,328
2024-09-15 11:00,13.8,64,10.1,0.00,0.00,1012.0,2,28.8,340
2024-09-15 12:00,15.4,52,10.8,0.00,0.00,1011.4,16,34.7,350
2024-09-15 13:00,16.3,50,12.2,0.00,0.00,1010.9,6,32.5,345
2024-09-15 14:00,17.1,47,13.1,0.00,0.00,1010.1,2,32.2,340
2024-09-15 15:00,16.6,49,12.5,0.00,0.00,1010.0,10,32.5,339
2024-09-15 16:00,17.0,49,13.0,0.00,0.00,1009.8,63,29.4,343
2024-09-15 17:00,17.0,47,12.8,0.00,0.00,1009.8,98,31.4,351
2024-09-15 18:00,16.5,50,12.6,0.00,0.00,1009.4,100,30.2,340
2024-09-15 19:00,15.8,53,12.4,0.00,0.00,1009.5,93,26.7,346
2024-09-15 20:00,14.9,56,11.6,0.00,0.00,1009.8,98,27.1,343
2024-09-15 21:00,13.7,65,10.6,0.20,0.20,1010.2,100,27.8,343
2024-09-15 22:00,12.1,84,9.7,0.90,0.90,1010.0,100,29.5,344
2024-09-15 23:00,11.9,86,9.5,1.10,1.10,1009.9,100,27.7,344
2024-09-16 00:00,11.6,83,9.1,0.50,0.50,1009.4,100,27.9,335
2024-09-16 01:00,11.6,81,8.9,0.20,0.20,1009.3,100,27.0,333
2024-09-16 02:00,11.4,82,8.4,0.30,0.30,1008.8,100,30.4,333
2024-09-16 03:00,11.0,82,8.2,0.10,0.10,1008.9,100,28.0,334
2024-09-16 04:00,10.6,87,7.6,0.60,0.60,1008.8,100,30.6,330
2024-09-16 05:00,10.4,88,7.4,0.60,0.60,1008.6,100,32.7,333
2024-09-16 06:00,10.8,85,7.3,0.20,0.20,1007.9,100,35.3,337
2024-09-16 07:00,11.1,83,7.8,0.00,0.00,1007.8,100,33.6,343
2024-09-16 08:00,11.5,81,8.2,0.00,0.00,1008.1,100,33.2,347
2024-09-16 09:00,11.8,80,8.4,0.20,0.20,1008.1,100,33.2,342
2024-09-16 10:00,11.9,80,8.3,0.40,0.40,1008.2,100,37.1,344
2024-09-16 11:00,12.7,78,9.2,0.40,0.40,1008.0,100,36.7,344
2024-09-16 12:00,12.8,86,9.8,1.10,1.10,1007.9,100,35.5,345
2024-09-16 13:00,12.8,86,10.0,0.90,0.90,1008.0,100,34.1,349
2024-09-16 14:00,13.6,83,10.7,0.10,0.10,1008.2,100,34.9,349
2024-09-16 15:00,14.1,83,11.3,0.00,0.00,1008.9,100,33.8,339
2024-09-16 16:00,14.7,77,11.8,0.00,0.00,1008.7,100,32.8,339
2024-09-16 17:00,15.1,69,12.3,0.00,0.00,1009.2,100,28.9,339
2024-09-16 18:00,15.6,64,12.6,0.00,0.00,1009.1,100,30.6,342
2024-09-16 19:00,15.6,65,13.0,0.00,0.00,1009.4,100,29.3,346
2024-09-16 20:00,16.1,65,13.5,0.00,0.00,1009.8,100,30.0,356
2024-09-16 21:00,16.1,64,13.2,0.00,0.00,1010.1,100,32.1,356
2024-09-16 22:00,15.9,67,12.9,0.00,0.00,1010.1,100,33.0,352
2024-09-16 23:00,15.6,75,13.1,0.00,0.00,1010.4,100,32.5,355
2024-09-17 00:00,15.4,82,13.4,0.00,0.00,1010.4,100,31.4,356
2024-09-17 01:00,15.2,86,13.4,0.00,0.00,1010.3,100,31.5,355
2024-09-17 02:00,15.1,89,13.6,0.00,0.00,1010.5,100,29.7,354
2024-09-17 03:00,14.9,89,13.3,0.00,0.00,1011.3,100,30.4,350
2024-09-17 04:00,14.8,91,13.5,0.00,0.00,1011.4,100,27.2,354
2024-09-17 05:00,14.9,92,13.7,0.00,0.00,1011.7,100,26.3,356
2024-09-17 06:00,14.8,94,13.7,0.00,0.00,1012.1,100,26.7,355
2024-09-17 07:00,14.9,94,13.7,0.00,0.00,1012.5,100,27.4,356
2024-09-17 08:00,15.0,94,13.7,0.00,0.00,1013.1,100,27.7,9
2024-09-17 09:00,15.5,90,14.3,0.00,0.00,1013.6,100,25.2,17
2024-09-17 10:00,16.9,82,15.6,0.00,0.00,1013.9,65,24.7,23
2024-09-17 11:00,19.0,71,17.8,0.00,0.00,1014.1,12,22.1,22
2024-09-17 12:00,20.5,67,19.4,0.00,0.00,1014.0,2,22.4,15
2024-09-17 13:00,21.9,63,21.3,0.00,0.00,1013.6,0,22.7,15
2024-09-17 14:00,23.4,56,22.6,0.00,0.00,1013.4,1,23.9,21
2024-09-17 15:00,22.5,59,21.3,0.00,0.00,1013.9,6,25.8,28
2024-09-17 16:00,23.3,54,21.8,0.00,0.00,1013.4,0,25.5,40
2024-09-17 17:00,23.2,54,21.9,0.00,0.00,1013.2,0,25.5,44
2024-09-17 18:00,22.6,56,21.6,0.00,0.00,1013.3,0,25.3,41
2024-09-17 19:00,21.1,61,20.1,0.00,0.00,1013.3,0,27.4,38
2024-09-17 20:00,19.5,68,18.8,0.00,0.00,1013.8,0,26.8,42
2024-09-17 21:00,18.4,74,17.9,0.00,0.00,1014.2,0,25.5,42
2024-09-17 22:00,17.5,79,17.1,0.00,0.00,1014.5,0,25.7,37
2024-09-17 23:00,17.0,85,16.7,0.00,0.00,1014.9,0,26.2,43
2024-09-18 00:00,16.6,91,16.5,0.00,0.00,1015.1,0,26.0,47
2024-09-18 01:00,16.0,93,16.1,0.00,0.00,1015.0,0,23.5,49
2024-09-18 02:00,15.4,94,15.5,0.00,0.00,1015.1,0,21.6,46
2024-09-18 03:00,14.9,96,14.6,0.00,0.00,1015.6,0,22.1,26
2024-09-18 04:00,14.4,96,14.0,0.00,0.00,1015.5,0,22.4,26
2024-09-18 05:00,14.1,96,13.8,0.00,0.00,1015.2,0,21.1,30
2024-09-18 06:00,13.7,96,13.4,0.00,0.00,1015.2,0,18.2,27
2024-09-18 07:00,13.4,96,13.0,0.00,0.00,1015.5,0,17.9,22
2024-09-18 08:00,14.2,95,14.0,0.00,0.00,1016.0,0,15.9,28
2024-09-18 09:00,15.9,88,16.0,0.00,0.00,1016.4,1,12.8,22
2024-09-18 10:00,17.6,81,17.8,0.00,0.00,1016.7,4,11.8,31
2024-09-18 11:00,19.6,73,19.7,0.00,0.00,1016.5,1,13.6,40
2024-09-18 12:00,21.6,65,21.7,0.00,0.00,1016.2,8,14.8,45
2024-09-18 13:00,23.3,57,23.2,0.00,0.00,1015.8,14,17.6,55
2024-09-18 14:00,24.4,50,23.6,0.00,0.00,1015.5,0,20.5,62
2024-09-18 15:00,23.6,57,22.9,0.00,0.00,1015.5,53,21.9,44
2024-09-18 16:00,24.0,49,22.4,0.00,0.00,1014.9,67,24.8,64
2024-09-18 17:00,23.8,49,22.0,0.00,0.00,1014.5,19,25.6,64
2024-09-18 18:00,23.0,51,21.8,0.00,0.00,1014.4,54,23.7,68
2024-09-18 19:00,21.5,58,20.8,0.10,0.10,1014.5,36,22.8,55
2024-09-18 20:00,20.4,64,19.2,0.00,0.00,1014.9,59,29.3,56
2024-09-18 21:00,19.5,68,18.7,0.00,0.00,1015.3,26,27.6,59
2024-09-18 22:00,18.6,74,18.1,0.00,0.00,1015.0,8,26.1,57
2024-09-18 23:00,17.9,78,17.5,0.00,0.00,1014.9,1,26.0,59
2024-09-19 00:00,17.4,80,16.8,0.00,0.00,1014.9,0,26.4,58
2024-09-19 01:00,16.8,81,16.2,0.00,0.00,1014.6,0,25.4,58
2024-09-19 02:00,16.0,83,15.6,0.00,0.00,1014.4,0,23.1,59
2024-09-19 03:00,15.9,89,15.8,0.00,0.00,1014.2,3,23.1,56
2024-09-19 04:00,15.2,91,15.1,0.00,0.00,1013.9,0,22.3,56
2024-09-19 05:00,14.7,93,14.6,0.00,0.00,1013.7,1,20.6,47
2024-09-19 06:00,14.3,94,14.1,0.00,0.00,1013.6,1,20.4,42
2024-09-19 07:00,14.0,95,13.7,0.00,0.00,1013.8,2,20.6,47
2024-09-19 08:00,14.8,93,14.4,0.00,0.00,1013.7,99,19.6,41
2024-09-19 09:00,16.3,86,16.2,0.00,0.00,1013.9,88,16.1,42
2024-09-19 10:00,17.8,78,17.4,0.00,0.00,1014.1,14,16.5,58
2024-09-19 11:00,19.5,69,18.9,0.00,0.00,1014.0,1,17.2,64
2024-09-19 12:00,21.5,59,20.5,0.00,0.00,1013.7,0,18.7,67
2024-09-19 13:00,22.5,54,21.2,0.00,0.00,1013.0,2,22.7,67
2024-09-19 14:00,23.0,48,21.1,0.00,0.00,1012.6,4,26.6,71
2024-09-19 15:00,22.5,53,20.6,0.00,0.00,1012.4,6,25.5,59
2024-09-19 16:00,22.5,47,19.7,0.00,0.00,1011.9,67,28.9,69
2024-09-19 17:00,21.2,52,18.9,0.20,0.20,1011.8,19,28.1,67
2024-09-19 18:00,20.7,50,18.1,0.00,0.00,1011.6,1,29.3,74
2024-09-19 19:00,19.3,55,17.2,0.00,0.00,1011.5,4,27.1,73
2024-09-19 20:00,18.2,59,16.1,0.00,0.00,1011.8,3,27.6,78
2024-09-19 21:00,17.4,63,15.3,0.00,0.00,1012.3,5,28.4,82
2024-09-19 22:00,16.9,66,14.7,0.00,0.00,1012.4,7,29.6,85
2024-09-19 23:00,16.3,69,14.2,0.00,0.00,1012.7,14,28.8,91
2024-09-20 00:00,16.1,70,14.4,0.00,0.00,1012.7,9,25.9,89
2024-09-20 01:00,15.5,74,14.0,0.00,0.00,1012.4,6,24.9,80
2024-09-20 02:00,15.2,76,13.7,0.00,0.00,1012.2,2,25.4,78
2024-09-20 03:00,14.9,78,13.8,0.00,0.00,1012.2,5,23.7,81
2024-09-20 04:00,14.4,79,13.3,0.00,0.00,1012.1,14,22.8,78
2024-09-20 05:00,14.1,80,12.9,0.00,0.00,1012.1,14,22.4,75
2024-09-20 06:00,13.6,81,12.3,0.00,0.00,1012.2,7,22.4,75
2024-09-20 07:00,13.1,82,11.9,0.00,0.00,1012.3,1,21.9,76
2024-09-20 08:00,13.8,79,12.3,0.00,0.00,1012.5,1,21.0,78
2024-09-20 09:00,15.2,73,13.9,0.00,0.00,1012.9,0,16.5,80
2024-09-20 10:00,16.8,67,15.4,0.00,0.00,1013.1,0,14.9,83
2024-09-20 11:00,18.4,61,17.0,0.00,0.00,1013.1,0,16.0,81
2024-09-20 12:00,19.9,56,18.3,0.00,0.00,1013.0,0,16.7,84
2024-09-20 13:00,21.0,52,19.6,0.00,0.00,1012.6,0,17.4,84
2024-09-20 14:00,21.7,51,20.3,0.00,0.00,1012.4,1,18.9,82
2024-09-20 15:00,21.9,48,20.1,0.00,0.00,1012.4,11,18.8,86
2024-09-20 16:00,21.9,48,20.1,0.00,0.00,1012.0,0,18.4,91
2024-09-20 17:00,21.5,50,19.8,0.00,0.00,1011.9,8,19.1,90
2024-09-20 18:00,20.8,53,19.1,0.00,0.00,1012.0,16,21.5,80
2024-09-20 19:00,19.2,56,17.5,0.00,0.00,1011.9,20,24.4,74
2024-09-20 20:00,18.1,56,16.0,0.00,0.00,1012.0,4,26.8,79
2024-09-20 21:00,17.3,55,15.0,0.00,0.00,1012.1,4,27.0,92
2024-09-20 22:00,16.3,60,14.4,0.00,0.00,1012.1,0,23.8,93
2024-09-20 23:00,15.4,66,13.7,0.00,0.00,1012.1,0,22.8,95
2024-09-21 00:00,14.6,71,13.2,0.00,0.00,1012.3,8,21.0,97
2024-09-21 01:00,13.9,76,12.7,0.00,0.00,1012.1,3,20.0,104
2024-09-21 02:00,13.3,81,12.2,0.00,0.00,1012.0,0,18.9,108
2024-09-21 03:00,12.4,86,11.5,0.00,0.00,1011.6,22,16.9,114
2024-09-21 04:00,12.1,89,11.2,0.00,0.00,1011.4,8,17.7,110
2024-09-21 05:00,11.7,91,10.9,0.00,0.00,1011.4,0,17.5,109
2024-09-21 06:00,11.4,92,10.6,0.00,0.00,1011.3,0,17.4,103
2024-09-21 07:00,11.2,93,10.2,0.00,0.00,1011.2,0,18.1,97
2024-09-21 08:00,12.2,89,11.1,0.00,0.00,1011.3,0,17.7,94
2024-09-21 09:00,14.2,81,13.7,0.00,0.00,1011.5,0,16.0,98
2024-09-21 10:00,16.6,71,16.1,0.00,0.00,1011.6,0,9.5,99
2024-09-21 11:00,19.0,62,18.4,0.00,0.00,1011.3,0,11.0,101
2024-09-21 12:00,20.9,54,19.8,0.00,0.00,1010.8,0,13.8,105
2024-09-21 13:00,22.1,51,21.4,0.00,0.00,1010.1,11,13.8,110
2024-09-21 14:00,22.9,49,22.0,0.00,0.00,1009.7,0,15.5,115
2024-09-21 15:00,23.4,44,21.7,0.00,0.00,1009.1,0,17.3,111
2024-09-21 16:00,23.5,44,21.7,0.00,0.00,1008.7,0,18.2,108
2024-09-21 17:00,23.1,44,21.3,0.00,0.00,1008.4,0,18.9,111
2024-09-21 18:00,22.0,46,20.6,0.00,0.00,1008.3,0,19.2,103
2024-09-21 19:00,19.8,48,18.0,0.00,0.00,1008.2,1,22.9,97
2024-09-21 20:00,18.5,48,16.1,0.00,0.00,1008.2,1,26.8,107
2024-09-21 21:00,17.2,50,15.0,0.00,0.00,1008.4,2,24.1,117
2024-09-21 22:00,15.8,56,13.9,0.00,0.00,1008.3,3,20.3,123
2024-09-21 23:00,14.1,65,12.5,0.00,0.00,1008.1,2,17.9,128
2024-09-22 00:00,13.0,73,11.3,0.00,0.00,1008.1,3,15.6,130
2024-09-22 01:00,12.2,77,10.6,0.00,0.00,1008.0,3,13.9,127
2024-09-22 02:00,11.4,81,9.9,0.00,0.00,1007.7,1,12.2,124
2024-09-22 03:00,10.6,84,8.9,0.00,0.00,1007.4,1,8.7,120
2024-09-22 04:00,9.9,88,8.3,0.00,0.00,1007.0,0,8.3,108
2024-09-22 05:00,9.4,91,7.8,0.00,0.00,1006.5,0,9.4,122
2024-09-22 06:00,10.4,87,9.1,0.00,0.00,1006.2,0,7.3,147
2024-09-22 07:00,10.6,87,9.7,0.00,0.00,1005.9,0,5.2,155
2024-09-22 08:00,10.6,89,10.1,0.00,0.00,1005.7,0,3.7,169
2024-09-22 09:00,13.2,80,13.1,0.00,0.00,1006.0,0,2.2,180
2024-09-22 10:00,15.9,71,16.1,0.00,0.00,1005.8,0,0.5,135
2024-09-22 11:00,18.5,63,18.7,0.00,0.00,1005.5,0,2.9,97
2024-09-22 12:00,20.6,57,20.6,0.00,0.00,1005.2,0,4.6,108
2024-09-22 13:00,22.1,52,22.5,0.00,0.00,1004.8,37,4.9,126
2024-09-22 14:00,23.2,47,23.3,0.00,0.00,1004.1,82,5.1,135
2024-09-22 15:00,24.0,43,23.6,0.00,0.00,1003.3,4,4.7,94
2024-09-22 16:00,24.0,42,23.6,0.00,0.00,1002.8,7,5.2,102
2024-09-22 17:00,23.7,44,23.4,0.00,0.00,1002.5,0,5.6,117
2024-09-22 18:00,22.2,67,23.7,0.00,0.00,1002.1,46,6.2,126
2024-09-22 19:00,19.4,64,19.1,0.00,0.00,1001.8,93,8.6,112
2024-09-22 20:00,16.9,73,16.1,0.00,0.00,1001.6,100,13.4,104
2024-09-22 21:00,16.5,72,15.9,0.00,0.00,1001.6,100,17.7,107
2024-09-22 22:00,15.9,74,15.4,0.00,0.00,1001.4,95,18.7,118
2024-09-22 23:00,14.6,82,14.0,0.00,0.00,1001.2,86,15.8,139
2024-09-23 00:00,14.0,88,13.4,0.00,0.00,1000.9,100,12.1,157
2024-09-23 01:00,14.0,88,13.5,0.00,0.00,1000.5,100,10.3,168
2024-09-23 02:00,14.0,88,13.6,0.00,0.00,1000.2,100,9.0,178
2024-09-23 03:00,13.2,89,12.6,0.00,0.00,999.7,100,8.7,210
2024-09-23 04:00,13.2,87,12.6,0.00,0.00,999.3,100,7.5,215
2024-09-23 05:00,13.9,84,13.7,0.00,0.00,999.0,100,6.3,204
2024-09-23 06:00,11.4,94,10.4,0.00,0.00,998.8,97,7.2,183
2024-09-23 07:00,11.3,96,10.4,0.00,0.00,998.5,83,9.7,184
2024-09-23 08:00,12.9,95,12.7,0.00,0.00,998.5,63,10.5,164
2024-09-23 09:00,15.1,87,15.2,0.00,0.00,998.6,100,12.3,185
2024-09-23 10:00,17.8,76,18.5,0.00,0.00,998.6,73,6.7,196
2024-09-23 11:00,20.4,65,21.0,0.00,0.00,998.5,55,5.4,200
2024-09-23 12:00,22.3,57,22.9,0.00,0.00,998.2,41,4.9,197
2024-09-23 13:00,23.6,51,23.9,0.00,0.00,997.7,78,7.8,202
2024-09-23 14:00,24.2,45,23.7,0.00,0.00,997.4,92,10.1,207
2024-09-23 15:00,24.6,41,23.7,0.00,0.00,997.1,87,11.2,220
2024-09-23 16:00,24.8,40,23.8,0.00,0.00,996.6,99,9.2,225
2024-09-23 17:00,24.2,44,24.1,0.00,0.00,996.1,100,7.0,235
2024-09-23 18:00,22.6,58,23.2,0.00,0.00,995.7,100,8.9,291
2024-09-23 19:00,21.0,53,20.3,0.00,0.00,995.8,100,17.0,266
2024-09-23 20:00,19.9,62,19.2,0.00,0.00,996.1,100,20.6,265
2024-09-23 21:00,18.5,71,18.1,0.00,0.00,996.1,100,20.8,261
2024-09-23 22:00,17.6,78,17.4,0.00,0.00,996.0,98,21.6,268
2024-09-23 23:00,16.8,84,17.0,0.00,0.00,995.7,100,17.8,278
2024-09-24 00:00,16.4,87,17.0,0.00,0.00,995.7,100,14.8,266
2024-09-24 01:00,16.6,85,17.1,0.00,0.00,995.5,100,14.2,249
2024-09-24 02:00,16.4,86,16.4,0.00,0.00,995.6,100,18.1,229
2024-09-24 03:00,15.6,94,16.8,1.20,1.20,995.1,100,9.5,233
2024-09-24 04:00,15.4,95,16.1,0.90,0.90,994.5,100,12.5,224
2024-09-24 05:00,15.4,95,15.8,1.70,1.70,994.1,100,17.0,275
2024-09-24 06:00,15.3,94,15.9,2.30,2.30,993.8,100,14.2,263
2024-09-24 07:00,15.2,94,15.3,2.60,2.60,993.3,100,17.6,247
2024-09-24 08:00,15.1,94,14.9,3.50,3.50,993.4,100,20.3,257
2024-09-24 09:00,15.1,94,14.9,2.80,2.80,993.3,100,21.1,261
2024-09-24 10:00,15.1,93,14.6,2.80,2.80,993.5,100,22.9,251
2024-09-24 11:00,15.1,93,14.8,2.40,2.40,993.6,100,19.6,244
2024-09-24 12:00,15.6,91,15.2,1.00,1.00,993.5,100,20.6,241
2024-09-24 13:00,16.1,82,15.3,0.30,0.30,993.4,100,20.0,232
2024-09-24 14:00,17.6,75,16.7,0.00,0.00,993.1,84,19.4,222
2024-09-24 15:00,18.5,70,17.2,0.10,0.10,993.1,97,21.7,220
2024-09-24 16:00,16.6,79,15.1,1.40,1.40,992.9,65,26.7,224
2024-09-24 17:00,17.8,69,16.4,0.00,0.00,992.2,19,20.0,210
2024-09-24 18:00,17.6,65,15.9,0.10,0.10,992.1,32,24.5,221
2024-09-24 19:00,16.7,65,14.4,0.00,0.00,991.9,66,28.7,219
2024-09-24 20:00,15.7,69,13.2,0.00,0.00,992.5,42,30.8,217
2024-09-24 21:00,15.0,72,12.2,0.00,0.00,992.8,39,33.6,222
2024-09-24 22:00,14.6,77,12.1,0.10,0.10,993.0,87,30.6,221
2024-09-24 23:00,14.8,79,12.6,0.00,0.00,993.1,27,30.8,225
2024-09-25 00:00,14.8,79,12.6,0.00,0.00,993.3,100,29.5,226
2024-09-25 01:00,15.1,77,13.0,0.00,0.00,993.4,61,28.5,225
2024-09-25 02:00,15.2,76,13.0,0.00,0.00,993.2,53,30.0,225
2024-09-25 03:00,14.5,82,12.6,0.00,0.00,993.0,58,29.2,224
2024-09-25 04:00,14.6,84,12.8,0.00,0.00,993.4,75,27.7,232
2024-09-25 05:00,14.6,86,13.1,0.00,0.00,993.7,62,27.5,238
2024-09-25 06:00,14.6,87,13.2,0.00,0.00,994.0,86,26.6,236
2024-09-25 07:00,14.4,88,13.0,0.00,0.00,994.3,98,25.5,224
2024-09-25 08:00,14.4,88,13.2,0.50,0.50,994.6,91,24.9,218
2024-09-25 09:00,15.2,86,14.0,0.90,0.90,994.9,98,23.8,215
2024-09-25 10:00,16.1,81,14.5,0.10,0.10,995.2,100,25.6,219
2024-09-25 11:00,16.9,74,14.8,0.10,0.10,995.3,100,29.3,225
2024-09-25 12:00,17.8,69,15.6,0.00,0.00,995.5,100,28.3,229
2024-09-25 13:00,18.2,65,15.9,0.00,0.00,995.2,100,28.2,228
2024-09-25 14:00,19.1,60,16.7,0.00,0.00,995.0,100,27.3,228
2024-09-25 15:00,19.0,59,16.4,0.00,0.00,995.0,100,28.1,225
2024-09-25 16:00,19.4,54,16.4,0.00,0.00,994.5,100,30.6,224
2024-09-25 17:00,18.9,59,16.7,0.00,0.00,994.4,100,26.9,217
2024-09-25 18:00,18.1,62,16.4,0.00,0.00,994.2,100,24.7,218
2024-09-25 19:00,17.3,67,15.8,0.00,0.00,993.9,98,23.1,201
2024-09-25 20:00,16.5,70,15.0,0.00,0.00,993.8,100,24.2,204
2024-09-25 21:00,15.8,73,14.3,0.00,0.00,993.9,100,23.8,200
2024-09-25 22:00,15.0,77,13.9,0.00,0.00,993.2,100,21.8,188
2024-09-25 23:00,14.8,77,13.7,0.00,0.00,992.7,100,21.4,190
2024-09-26 00:00,14.7,77,13.4,0.00,0.00,992.1,100,23.5,184
2024-09-26 01:00,15.6,71,13.6,0.00,0.00,991.2,100,28.6,196
2024-09-26 02:00,16.0,69,13.7,0.00,0.00,990.6,100,31.0,194
2024-09-26 03:00,15.5,77,13.8,0.10,0.10,989.8,100,26.7,192
2024-09-26 04:00,15.2,81,13.9,0.20,0.20,988.6,100,25.6,173
2024-09-26 05:00,15.4,79,13.7,0.00,0.00,986.9,97,28.5,171
2024-09-26 06:00,15.5,75,13.1,0.00,0.00,986.1,100,32.9,174
2024-09-26 07:00,15.8,72,13.0,0.00,0.00,985.1,100,35.1,179
2024-09-26 08:00,15.6,75,12.9,0.20,0.20,984.1,100,34.3,177
2024-09-26 09:00,15.2,83,13.2,0.70,0.70,983.5,100,31.7,169
2024-09-26 10:00,15.4,84,13.6,0.40,0.40,982.5,100,31.7,178
2024-09-26 11:00,16.8,79,14.6,0.10,0.10,982.2,100,35.6,198
2024-09-26 12:00,18.0,74,16.2,0.00,0.00,982.8,100,32.0,214
2024-09-26 13:00,19.1,73,17.9,0.10,0.10,982.8,100,28.6,221
2024-09-26 14:00,19.9,70,17.8,0.20,0.20,983.4,100,36.1,228
2024-09-26 15:00,20.5,70,19.3,0.00,0.00,982.9,100,30.7,220
2024-09-26 16:00,20.6,61,17.7,0.30,0.30,983.5,100,41.3,235
2024-09-26 17:00,19.5,69,17.4,0.10,0.10,983.7,100,36.1,225
2024-09-26 18:00,18.8,73,17.4,0.00,0.00,983.5,100,30.8,219
2024-09-26 19:00,17.9,78,16.2,0.40,0.40,983.8,100,35.4,216
2024-09-26 20:00,16.6,87,14.9,2.20,2.20,983.8,100,39.7,209
2024-09-26 21:00,16.5,89,14.7,3.20,3.20,984.1,100,39.1,213
2024-09-26 22:00,16.0,89,14.6,0.80,0.80,984.3,100,34.6,204
2024-09-26 23:00,15.9,83,13.5,0.30,0.30,983.6,35,39.2,204
2024-09-27 00:00,15.7,78,12.3,0.00,0.00,983.5,95,46.3,209
2024-09-27 01:00,16.1,75,12.2,0.00,0.00,983.6,99,50.0,221
2024-09-27 02:00,16.3,75,12.8,0.00,0.00,984.2,38,45.5,229
2024-09-27 03:00,15.2,70,11.7,0.00,0.00,985.4,2,41.8,233
2024-09-27 04:00,14.9,76,12.2,0.00,0.00,985.8,8,35.5,229
2024-09-27 05:00,15.0,73,11.9,0.00,0.00,986.1,3,38.5,228
2024-09-27 06:00,14.6,73,11.2,0.00,0.00,986.4,5,40.1,225
2024-09-27 07:00,14.4,74,11.0,0.00,0.00,987.0,0,38.7,227
2024-09-27 08:00,14.4,72,11.1,0.00,0.00,987.5,1,37.2,222
2024-09-27 09:00,15.3,68,12.1,0.00,0.00,987.9,0,33.6,213
2024-09-27 10:00,16.2,63,12.3,0.00,0.00,988.0,2,38.6,216
2024-09-27 11:00,17.2,58,12.5,0.00,0.00,988.3,21,45.0,228
2024-09-27 12:00,17.8,57,13.4,0.00,0.00,988.2,33,41.7,223
2024-09-27 13:00,18.0,56,13.9,0.00,0.00,987.7,7,39.8,224
2024-09-27 14:00,18.9,52,14.5,0.00,0.00,987.6,84,41.8,226
2024-09-27 15:00,18.8,48,13.6,0.00,0.00,987.5,42,45.4,225
2024-09-27 16:00,18.4,48,13.2,0.00,0.00,987.7,93,46.8,229
2024-09-27 17:00,18.0,50,13.2,0.00,0.00,987.4,97,43.4,231
2024-09-27 18:00,17.0,54,12.5,0.00,0.00,987.9,25,43.2,228
2024-09-27 19:00,15.9,55,11.5,0.00,0.00,988.1,93,40.5,231
2024-09-27 20:00,15.1,56,10.5,0.00,0.00,988.9,24,41.4,229
2024-09-27 21:00,14.4,55,9.6,0.00,0.00,989.8,2,41.9,232
2024-09-27 22:00,13.8,56,9.0,0.00,0.00,990.2,11,40.9,229
2024-09-27 23:00,13.4,59,8.3,0.00,0.00,990.2,91,44.8,231
2024-09-28 00:00,13.2,61,7.8,0.00,0.00,990.5,98,48.4,235
2024-09-28 01:00,12.4,71,7.3,0.40,0.40,991.6,100,48.8,246
2024-09-28 02:00,12.1,75,7.5,0.10,0.10,992.5,100,45.3,243
2024-09-28 03:00,12.6,74,9.1,0.00,0.00,994.0,100,34.1,240
2024-09-28 04:00,12.9,74,9.5,0.00,0.00,995.1,100,34.2,246
2024-09-28 05:00,12.0,83,9.3,0.60,0.60,996.2,98,28.6,254
2024-09-28 06:00,11.8,86,9.7,0.00,0.00,996.9,86,23.8,273
2024-09-28 07:00,11.3,86,9.2,0.00,0.00,997.3,35,23.1,279
2024-09-28 08:00,11.1,86,9.2,0.00,0.00,998.9,91,20.2,271
2024-09-28 09:00,12.0,77,9.7,0.00,0.00,1000.1,24,18.7,278
2024-09-28 10:00,12.9,69,10.0,0.00,0.00,1001.1,26,21.8,288
2024-09-28 11:00,13.9,64,10.8,0.00,0.00,1001.9,13,23.4,298
2024-09-28 12:00,14.6,56,10.9,0.00,0.00,1002.6,15,25.3,301
2024-09-28 13:00,14.9,53,11.3,0.00,0.00,1003.0,28,24.5,300
2024-09-28 14:00,15.1,51,11.4,0.10,0.10,1003.7,36,23.8,298
2024-09-28 15:00,14.9,51,10.9,0.20,0.20,1004.6,62,26.4,287
2024-09-28 16:00,14.7,51,10.7,0.10,0.10,1005.2,34,26.2,292
2024-09-28 17:00,13.5,54,9.4,0.10,0.10,1006.3,28,28.1,303
2024-09-28 18:00,12.4,59,8.8,0.00,0.00,1007.5,27,25.1,310
2024-09-28 19:00,11.4,61,8.0,0.00,0.00,1008.5,10,24.6,306
2024-09-28 20:00,10.4,65,7.6,0.00,0.00,1009.7,2,21.1,305
2024-09-28 21:00,9.4,70,6.8,0.00,0.00,1010.3,0,19.9,293
2024-09-28 22:00,8.9,73,6.1,0.00,0.00,1011.1,0,21.6,281
2024-09-28 23:00,8.4,75,5.6,0.00,0.00,1011.7,0,22.9,280
2024-09-29 00:00,8.0,76,5.1,0.00,0.00,1012.5,0,22.5,282
2024-09-29 01:00,7.5,78,4.7,0.00,0.00,1013.0,0,21.8,285
2024-09-29 02:00,7.1,80,4.3,0.00,0.00,1013.6,0,21.0,286
2024-09-29 03:00,6.7,81,3.7,0.00,0.00,1014.0,0,23.1,272
2024-09-29 04:00,6.4,84,3.4,0.00,0.00,1014.2,0,22.4,273
2024-09-29 05:00,6.2,86,3.3,0.00,0.00,1014.7,0,21.8,272
2024-09-29 06:00,5.9,88,3.0,0.00,0.00,1015.1,0,21.4,272
2024-09-29 07:00,5.6,91,2.9,0.00,0.00,1015.5,0,20.7,270
2024-09-29 08:00,6.2,89,3.5,0.00,0.00,1016.1,0,18.5,271
2024-09-29 09:00,8.2,82,5.9,0.00,0.00,1016.5,0,16.6,268
2024-09-29 10:00,10.4,71,8.3,0.00,0.00,1016.8,0,9.9,270
2024-09-29 11:00,12.1,64,10.1,0.00,0.00,1016.8,0,7.9,282
2024-09-29 12:00,13.5,55,11.2,0.00,0.00,1016.7,46,9.3,311
2024-09-29 13:00,14.2,51,12.0,0.00,0.00,1016.4,100,7.8,320
2024-09-29 14:00,14.0,51,12.0,0.00,0.00,1016.1,93,5.2,316
2024-09-29 15:00,14.1,53,12.3,0.00,0.00,1016.2,73,5.4,290
2024-09-29 16:00,14.1,53,12.5,0.00,0.00,1015.8,99,2.7,274
2024-09-29 17:00,13.9,54,12.5,0.00,0.00,1015.4,33,0.6,214
2024-09-29 18:00,13.2,65,12.2,0.00,0.00,1015.3,38,3.1,118
2024-09-29 19:00,11.1,68,9.1,0.00,0.00,1014.9,100,9.0,120
2024-09-29 20:00,9.6,75,7.6,0.00,0.00,1014.8,100,14.4,127
2024-09-29 21:00,9.1,77,7.0,0.00,0.00,1014.8,100,17.1,138
2024-09-29 22:00,8.9,78,6.6,0.00,0.00,1014.4,100,19.3,129
2024-09-29 23:00,8.7,79,6.3,0.00,0.00,1014.0,100,21.1,121
2024-09-30 00:00,8.9,77,6.3,0.00,0.00,1013.5,100,22.3,120
2024-09-30 01:00,8.7,77,5.9,0.00,0.00,1013.0,100,23.3,122
2024-09-30 02:00,8.6,77,5.7,0.00,0.00,1012.6,100,23.9,121
2024-09-30 03:00,8.1,81,5.3,0.00,0.00,1012.0,100,23.6,122
2024-09-30 04:00,8.1,81,5.2,0.00,0.00,1011.4,100,23.6,121
2024-09-30 05:00,7.8,80,5.0,0.00,0.00,1010.8,97,23.2,118
2024-09-30 06:00,7.1,84,4.3,0.00,0.00,1010.4,70,23.1,113
2024-09-30 07:00,6.8,84,3.6,0.00,0.00,1010.0,85,25.7,110
2024-09-30 08:00,7.3,80,3.9,0.00,0.00,1009.4,99,27.6,111
2024-09-30 09:00,8.9,75,5.8,0.00,0.00,1009.2,100,30.8,111
2024-09-30 10:00,10.6,67,6.9,0.00,0.00,1008.9,95,24.9,109
2024-09-30 11:00,12.2,60,8.4,0.00,0.00,1008.4,31,24.9,120
2024-09-30 12:00,13.3,55,9.4,0.00,0.00,1007.7,88,25.1,128
2024-09-30 13:00,13.8,54,9.7,0.00,0.00,1007.0,98,27.8,127
2024-09-30 14:00,14.4,51,10.4,0.00,0.00,1006.5,6,26.5,133
2024-09-30 15:00,15.1,51,11.4,0.00,0.00,1006.1,100,24.2,147
2024-09-30 16:00,15.4,50,12.0,0.00,0.00,1005.4,100,22.5,147
2024-09-30 17:00,15.3,52,12.2,0.00,0.00,1004.8,100,22.2,130
2024-09-30 18:00,14.8,55,11.9,0.00,0.00,1004.6,100,22.7,119
2024-09-30 19:00,14.2,56,11.0,0.00,0.00,1004.0,37,27.4,118
2024-09-30 20:00,12.6,62,9.4,0.00,0.00,1004.0,99,29.1,132
2024-09-30 21:00,12.1,67,9.1,0.00,0.00,1003.9,75,26.7,143
2024-09-30 22:00,11.6,71,8.8,0.00,0.00,1003.2,97,26.1,141
2024-09-30 23:00,11.3,74,8.5,0.00,0.00,1002.8,99,25.2,144
2024-10-01 00:00,11.4,76,8.8,0.00,0.00,1002.0,61,25.3,137
2024-10-01 01:00,11.1,78,8.5,0.00,0.00,1001.3,86,25.6,132
2024-10-01 02:00,11.4,80,8.9,0.10,0.10,1000.8,99,24.9,131
2024-10-01 03:00,10.5,93,8.3,0.10,0.10,1000.0,59,27.1,148
2024-10-01 04:00,10.6,93,8.3,1.30,1.30,999.3,60,28.1,150
2024-10-01 05:00,10.5,94,8.3,4.00,4.00,998.7,67,27.4,155
2024-10-01 06:00,10.8,93,9.0,0.40,0.40,998.2,68,25.1,169
2024-10-01 07:00,11.2,93,9.6,0.10,0.10,997.9,99,23.3,176
2024-10-01 08:00,11.6,94,10.3,1.30,1.30,998.0,100,21.1,193
2024-10-01 09:00,12.9,91,11.5,0.30,0.30,998.2,71,22.4,224
2024-10-01 10:00,14.4,84,12.7,0.00,0.00,998.4,89,23.3,235
2024-10-01 11:00,15.6,75,13.7,0.00,0.00,998.2,47,22.6,240
2024-10-01 12:00,16.5,70,14.7,0.10,0.10,998.3,39,20.9,238
2024-10-01 13:00,17.2,66,15.4,0.00,0.00,998.0,21,19.7,237
2024-10-01 14:00,17.8,62,15.8,0.00,0.00,997.6,22,19.6,231
2024-10-01 15:00,17.3,51,14.1,0.00,0.00,997.5,61,23.3,222
2024-10-01 16:00,15.8,62,13.2,0.60,0.60,997.7,94,23.0,229
2024-10-01 17:00,15.2,66,12.9,0.00,0.00,997.6,100,22.1,248
2024-10-01 18:00,13.8,76,12.4,0.20,0.20,997.7,100,16.6,239
2024-10-01 19:00,13.2,82,12.2,0.20,0.20,997.8,100,14.9,222
2024-10-01 20:00,12.9,86,12.3,0.00,0.00,997.6,100,12.4,210
2024-10-01 21:00,12.3,89,11.8,0.00,0.00,997.4,100,12.3,195
2024-10-01 22:00,12.1,90,11.6,0.10,0.10,997.1,100,12.5,198
2024-10-01 23:00,12.1,91,11.7,0.00,0.00,996.9,99,11.3,200
2024-10-02 00:00,11.1,95,10.5,0.00,0.00,996.3,97,6.3,180
2024-10-02 01:00,10.6,96,10.1,0.00,0.00,996.2,91,9.2,160
2024-10-02 02:00,10.5,97,10.0,0.00,0.00,995.8,100,7.6,161
2024-10-02 03:00,9.4,99,8.6,0.00,0.00,995.4,42,5.6,182
2024-10-02 04:00,9.8,98,9.0,0.00,0.00,995.1,6,3.7,166
2024-10-02 05:00,7.8,100,6.6,0.00,0.00,994.8,53,3.9,77
2024-10-02 06:00,7.3,100,5.9,0.00,0.00,995.0,100,5.1,54
2024-10-02 07:00,7.7,100,6.6,0.00,0.00,995.2,100,6.8,32
2024-10-02 08:00,8.1,99,6.9,0.00,0.00,995.5,100,10.6,19
2024-10-02 09:00,9.2,99,7.7,0.00,0.00,995.9,100,10.8,18
2024-10-02 10:00,10.9,93,9.5,0.00,0.00,995.9,91,12.0,17
2024-10-02 11:00,12.4,86,10.9,0.00,0.00,996.3,84,14.6,26
2024-10-02 12:00,13.6,80,12.2,0.00,0.00,996.7,100,13.7,25
2024-10-02 13:00,13.9,79,12.7,0.00,0.00,996.8,100,12.2,19
2024-10-02 14:00,13.5,77,12.0,0.00,0.00,996.9,100,13.0,19
2024-10-02 15:00,11.9,89,9.9,0.90,0.90,997.8,100,20.8,15
2024-10-02 16:00,11.6,89,9.5,0.20,0.20,998.1,100,20.4,9
2024-10-02 17:00,11.1,91,9.2,0.40,0.40,998.5,99,18.3,6
2024-10-02 18:00,10.4,94,8.4,0.20,0.20,999.0,100,20.1,6
2024-10-02 19:00,9.9,95,7.8,0.60,0.60,999.7,100,21.2,360
2024-10-02 20:00,9.6,94,7.6,0.90,0.90,1000.2,100,19.5,6
2024-10-02 21:00,9.4,93,7.0,1.20,1.20,1000.7,100,22.5,1
2024-10-02 22:00,9.2,93,7.0,1.50,1.50,1001.2,100,21.1,358
2024-10-02 23:00,9.2,93,7.3,0.20,0.20,1001.4,100,18.6,351
2024-10-03 00:00,9.4,94,7.5,0.00,0.00,1001.6,100,19.3,352
2024-10-03 01:00,9.6,94,7.6,0.00,0.00,1001.5,100,18.5,353
2024-10-03 02:00,9.6,94,7.6,0.00,0.00,1001.7,100,18.6,354
2024-10-03 03:00,9.4,95,7.5,0.10,0.10,1001.9,100,18.7,344
2024-10-03 04:00,9.4,97,7.3,0.10,0.10,1001.9,100,20.1,345
2024-10-03 05:00,9.4,95,7.1,0.30,0.30,1001.9,100,21.8,352
2024-10-03 06:00,9.4,94,7.0,0.00,0.00,1002.1,100,22.4,354
2024-10-03 07:00,8.9,93,6.4,0.00,0.00,1002.2,59,24.0,353
2024-10-03 08:00,8.6,94,6.1,0.00,0.00,1002.8,64,24.2,354
2024-10-03 09:00,9.5,89,6.3,0.10,0.10,1002.9,100,27.2,357
2024-10-03 10:00,10.2,86,6.9,0.10,0.10,1003.4,100,28.3,360
2024-10-03 11:00,10.8,81,7.6,0.10,0.10,1003.6,100,25.6,2
2024-10-03 12:00,11.4,78,8.4,0.10,0.10,1004.0,100,22.4,356
2024-10-03 13:00,12.0,74,9.0,0.10,0.10,1003.8,100,22.0,352
2024-10-03 14:00,11.8,75,8.7,0.10,0.10,1003.9,100,23.6,357
2024-10-03 15:00,12.0,74,9.3,0.00,0.00,1004.3,93,19.6,353
2024-10-03 16:00,12.4,73,9.3,0.00,0.00,1003.9,77,25.3,355
2024-10-03 17:00,11.7,79,8.5,0.00,0.00,1004.1,100,27.6,4
2024-10-03 18:00,11.2,83,8.6,0.10,0.10,1004.4,100,24.4,356
2024-10-03 19:00,10.8,86,8.3,0.20,0.20,1004.7,100,24.1,354
2024-10-03 20:00,10.6,87,8.2,0.00,0.00,1005.0,100,24.9,355
2024-10-03 21:00,10.7,85,8.0,0.00,0.00,1005.2,100,26.1,1
2024-10-03 22:00,10.4,86,7.7,0.00,0.00,1005.5,100,24.8,0
2024-10-03 23:00,10.4,87,7.8,0.00,0.00,1005.5,100,24.3,3
2024-10-04 00:00,10.5,85,7.9,0.00,0.00,1005.5,100,24.4,6
2024-10-04 01:00,10.5,85,7.8,0.00,0.00,1005.2,100,25.0,11
2024-10-04 02:00,10.6,85,8.2,0.00,0.00,1005.3,100,22.1,16
2024-10-04 03:00,10.6,86,8.4,0.00,0.00,1005.5,100,21.0,15
2024-10-04 04:00,10.5,87,8.1,0.00,0.00,1005.3,100,22.4,9
2024-10-04 05:00,10.4,87,8.0,0.00,0.00,1005.4,100,23.0,6
2024-10-04 06:00,10.1,89,7.7,0.20,0.20,1005.5,99,23.7,11
2024-10-04 07:00,10.1,89,7.7,0.00,0.00,1005.6,100,23.7,11
2024-10-04 08:00,10.2,89,7.8,0.00,0.00,1006.1,100,23.8,15
2024-10-04 09:00,10.8,86,7.8,0.00,0.00,1006.2,100,26.8,18
2024-10-04 10:00,11.2,82,8.2,0.00,0.00,1006.5,100,27.5,15
2024-10-04 11:00,12.0,79,9.1,0.20,0.20,1007.0,64,24.2,16
2024-10-04 12:00,12.8,73,9.9,0.00,0.00,1007.0,98,22.8,16
2024-10-04 13:00,13.0,71,10.0,0.20,0.20,1006.5,92,23.5,12
2024-10-04 14:00,13.8,65,10.6,0.10,0.10,1006.3,76,24.8,15
2024-10-04 15:00,13.7,60,10.3,0.00,0.00,1006.6,100,23.7,17
2024-10-04 16:00,13.5,60,10.0,0.00,0.00,1006.5,100,25.8,10
2024-10-04 17:00,13.5,61,10.0,0.00,0.00,1006.6,100,26.5,8
2024-10-04 18:00,12.6,68,9.5,0.10,0.10,1006.8,100,25.8,12
2024-10-04 19:00,11.6,78,9.0,0.20,0.20,1007.0,100,24.2,6
2024-10-04 20:00,11.4,79,9.0,0.00,0.00,1007.4,100,22.7,2
2024-10-04 21:00,11.2,79,8.8,0.00,0.00,1007.6,99,22.1,7
2024-10-04 22:00,10.7,82,8.4,0.00,0.00,1007.9,97,21.3,11
2024-10-04 23:00,10.4,84,8.2,0.00,0.00,1007.9,100,20.4,6
2024-10-05 00:00,10.2,86,8.0,0.20,0.20,1007.8,75,20.9,4
2024-10-05 01:00,9.9,88,7.7,0.10,0.10,1007.8,66,20.3,10
2024-10-05 02:00,8.9,92,6.7,0.00,0.00,1007.7,93,21.1,11
2024-10-05 03:00,8.6,94,6.4,0.00,0.00,1007.7,100,20.6,5
2024-10-05 04:00,8.0,96,5.8,0.00,0.00,1007.6,100,20.0,1
2024-10-05 05:00,7.8,97,5.6,0.10,0.10,1007.6,100,19.3,358
2024-10-05 06:00,7.7,97,5.4,0.00,0.00,1007.7,97,19.3,360
2024-10-05 07:00,7.7,97,5.5,0.00,0.00,1007.5,100,18.9,2
2024-10-05 08:00,7.8,97,5.4,0.00,0.00,1007.7,100,17.8,357
2024-10-05 09:00,8.5,93,6.1,0.00,0.00,1008.0,100,16.0,3
2024-10-05 10:00,9.1,89,7.0,0.00,0.00,1008.0,100,14.3,11
2024-10-05 11:00,9.9,85,7.7,0.10,0.10,1007.9,100,14.1,21
2024-10-05 12:00,10.6,79,8.4,0.10,0.10,1007.8,100,14.4,37
2024-10-05 13:00,11.3,75,8.9,0.10,0.10,1007.4,100,15.9,43
2024-10-05 14:00,11.4,75,9.2,0.10,0.10,1006.8,100,13.9,37
2024-10-05 15:00,11.6,74,9.1,0.00,0.00,1006.9,100,15.8,47
2024-10-05 16:00,11.6,70,9.3,0.00,0.00,1006.7,100,14.2,49
2024-10-05 17:00,11.6,69,9.2,0.00,0.00,1006.5,100,13.6,44
2024-10-05 18:00,11.2,72,9.2,0.00,0.00,1006.2,100,12.9,47
2024-10-05 19:00,10.6,76,8.9,0.00,0.00,1006.2,93,12.9,43
2024-10-05 20:00,9.5,84,8.0,0.00,0.00,1006.2,100,11.7,43
2024-10-05 21:00,9.1,87,7.7,0.00,0.00,1005.9,91,11.1,46
2024-10-05 22:00,8.4,92,7.2,0.00,0.00,1005.9,100,9.9,45
2024-10-05 23:00,9.1,88,7.8,0.00,0.00,1005.7,100,10.3,50
2024-10-06 00:00,9.1,88,8.0,0.00,0.00,1005.4,100,9.5,58
2024-10-06 01:00,8.8,92,7.6,0.00,0.00,1004.7,95,6.0,61
2024-10-06 02:00,8.4,92,7.2,0.00,0.00,1004.3,21,3.7,39
2024-10-06 03:00,6.8,97,5.3,0.00,0.00,1004.1,22,8.3,340
2024-10-06 04:00,5.9,98,3.8,0.00,0.00,1003.3,5,6.4,344
2024-10-06 05:00,6.2,97,4.4,0.00,0.00,1002.8,0,4.1,358
2024-10-06 06:00,5.8,99,3.9,0.00,0.00,1002.5,18,6.6,17
2024-10-06 07:00,6.4,99,4.8,0.00,0.00,1002.5,59,7.5,37
2024-10-06 08:00,6.8,99,5.8,0.00,0.00,1002.7,99,3.0,104
2024-10-06 09:00,7.6,96,6.3,0.00,0.00,1002.8,99,4.0,188
2024-10-06 10:00,8.8,92,7.6,0.00,0.00,1002.6,99,4.3,175
2024-10-06 11:00,10.4,84,9.2,0.00,0.00,1002.2,54,5.2,155
2024-10-06 12:00,11.9,74,10.4,0.00,0.00,1002.1,43,7.3,152
2024-10-06 13:00,12.9,66,11.0,0.00,0.00,1001.4,31,8.8,145
2024-10-06 14:00,13.3,61,11.1,0.00,0.00,1000.6,100,10.6,138
2024-10-06 15:00,12.6,63,10.1,0.00,0.00,1000.1,100,13.2,150
2024-10-06 16:00,12.8,60,10.2,0.00,0.00,999.7,100,13.8,152
2024-10-06 17:00,12.7,60,10.1,0.00,0.00,999.2,100,13.5,142
2024-10-06 18:00,12.1,63,9.7,0.00,0.00,998.5,94,15.1,116
2024-10-06 19:00,10.9,71,8.4,0.00,0.00,998.4,10,19.7,104
2024-10-06 20:00,9.1,81,6.5,0.00,0.00,998.1,5,24.1,103
2024-10-06 21:00,8.4,84,5.8,0.00,0.00,997.9,55,24.5,108
2024-10-06 22:00,7.9,85,5.4,0.00,0.00,997.7,44,22.9,116
2024-10-06 23:00,7.4,88,5.1,0.00,0.00,997.4,88,20.8,136
2024-10-07 00:00,7.2,90,4.9,0.00,0.00,997.0,68,20.7,156
2024-10-07 01:00,7.1,90,4.7,0.00,0.00,996.3,82,21.3,159
2024-10-07 02:00,7.2,90,4.6,0.00,0.00,996.1,14,22.4,162
2024-10-07 03:00,6.4,93,4.1,0.00,0.00,995.2,3,20.4,160
2024-10-07 04:00,6.7,93,4.2,0.00,0.00,994.9,65,21.2,166
2024-10-07 05:00,7.1,92,4.7,0.00,0.00,994.5,88,20.4,168
2024-10-07 06:00,8.2,87,5.7,0.00,0.00,993.9,96,20.9,162
2024-10-07 07:00,8.9,85,6.5,0.00,0.00,994.1,88,20.7,180
2024-10-07 08:00,9.2,85,6.9,0.00,0.00,993.9,31,22.0,182
2024-10-07 09:00,11.0,82,8.9,0.00,0.00,994.7,50,22.2,202
2024-10-07 10:00,13.1,76,11.5,0.00,0.00,994.7,28,15.2,203
2024-10-07 11:00,15.4,72,14.0,0.00,0.00,994.8,89,15.8,212
2024-10-07 12:00,16.9,72,15.8,0.00,0.00,994.7,89,16.5,200
2024-10-07 13:00,17.6,73,16.7,0.00,0.00,994.3,86,16.5,203
2024-10-07 14:00,17.6,77,17.2,0.50,0.50,994.4,87,15.6,202
2024-10-07 15:00,15.1,93,15.0,0.50,0.50,994.5,100,19.2,222
2024-10-07 16:00,16.2,90,16.2,0.00,0.00,994.5,100,19.3,219
2024-10-07 17:00,16.1,89,15.9,0.70,0.70,994.4,97,20.9,213
2024-10-07 18:00,15.4,91,15.6,0.70,0.70,994.4,100,17.8,207
2024-10-07 19:00,14.1,95,14.1,0.00,0.00,994.5,100,17.4,199
2024-10-07 20:00,12.8,97,12.5,0.00,0.00,994.6,100,14.7,198
2024-10-07 21:00,12.8,98,12.7,0.00,0.00,994.6,100,14.1,175
2024-10-07 22:00,12.9,98,12.8,0.00,0.00,994.3,99,14.7,168
2024-10-07 23:00,12.9,98,12.7,0.00,0.00,994.1,100,15.7,174
2024-10-08 00:00,12.9,97,12.5,0.00,0.00,993.8,100,18.4,176
2024-10-08 01:00,12.9,96,12.5,0.00,0.00,993.5,100,18.6,182
2024-10-08 02:00,13.1,96,12.9,0.00,0.00,993.3,100,17.5,170
2024-10-08 03:00,13.1,96,12.7,0.00,0.00,992.9,100,19.3,162
2024-10-08 04:00,12.8,97,12.3,0.00,0.00,992.2,100,18.8,153
2024-10-08 05:00,13.2,96,12.9,0.20,0.20,991.8,100,19.3,169
2024-10-08 06:00,13.4,95,13.3,1.30,1.30,991.3,100,16.7,166
2024-10-08 07:00,13.7,95,13.5,1.20,1.20,991.0,100,16.9,153
2024-10-08 08:00,13.8,95,13.1,0.00,0.00,991.1,89,22.6,165
2024-10-08 09:00,14.9,91,13.7,0.00,0.00,991.4,100,28.2,166
2024-10-08 10:00,15.8,89,15.2,0.50,0.50,991.1,86,23.4,173
2024-10-08 11:00,17.2,83,17.0,0.00,0.00,991.2,48,17.7,189
2024-10-08 12:00,19.0,76,18.7,0.00,0.00,990.6,92,16.9,205
2024-10-08 13:00,20.0,72,20.0,0.00,0.00,990.3,91,16.0,220
2024-10-08 14:00,20.9,67,20.7,0.00,0.00,990.0,99,15.8,235
2024-10-08 15:00,20.4,68,20.4,0.00,0.00,990.0,100,13.6,244
2024-10-08 16:00,19.0,78,19.8,0.50,0.50,989.9,100,12.4,246
2024-10-08 17:00,17.4,90,18.8,1.80,1.80,989.7,100,9.4,270
2024-10-08 18:00,16.7,92,17.6,1.40,1.40,989.5,100,13.8,276
2024-10-08 19:00,16.2,92,16.8,1.30,1.30,989.5,100,17.3,278
2024-10-08 20:00,15.9,93,16.4,1.70,1.70,988.9,100,18.6,280
2024-10-08 21:00,15.6,93,15.9,2.90,2.90,989.0,100,17.6,270
2024-10-08 22:00,15.1,91,14.6,2.40,2.40,989.3,100,23.8,267
2024-10-08 23:00,14.6,91,13.8,1.70,1.70,989.1,100,24.8,271
2024-10-09 00:00,14.4,93,13.7,0.60,0.60,989.0,100,23.2,260
2024-10-09 01:00,14.3,94,13.5,0.40,0.40,989.3,100,24.4,249
2024-10-09 02:00,14.1,93,13.1,0.40,0.40,989.4,100,26.0,243
2024-10-09 03:00,13.6,92,12.6,0.00,0.00,989.3,100,22.8,244
2024-10-09 04:00,13.2,93,12.1,0.00,0.00,989.1,100,23.2,229
2024-10-09 05:00,12.9,93,11.5,0.00,0.00,988.8,100,26.3,237
2024-10-09 06:00,12.8,93,11.7,0.00,0.00,988.7,91,21.5,223
2024-10-09 07:00,12.4,94,11.4,0.00,0.00,988.0,30,21.3,212
2024-10-09 08:00,12.2,94,11.0,0.00,0.00,988.2,1,22.9,206
2024-10-09 09:00,13.4,90,12.0,0.00,0.00,987.8,18,24.5,210
2024-10-09 10:00,14.9,84,13.3,0.00,0.00,987.2,60,23.2,204
2024-10-09 11:00,16.3,76,14.6,0.00,0.00,986.5,100,24.1,194
2024-10-09 12:00,17.9,68,16.0,0.00,0.00,985.8,94,25.3,189
2024-10-09 13:00,19.4,58,16.9,0.00,0.00,985.2,89,27.4,192
2024-10-09 14:00,20.1,51,17.1,0.00,0.00,984.3,96,29.6,192
2024-10-09 15:00,19.5,58,17.1,0.00,0.00,983.7,100,28.0,184
2024-10-09 16:00,19.4,57,17.3,0.00,0.00,982.8,100,26.3,174
2024-10-09 17:00,18.9,57,16.7,0.00,0.00,981.7,100,28.3,168
2024-10-09 18:00,18.5,57,16.1,0.00,0.00,981.0,100,28.5,170
2024-10-09 19:00,18.2,55,15.8,0.00,0.00,980.1,100,27.0,168
2024-10-09 20:00,17.7,58,15.0,0.10,0.10,979.7,100,30.6,169
2024-10-09 21:00,16.5,68,14.6,0.30,0.30,978.6,100,28.1,169
2024-10-09 22:00,16.6,66,15.4,0.00,0.00,977.6,100,21.6,167
2024-10-09 23:00,17.2,62,15.4,0.00,0.00,976.7,100,25.9,165
2024-10-10 00:00,18.0,59,15.8,0.00,0.00,976.1,100,28.9,172
2024-10-10 01:00,18.4,56,15.8,0.00,0.00,974.7,100,31.6,176
2024-10-10 02:00,18.5,54,15.5,0.00,0.00,974.4,100,34.4,185
2024-10-10 03:00,16.9,68,13.7,0.30,0.30,974.5,100,41.8,188
2024-10-10 04:00,17.7,67,13.6,0.00,0.00,973.4,100,52.4,195
2024-10-10 05:00,18.1,68,14.6,0.00,0.00,972.4,100,47.0,193
2024-10-10 06:00,18.0,71,14.6,0.10,0.10,972.1,93,49.3,201
2024-10-10 07:00,18.9,65,15.5,0.00,0.00,972.1,95,46.1,200
2024-10-10 08:00,19.1,62,15.7,0.00,0.00,972.3,86,45.0,204
2024-10-10 09:00,17.8,76,14.8,0.20,0.20,974.1,100,44.4,241
2024-10-10 10:00,15.4,80,11.9,0.10,0.10,977.7,100,44.8,263
2024-10-10 11:00,15.1,77,11.4,0.00,0.00,980.1,100,44.3,258
2024-10-10 12:00,15.8,73,12.0,0.00,0.00,981.8,100,42.5,258
2024-10-10 13:00,17.0,67,13.2,0.00,0.00,983.0,97,40.2,253
2024-10-10 14:00,17.2,64,13.6,0.00,0.00,983.7,99,38.1,256
2024-10-10 15:00,17.3,62,13.6,0.00,0.00,985.0,98,37.6,256
2024-10-10 16:00,16.9,64,13.6,0.00,0.00,985.6,83,35.1,257
2024-10-10 17:00,15.9,68,12.8,0.00,0.00,986.8,42,33.7,272
2024-10-10 18:00,14.7,71,12.1,0.00,0.00,988.3,37,28.0,299
2024-10-10 19:00,13.4,76,11.4,0.00,0.00,989.5,41,23.0,304
2024-10-10 20:00,12.8,78,10.6,0.00,0.00,990.9,37,23.9,306
2024-10-10 21:00,12.1,78,9.6,0.00,0.00,992.2,22,24.6,308
2024-10-10 22:00,11.2,80,9.2,0.00,0.00,993.2,81,20.7,305
2024-10-10 23:00,11.0,81,9.2,0.00,0.00,993.9,35,17.9,298
2024-10-11 00:00,10.4,85,8.9,0.00,0.00,994.6,36,15.7,294
2024-10-11 01:00,9.6,90,8.3,0.00,0.00,995.3,15,13.5,297
2024-10-11 02:00,8.4,94,6.9,0.00,0.00,995.7,2,12.6,297
2024-10-11 03:00,7.8,90,6.0,0.00,0.00,996.4,87,14.3,295
2024-10-11 04:00,7.4,91,5.7,0.00,0.00,996.8,29,14.7,295
2024-10-11 05:00,7.2,92,5.2,0.10,0.10,997.4,99,17.4,290
2024-10-11 06:00,8.6,88,6.4,0.60,0.60,998.4,100,21.5,295
2024-10-11 07:00,8.8,87,6.8,0.50,0.50,998.8,100,15.1,292
2024-10-11 08:00,8.6,87,6.9,0.10,0.10,999.4,98,13.7,270
2024-10-11 09:00,9.1,89,7.3,0.00,0.00,1000.4,82,15.0,273
2024-10-11 10:00,10.1,79,7.7,0.10,0.10,1001.4,35,14.9,293
2024-10-11 11:00,10.8,71,7.9,0.20,0.20,1002.4,18,18.2,306
2024-10-11 12:00,11.8,61,8.6,0.00,0.00,1002.8,20,18.0,304
2024-10-11 13:00,12.6,54,9.2,0.00,0.00,1003.1,45,18.0,301
2024-10-11 14:00,13.0,50,9.4,0.00,0.00,1003.4,55,18.9,299
2024-10-11 15:00,12.1,57,8.9,0.00,0.00,1004.5,47,16.8,300
2024-10-11 16:00,12.2,54,9.0,0.00,0.00,1004.9,15,15.9,301
2024-10-11 17:00,11.9,53,8.9,0.00,0.00,1005.4,11,14.6,305
2024-10-11 18:00,9.9,68,7.7,0.00,0.00,1006.0,5,12.6,329
2024-10-11 19:00,7.8,76,5.0,0.00,0.00,1006.3,6,11.5,343
2024-10-11 20:00,8.6,69,6.4,0.00,0.00,1006.9,5,6.9,329
2024-10-11 21:00,6.2,83,4.1,0.00,0.00,1007.3,5,3.6,279
2024-10-11 22:00,5.7,86,3.5,0.00,0.00,1007.5,0,2.6,214
2024-10-11 23:00,5.0,89,2.5,0.00,0.00,1007.6,0,4.9,178
2024-10-12 00:00,5.3,88,3.0,0.00,0.00,1008.0,0,10.5,184
2024-10-12 01:00,4.6,90,1.6,0.00,0.00,1008.1,0,12.8,195
2024-10-12 02:00,4.6,88,1.7,0.00,0.00,1008.1,0,10.7,193
2024-10-12 03:00,3.0,94,0.0,0.00,0.00,1008.1,0,12.0,196
2024-10-12 04:00,2.8,97,-0.2,0.00,0.00,1008.1,0,11.6,193
2024-10-12 05:00,2.8,98,0.1,0.00,0.00,1008.4,0,11.3,187
2024-10-12 06:00,3.4,98,1.0,0.00,0.00,1008.1,10,12.5,169
2024-10-12 07:00,3.3,97,0.8,0.00,0.00,1007.8,14,15.6,161
2024-10-12 08:00,3.5,96,0.7,0.00,0.00,1007.3,8,18.9,153
2024-10-12 09:00,5.3,89,2.6,0.00,0.00,1007.5,1,18.8,156
2024-10-12 10:00,7.4,83,5.1,0.00,0.00,1007.2,10,12.9,147
2024-10-12 11:00,9.6,75,7.2,0.00,0.00,1006.8,19,12.1,147
2024-10-12 12:00,11.4,66,8.7,0.00,0.00,1006.2,91,14.4,139
2024-10-12 13:00,12.6,63,9.7,0.00,0.00,1005.1,100,17.1,133
2024-10-12 14:00,13.1,63,9.9,0.00,0.00,1003.8,100,21.0,139
2024-10-12 15:00,13.1,60,9.9,0.00,0.00,1003.4,100,20.9,151
2024-10-12 16:00,12.9,62,9.8,0.00,0.00,1002.5,100,21.1,142
2024-10-12 17:00,12.6,63,9.5,0.00,0.00,1001.7,95,23.5,132
2024-10-12 18:00,11.2,70,8.0,0.00,0.00,1001.0,98,26.7,129
2024-10-12 19:00,10.2,74,7.1,0.00,0.00,1000.4,100,27.5,137
2024-10-12 20:00,10.3,71,7.0,0.00,0.00,999.5,95,27.8,145
2024-10-12 21:00,9.6,75,6.5,0.00,0.00,998.4,100,27.8,153
2024-10-12 22:00,9.9,75,7.0,0.00,0.00,997.8,100,25.6,173
2024-10-12 23:00,10.2,81,7.9,0.70,0.70,997.2,100,22.9,180
2024-10-13 00:00,10.8,81,8.2,0.30,0.30,996.2,100,26.3,182
2024-10-13 01:00,10.8,88,8.4,0.30,0.30,994.9,100,27.5,179
2024-10-13 02:00,10.9,87,8.9,0.10,0.10,993.9,100,23.0,179
2024-10-13 03:00,11.1,87,9.0,0.00,0.00,992.7,100,23.2,194
2024-10-13 04:00,11.9,85,9.1,2.00,2.00,991.8,97,31.7,212
2024-10-13 05:00,12.1,87,9.1,0.60,0.60,991.6,14,36.7,238
2024-10-13 06:00,11.6,88,7.9,0.00,0.00,992.1,99,42.6,251
2024-10-13 07:00,10.1,79,4.9,0.50,0.50,993.4,100,48.1,267
2024-10-13 08:00,9.3,78,4.9,0.00,0.00,994.3,25,37.9,265
2024-10-13 09:00,9.4,76,4.8,0.00,0.00,995.8,1,37.9,263
2024-10-13 10:00,10.1,67,4.7,0.00,0.00,996.4,28,41.4,255
2024-10-13 11:00,10.8,61,3.8,0.00,0.00,997.3,61,55.9,261
2024-10-13 12:00,11.5,57,4.4,0.00,0.00,997.9,70,57.2,269
2024-10-13 13:00,12.2,53,5.5,0.00,0.00,998.4,63,52.2,268
2024-10-13 14:00,12.7,51,6.0,0.00,0.00,999.0,16,52.6,273
2024-10-13 15:00,12.5,54,5.7,0.00,0.00,1000.1,34,54.5,269
2024-10-13 16:00,12.4,57,6.3,0.00,0.00,1000.8,58,49.2,262
2024-10-13 17:00,12.0,60,6.4,0.00,0.00,1001.7,100,46.3,265
2024-10-13 18:00,11.3,63,6.1,0.00,0.00,1002.7,93,43.6,268
2024-10-13 19:00,10.6,66,5.7,0.00,0.00,1003.4,63,40.8,266
2024-10-13 20:00,9.9,71,5.2,0.00,0.00,1004.1,94,39.3,266
2024-10-13 21:00,9.4,74,5.0,0.00,0.00,1004.9,100,36.8,267
2024-10-13 22:00,9.1,74,5.0,0.00,0.00,1005.5,100,34.1,266
2024-10-13 23:00,8.8,75,4.9,0.00,0.00,1006.0,99,31.3,269
2024-10-14 00:00,8.3,77,4.6,0.00,0.00,1006.6,100,29.7,267
2024-10-14 01:00,8.0,79,4.2,0.00,0.00,1007.1,100,30.7,262
2024-10-14 02:00,7.8,81,4.0,0.00,0.00,1007.6,100,30.9,263
2024-10-14 03:00,7.4,83,4.0,0.00,0.00,1007.4,97,27.4,260
2024-10-14 04:00,7.3,84,4.0,0.00,0.00,1007.2,92,26.5,252
2024-10-14 05:00,7.1,86,3.9,0.00,0.00,1007.3,100,25.1,255
2024-10-14 06:00,7.7,83,4.7,0.00,0.00,1007.2,100,22.8,254
2024-10-14 07:00,7.4,85,4.8,0.00,0.00,1007.0,100,20.3,257
2024-10-14 08:00,7.2,87,4.5,0.00,0.00,1006.9,100,20.4,245
2024-10-14 09:00,8.1,84,5.7,0.00,0.00,1007.2,100,19.2,250
2024-10-14 10:00,9.3,79,6.9,0.00,0.00,1007.4,100,14.1,245
2024-10-14 11:00,10.4,74,8.3,0.00,0.00,1007.0,78,10.1,248
2024-10-14 12:00,11.7,65,10.0,0.00,0.00,1006.8,100,5.2,243
2024-10-14 13:00,12.2,60,10.3,0.00,0.00,1006.6,100,4.8,239
2024-10-14 14:00,12.4,57,10.1,0.00,0.00,1006.3,99,7.0,228
2024-10-14 15:00,11.9,61,10.0,0.10,0.10,1006.0,98,5.0,210
2024-10-14 16:00,11.9,60,10.4,0.10,0.10,1005.6,100,1.2,141
2024-10-14 17:00,11.4,64,10.0,0.20,0.20,1005.3,100,2.1,128
2024-10-14 18:00,10.4,76,9.1,0.50,0.50,1005.4,100,3.1,173
2024-10-14 19:00,9.8,81,8.5,0.00,0.00,1005.8,100,2.7,332
2024-10-14 20:00,9.6,83,7.8,0.00,0.00,1005.9,100,11.8,6
2024-10-14 21:00,9.1,87,7.5,0.20,0.20,1006.4,100,11.7,357
2024-10-14 22:00,8.9,91,7.8,0.00,0.00,1006.6,98,7.2,360
2024-10-14 23:00,7.4,94,5.8,0.00,0.00,1007.3,26,10.2,347
2024-10-15 00:00,6.9,94,5.2,0.00,0.00,1007.9,23,12.4,344
2024-10-15 01:00,5.7,95,3.5,0.00,0.00,1008.3,11,14.5,340
2024-10-15 02:00,5.8,94,3.5,0.00,0.00,1008.7,1,17.4,349
2024-10-15 03:00,4.8,92,2.3,0.00,0.00,1009.2,5,16.6,342
2024-10-15 04:00,4.2,93,1.8,0.00,0.00,1010.0,10,14.5,326
2024-10-15 05:00,3.5,95,0.9,0.00,0.00,1010.4,0,13.0,329
2024-10-15 06:00,3.5,95,0.9,0.00,0.00,1010.2,7,14.6,1
2024-10-15 07:00,4.5,91,2.1,0.00,0.00,1010.9,0,8.6,359
2024-10-15 08:00,3.0,96,0.6,0.00,0.00,1011.5,3,3.7,317
2024-10-15 09:00,5.5,92,3.6,0.00,0.00,1012.4,47,4.3,303
2024-10-15 10:00,7.8,84,6.3,0.00,0.00,1012.5,31,5.5,9
2024-10-15 11:00,9.8,78,8.5,0.00,0.00,1012.7,0,2.7,62
2024-10-15 12:00,11.1,71,9.5,0.00,0.00,1012.6,0,5.2,94
2024-10-15 13:00,12.0,65,10.1,0.00,0.00,1012.5,4,7.4,116
2024-10-15 14:00,12.5,60,10.3,0.00,0.00,1012.2,9,8.5,96
2024-10-15 15:00,12.4,60,9.9,0.00,0.00,1012.3,4,11.3,91
2024-10-15 16:00,12.4,60,9.8,0.00,0.00,1012.0,2,12.6,100
2024-10-15 17:00,11.8,63,9.4,0.00,0.00,1012.0,0,13.2,101
2024-10-15 18:00,9.4,75,7.4,0.00,0.00,1011.8,1,15.4,107
2024-10-15 19:00,8.1,80,5.7,0.00,0.00,1012.0,6,19.6,103
2024-10-15 20:00,7.6,83,4.9,0.00,0.00,1012.3,1,24.0,97
2024-10-15 21:00,7.2,85,4.5,0.00,0.00,1012.5,13,24.9,93
2024-10-15 22:00,7.1,85,4.0,0.00,0.00,1012.6,29,27.3,101
2024-10-15 23:00,6.9,85,3.7,0.00,0.00,1012.3,68,27.6,107
2024-10-16 00:00,6.6,87,3.5,0.00,0.00,1012.2,89,25.8,109
2024-10-16 01:00,6.2,89,3.2,0.00,0.00,1011.6,100,25.0,112
2024-10-16 02:00,5.9,90,3.0,0.00,0.00,1011.2,100,24.7,115
2024-10-16 03:00,5.2,92,2.4,0.00,0.00,1010.6,100,22.7,126
2024-10-16 04:00,5.1,92,2.5,0.00,0.00,1010.2,100,20.7,129
2024-10-16 05:00,5.1,92,2.4,0.00,0.00,1009.8,83,20.3,121
2024-10-16 06:00,5.0,91,2.3,0.00,0.00,1009.8,67,21.2,114
2024-10-16 07:00,4.9,91,1.9,0.00,0.00,1009.5,21,24.7,106
2024-10-16 08:00,5.1,91,1.8,0.00,0.00,1009.2,41,26.6,105
2024-10-16 09:00,6.8,83,3.4,0.00,0.00,1009.5,14,26.0,104
2024-10-16 10:00,8.7,77,5.6,0.00,0.00,1009.3,11,23.9,99
2024-10-16 11:00,10.6,70,7.4,0.00,0.00,1008.6,24,21.6,98
2024-10-16 12:00,12.6,64,9.2,0.00,0.00,1008.4,97,22.9,101
2024-10-16 13:00,14.0,60,10.5,0.00,0.00,1007.8,78,25.2,107
2024-10-16 14:00,14.7,59,11.3,0.00,0.00,1007.4,78,25.1,103
2024-10-16 15:00,14.9,59,11.6,0.00,0.00,1007.3,63,25.2,100
2024-10-16 16:00,14.9,61,11.7,0.00,0.00,1007.0,70,26.8,103
2024-10-16 17:00,14.4,65,11.5,0.00,0.00,1006.6,82,28.5,106
2024-10-16 18:00,13.2,70,10.3,0.00,0.00,1006.2,22,30.4,111
2024-10-16 19:00,12.1,74,9.2,0.00,0.00,1005.9,28,30.9,109
2024-10-16 20:00,11.8,75,8.9,0.00,0.00,1005.8,96,30.0,117
2024-10-16 21:00,11.3,77,8.4,0.00,0.00,1005.5,57,29.8,120
2024-10-16 22:00,10.8,77,7.8,0.00,0.00,1005.3,24,29.8,121
2024-10-16 23:00,10.4,76,7.2,0.00,0.00,1005.1,36,30.2,122
2024-10-17 00:00,9.9,76,7.0,0.00,0.00,1005.2,57,27.2,127
2024-10-17 01:00,9.6,77,6.6,0.00,0.00,1004.6,93,27.7,124
2024-10-17 02:00,9.6,76,6.7,0.00,0.00,1004.3,90,27.0,123
2024-10-17 03:00,8.4,83,5.7,0.00,0.00,1004.2,99,23.8,132
2024-10-17 04:00,8.2,83,5.9,0.00,0.00,1003.9,100,20.3,140
2024-10-17 05:00,7.9,85,5.5,0.00,0.00,1003.9,24,20.7,145
2024-10-17 06:00,7.9,86,5.3,0.00,0.00,1003.7,7,23.3,153
2024-10-17 07:00,8.2,85,5.3,0.00,0.00,1003.6,30,26.9,163
2024-10-17 08:00,8.4,85,5.6,0.00,0.00,1003.8,13,25.4,165
2024-10-17 09:00,9.8,81,7.2,0.00,0.00,1004.2,21,25.1,158
2024-10-17 10:00,11.7,76,9.4,0.00,0.00,1004.3,83,22.1,158
2024-10-17 11:00,13.8,70,11.7,0.00,0.00,1004.1,99,16.9,158
2024-10-17 12:00,15.7,67,14.0,0.00,0.00,1004.0,100,15.5,154
2024-10-17 13:00,17.2,65,16.1,0.00,0.00,1003.9,100,12.5,162
2024-10-17 14:00,18.2,65,17.7,0.00,0.00,1003.7,100,9.6,168
2024-10-17 15:00,18.0,68,17.5,0.00,0.00,1004.0,97,10.1,145
2024-10-17 16:00,18.1,69,17.9,0.00,0.00,1003.8,100,10.1,139
2024-10-17 17:00,17.6,75,17.8,0.00,0.00,1003.8,100,11.6,123
2024-10-17 18:00,15.5,82,15.3,0.00,0.00,1003.7,99,17.1,119
2024-10-17 19:00,14.2,88,13.8,0.00,0.00,1004.1,99,18.6,127
2024-10-17 20:00,13.6,90,13.2,0.00,0.00,1004.3,99,19.0,138
2024-10-17 21:00,13.1,92,12.5,0.00,0.00,1004.3,100,19.8,159
2024-10-17 22:00,12.7,92,12.1,0.00,0.00,1004.4,28,18.6,174
2024-10-17 23:00,11.9,93,11.2,0.00,0.00,1004.4,17,16.6,178
2024-10-18 00:00,11.2,93,10.2,0.00,0.00,1004.6,19,17.1,166
2024-10-18 01:00,10.4,94,9.5,0.00,0.00,1004.5,42,14.7,169
2024-10-18 02:00,9.4,96,8.2,0.00,0.00,1004.5,69,12.5,174
2024-10-18 03:00,8.4,98,6.9,0.00,0.00,1003.9,15,9.5,158
2024-10-18 04:00,8.0,99,6.3,0.00,0.00,1004.0,47,10.3,136
2024-10-18 05:00,7.8,99,6.0,0.00,0.00,1004.2,37,11.4,152
2024-10-18 06:00,7.7,100,6.2,0.00,0.00,1003.9,93,10.9,146
2024-10-18 07:00,7.8,99,6.5,0.00,0.00,1003.5,100,11.6,116
2024-10-18 08:00,7.3,99,5.6,0.00,0.00,1003.9,98,10.6,132
2024-10-18 09:00,9.2,95,7.9,0.00,0.00,1004.2,100,11.4,127
2024-10-18 10:00,11.1,88,10.2,0.00,0.00,1003.8,100,8.9,111
2024-10-18 11:00,12.8,82,12.0,0.00,0.00,1003.8,100,7.0,122
2024-10-18 12:00,14.2,78,13.7,0.00,0.00,1003.8,6,6.2,107
2024-10-18 13:00,15.6,75,15.1,0.00,0.00,1002.9,21,8.1,77
2024-10-18 14:00,16.5,73,16.2,0.00,0.00,1002.5,100,8.1,84
2024-10-18 15:00,16.5,73,15.8,0.00,0.00,1003.0,100,10.3,105
2024-10-18 16:00,17.0,69,16.2,0.00,0.00,1002.4,100,12.0,109
2024-10-18 17:00,16.5,74,16.2,0.00,0.00,1002.5,100,11.4,113
2024-10-18 18:00,14.9,80,14.6,0.00,0.00,1002.4,100,14.5,117
2024-10-18 19:00,13.5,86,13.0,0.00,0.00,1002.4,100,15.7,107
2024-10-18 20:00,12.4,91,11.7,0.00,0.00,1002.1,100,16.8,115
2024-10-18 21:00,11.6,92,10.9,0.00,0.00,1002.3,97,16.2,148
2024-10-18 22:00,10.9,93,9.9,0.00,0.00,1002.3,67,17.4,164
2024-10-18 23:00,9.8,95,8.5,0.00,0.00,1002.1,99,13.5,181
2024-10-19 00:00,10.2,94,9.0,0.00,0.00,1002.5,100,15.8,179
2024-10-19 01:00,10.4,93,9.1,0.00,0.00,1002.5,100,17.4,188
2024-10-19 02:00,11.7,90,10.6,0.60,0.60,1002.6,78,18.8,197
2024-10-19 03:00,11.3,93,10.0,0.00,0.00,1002.7,21,22.3,203
2024-10-19 04:00,11.2,93,10.0,0.00,0.00,1002.4,4,21.0,206
2024-10-19 05:00,10.7,94,9.5,0.00,0.00,1002.6,6,18.8,192
2024-10-19 06:00,10.8,94,9.2,0.00,0.00,1003.2,18,24.5,193
2024-10-19 07:00,11.1,94,9.5,0.00,0.00,1003.3,32,23.7,194
2024-10-19 08:00,11.4,94,9.9,0.00,0.00,1003.9,63,24.6,196
2024-10-19 09:00,12.6,92,11.3,0.00,0.00,1004.2,59,23.1,196
2024-10-19 10:00,15.2,83,13.8,0.00,0.00,1004.7,100,23.2,199
2024-10-19 11:00,17.0,77,15.6,0.00,0.00,1004.9,100,23.9,207
2024-10-19 12:00,17.6,73,15.8,0.00,0.00,1005.5,100,26.7,214
2024-10-19 13:00,18.3,69,16.3,0.00,0.00,1005.6,100,27.7,210
2024-10-19 14:00,19.3,64,17.3,0.00,0.00,1005.8,100,27.2,213
2024-10-19 15:00,19.3,65,17.9,0.00,0.00,1005.9,100,22.1,212
2024-10-19 16:00,19.4,63,17.9,0.00,0.00,1006.2,100,22.6,209
2024-10-19 17:00,18.5,68,17.7,0.00,0.00,1006.7,100,20.6,207
2024-10-19 18:00,16.1,77,15.9,0.00,0.00,1007.0,100,18.0,207
2024-10-19 19:00,15.0,82,14.4,0.00,0.00,1007.5,100,20.6,207
2024-10-19 20:00,14.4,84,13.9,0.00,0.00,1007.8,100,20.3,217
2024-10-19 21:00,13.4,88,13.0,0.00,0.00,1008.2,100,16.3,208
2024-10-19 22:00,12.6,91,11.9,0.00,0.00,1008.6,100,16.3,188
2024-10-19 23:00,12.2,94,11.4,0.00,0.00,1008.8,100,18.9,180
2024-10-20 00:00,12.1,94,11.4,0.00,0.00,1009.4,100,19.0,190
2024-10-20 01:00,12.1,94,11.6,0.00,0.00,1009.8,100,16.3,197
2024-10-20 02:00,12.1,95,11.8,0.00,0.00,1010.0,100,13.1,195
2024-10-20 03:00,11.8,95,11.3,0.00,0.00,1009.9,100,13.8,198
2024-10-20 04:00,11.8,95,11.1,0.00,0.00,1010.2,100,16.2,201
2024-10-20 05:00,11.9,95,11.4,0.00,0.00,1010.1,100,14.1,202
2024-10-20 06:00,11.6,95,10.9,0.30,0.30,1010.1,83,13.7,190
2024-10-20 07:00,11.1,96,10.0,0.00,0.00,1010.1,99,16.9,172
2024-10-20 08:00,11.2,95,10.1,0.00,0.00,1010.5,4,19.6,169
2024-10-20 09:00,11.9,93,10.8,0.00,0.00,1010.9,13,17.4,173
2024-10-20 10:00,13.4,89,12.7,0.00,0.00,1010.8,7,16.4,184
2024-10-20 11:00,15.1,84,14.8,0.00,0.00,1010.3,10,10.4,160
2024-10-20 12:00,16.8,77,16.5,0.00,0.00,1010.1,97,10.8,156
2024-10-20 13:00,18.0,70,17.5,0.00,0.00,1009.7,100,11.0,162
2024-10-20 14:00,18.5,69,18.3,0.00,0.00,1009.6,100,10.7,173
2024-10-20 15:00,19.0,67,18.6,0.00,0.00,1009.1,100,12.3,187
2024-10-20 16:00,19.2,65,18.3,0.00,0.00,1009.2,100,17.3,213
2024-10-20 17:00,18.0,74,18.3,0.00,0.00,1009.1,100,13.4,241
2024-10-20 18:00,16.5,80,16.2,0.00,0.00,1009.0,100,17.9,236
2024-10-20 19:00,15.6,84,15.3,0.00,0.00,1009.3,100,19.6,224
2024-10-20 20:00,15.3,86,14.6,0.00,0.00,1009.6,100,23.3,210
2024-10-20 21:00,15.4,82,14.3,0.00,0.00,1009.7,100,25.5,200
2024-10-20 22:00,14.8,84,13.4,0.00,0.00,1009.7,100,27.2,195
2024-10-20 23:00,14.7,84,13.0,0.00,0.00,1009.8,100,29.2,198
2024-10-21 00:00,14.8,82,13.1,0.00,0.00,1010.1,100,28.5,209
2024-10-21 01:00,15.1,80,13.2,0.00,0.00,1010.0,100,29.9,213
2024-10-21 02:00,15.4,77,13.5,0.00,0.00,1010.1,100,28.9,219
2024-10-21 03:00,15.8,74,13.4,0.00,0.00,1010.2,100,32.8,225
2024-10-21 04:00,15.7,73,13.3,0.00,0.00,1010.4,100,32.2,222
2024-10-21 05:00,15.6,73,13.3,0.00,0.00,1010.6,100,31.8,223
2024-10-21 06:00,15.4,76,13.7,0.00,0.00,1011.0,100,27.6,226
2024-10-21 07:00,15.4,78,14.2,0.00,0.00,1011.2,100,23.4,223
2024-10-21 08:00,15.2,81,14.3,0.00,0.00,1011.7,100,22.1,230
2024-10-21 09:00,15.4,82,14.0,0.00,0.00,1012.1,100,26.1,226
2024-10-21 10:00,15.8,82,14.5,0.30,0.30,1012.5,94,26.3,226
2024-10-21 11:00,15.9,86,15.1,0.50,0.50,1012.8,100,22.7,225
2024-10-21 12:00,15.6,90,15.2,0.50,0.50,1013.0,100,21.3,229
2024-10-21 13:00,15.6,90,15.1,0.50,0.50,1013.0,35,21.6,229
2024-10-21 14:00,17.7,83,17.9,0.00,0.00,1012.9,9,14.8,211
2024-10-21 15:00,20.0,69,19.2,0.00,0.00,1012.9,74,21.4,241
2024-10-21 16:00,20.1,68,19.6,0.00,0.00,1012.8,7,19.0,245
2024-10-21 17:00,19.4,74,20.0,0.00,0.00,1012.6,10,13.0,215
2024-10-21 18:00,17.2,82,17.5,0.00,0.00,1012.6,54,18.0,187
2024-10-21 19:00,16.2,86,16.1,0.00,0.00,1013.0,30,21.7,193
2024-10-21 20:00,15.2,89,15.2,0.00,0.00,1012.5,100,19.6,195
2024-10-21 21:00,14.6,91,14.5,0.00,0.00,1012.3,94,17.8,200
2024-10-21 22:00,13.9,93,13.9,0.00,0.00,1012.3,95,17.4,191
2024-10-21 23:00,13.6,93,13.5,0.00,0.00,1012.0,100,16.1,184
2024-10-22 00:00,13.9,92,13.4,0.00,0.00,1011.6,99,18.0,179
2024-10-22 01:00,14.0,90,13.1,0.00,0.00,1011.1,86,23.1,177
2024-10-22 02:00,14.1,87,12.9,0.00,0.00,1010.8,77,26.8,182
2024-10-22 03:00,13.6,88,12.5,0.00,0.00,1010.2,40,24.8,186
2024-10-22 04:00,13.2,86,11.8,0.00,0.00,1009.8,30,25.7,195
2024-10-22 05:00,13.1,83,11.4,0.00,0.00,1009.7,22,26.7,201
2024-10-22 06:00,13.2,80,11.4,0.00,0.00,1009.4,39,26.3,203
2024-10-22 07:00,13.2,80,11.4,0.00,0.00,1009.3,53,26.6,216
2024-10-22 08:00,14.4,77,12.4,0.00,0.00,1009.5,99,29.2,227
2024-10-22 09:00,15.9,75,13.9,0.00,0.00,1010.2,100,30.1,241
2024-10-22 10:00,16.2,78,14.4,0.00,0.00,1011.1,99,30.7,250
2024-10-22 11:00,16.8,78,15.4,0.00,0.00,1011.8,45,26.2,262
2024-10-22 12:00,17.8,71,15.8,0.00,0.00,1012.7,100,26.6,302
2024-10-22 13:00,15.8,66,12.9,0.00,0.00,1013.9,6,27.4,318
2024-10-22 14:00,15.5,64,12.6,0.00,0.00,1014.7,4,25.2,314
2024-10-22 15:00,14.9,66,11.9,0.00,0.00,1016.1,42,25.8,319
2024-10-22 16:00,14.5,65,11.8,0.00,0.00,1016.5,36,22.0,322
2024-10-22 17:00,14.1,65,11.8,0.00,0.00,1017.0,28,18.2,319
2024-10-22 18:00,11.9,75,10.3,0.00,0.00,1017.4,55,16.6,313
2024-10-22 19:00,10.9,78,9.1,0.00,0.00,1018.2,68,19.2,314
2024-10-22 20:00,10.2,81,8.5,0.00,0.00,1018.6,11,17.1,322
2024-10-22 21:00,9.1,87,7.6,0.00,0.00,1019.2,58,13.3,312
2024-10-22 22:00,8.8,89,7.0,0.00,0.00,1019.8,40,13.0,274
2024-10-22 23:00,8.4,91,6.6,0.00,0.00,1020.0,94,16.8,266
2024-10-23 00:00,8.2,91,6.4,0.00,0.00,1020.4,96,17.0,283
2024-10-23 01:00,7.8,91,6.0,0.00,0.00,1020.7,80,13.5,297
2024-10-23 02:00,7.3,93,5.6,0.00,0.00,1021.0,90,12.3,304
2024-10-23 03:00,6.1,95,4.0,0.00,0.00,1021.4,40,11.3,299
2024-10-23 04:00,6.1,95,4.2,0.00,0.00,1021.7,6,10.2,280
2024-10-23 05:00,5.8,96,3.9,0.00,0.00,1021.9,0,11.5,284
2024-10-23 06:00,5.7,96,3.7,0.00,0.00,1022.0,1,10.5,276
2024-10-23 07:00,5.4,97,3.5,0.00,0.00,1022.1,0,9.1,249
2024-10-23 08:00,5.3,96,3.3,0.00,0.00,1022.4,1,10.1,243
2024-10-23 09:00,7.1,93,5.1,0.00,0.00,1023.1,0,10.4,244
2024-10-23 10:00,9.6,87,8.2,0.00,0.00,1023.6,0,10.4,253
2024-10-23 11:00,12.0,80,11.2,0.00,0.00,1023.9,0,6.7,256
2024-10-23 12:00,13.6,72,13.0,0.00,0.00,1024.0,0,2.6,236
2024-10-23 13:00,14.6,66,13.9,0.00,0.00,1023.8,40,2.3,198
2024-10-23 14:00,15.1,60,14.1,0.00,0.00,1023.1,35,2.4,167
2024-10-23 15:00,15.0,63,13.9,0.00,0.00,1023.3,51,4.7,152
2024-10-23 16:00,14.9,63,13.9,0.00,0.00,1023.0,48,4.6,116
2024-10-23 17:00,13.9,70,13.0,0.00,0.00,1022.7,51,8.4,121
2024-10-23 18:00,11.0,84,9.5,0.00,0.00,1022.6,25,12.6,132
2024-10-23 19:00,9.4,89,7.5,0.00,0.00,1022.7,0,10.9,126
2024-10-23 20:00,8.6,92,6.7,0.00,0.00,1022.7,0,11.1,151
2024-10-23 21:00,10.4,85,9.0,0.00,0.00,1022.6,0,7.8,148
2024-10-23 22:00,8.2,92,6.3,0.00,0.00,1022.4,0,11.0,124
2024-10-23 23:00,6.6,96,4.3,0.00,0.00,1021.9,0,15.1,126
2024-10-24 00:00,5.9,97,3.4,0.00,0.00,1022.0,0,14.8,130
2024-10-24 01:00,6.0,96,3.7,0.00,0.00,1021.9,0,12.7,123
2024-10-24 02:00,5.2,98,2.6,0.00,0.00,1021.7,0,12.8,114
2024-10-24 03:00,4.4,99,2.0,0.00,0.00,1021.1,0,16.4,102
2024-10-24 04:00,5.1,98,2.9,0.00,0.00,1020.7,0,19.7,118
2024-10-24 05:00,4.3,98,1.7,0.00,0.00,1020.1,0,17.1,111
2024-10-24 06:00,3.7,99,0.8,0.00,0.00,1019.7,0,14.7,109
2024-10-24 07:00,4.2,99,1.9,0.00,0.00,1019.2,0,15.4,100
2024-10-24 08:00,4.7,98,2.4,0.00,0.00,1018.8,0,16.9,93
2024-10-24 09:00,6.4,95,4.1,0.00,0.00,1018.8,0,17.5,91
2024-10-24 10:00,8.4,87,6.4,0.00,0.00,1018.6,0,13.7,91
2024-10-24 11:00,10.2,82,8.7,0.00,0.00,1018.1,0,8.6,92
2024-10-24 12:00,12.1,76,10.6,0.00,0.00,1017.8,0,9.2,101
2024-10-24 13:00,13.8,71,12.3,0.00,0.00,1016.7,2,9.9,105
2024-10-24 14:00,15.0,68,13.5,0.00,0.00,1015.7,8,11.7,94
2024-10-24 15:00,15.1,69,13.7,0.00,0.00,1015.4,0,12.1,113
2024-10-24 16:00,15.4,68,13.3,0.00,0.00,1014.8,99,18.3,133
2024-10-24 17:00,14.8,72,14.0,0.00,0.00,1014.2,100,12.2,116
2024-10-24 18:00,13.1,79,12.2,0.00,0.00,1013.5,100,13.2,84
2024-10-24 19:00,13.1,80,11.3,0.00,0.00,1013.3,99,24.2,128
2024-10-24 20:00,12.9,78,10.7,0.00,0.00,1013.2,84,25.9,152
2024-10-24 21:00,11.9,84,10.3,0.00,0.00,1012.9,4,21.5,161
2024-10-24 22:00,10.3,91,8.8,0.00,0.00,1012.7,5,20.6,161
2024-10-24 23:00,9.7,93,8.2,0.00,0.00,1012.5,13,20.6,174
2024-10-25 00:00,9.8,92,8.3,0.00,0.00,1012.2,5,20.7,187
2024-10-25 01:00,10.1,90,8.6,0.00,0.00,1011.4,0,20.7,200
2024-10-25 02:00,9.8,91,8.3,0.00,0.00,1011.1,0,19.1,189
2024-10-25 03:00,9.4,93,7.9,0.00,0.00,1010.9,1,18.3,187
2024-10-25 04:00,8.8,95,7.1,0.00,0.00,1010.4,2,19.1,179
2024-10-25 05:00,8.4,96,6.7,0.00,0.00,1010.0,0,19.5,184
2024-10-25 06:00,8.2,97,6.5,0.00,0.00,1009.9,0,19.8,182
2024-10-25 07:00,8.3,97,6.5,0.00,0.00,1009.8,0,20.8,186
2024-10-25 08:00,8.5,96,6.7,0.00,0.00,1009.8,0,21.5,184
2024-10-25 09:00,9.6,95,7.8,0.00,0.00,1009.9,0,19.9,184
2024-10-25 10:00,11.3,90,10.0,0.00,0.00,1009.9,0,20.9,191
2024-10-25 11:00,13.2,83,12.1,0.00,0.00,1009.9,0,13.7,189
2024-10-25 12:00,14.9,77,13.9,0.00,0.00,1009.6,0,12.5,196
2024-10-25 13:00,16.4,72,15.5,0.00,0.00,1009.4,0,12.0,198
2024-10-25 14:00,17.4,69,16.6,0.00,0.00,1008.9,0,11.5,200
2024-10-25 15:00,18.4,64,17.7,0.00,0.00,1008.7,0,10.6,201
2024-10-25 16:00,18.4,65,17.8,0.00,0.00,1008.4,20,11.1,192
2024-10-25 17:00,17.0,75,17.2,0.00,0.00,1008.3,1,11.9,190
2024-10-25 18:00,13.8,85,12.8,0.00,0.00,1008.0,0,13.3,188
2024-10-25 19:00,12.9,88,12.0,0.00,0.00,1008.2,0,15.6,191
2024-10-25 20:00,12.4,91,11.6,0.00,0.00,1008.4,2,17.6,206
2024-10-25 21:00,12.2,92,11.5,0.00,0.00,1008.4,11,17.1,218
2024-10-25 22:00,11.8,94,11.0,0.00,0.00,1008.6,20,15.9,223
2024-10-25 23:00,11.1,95,10.3,0.00,0.00,1008.9,3,15.2,235
2024-10-26 00:00,10.2,96,9.2,0.00,0.00,1009.0,0,15.3,249
2024-10-26 01:00,9.6,96,8.4,0.00,0.00,1009.0,0,14.8,252
2024-10-26 02:00,9.6,96,8.2,0.00,0.00,1009.0,0,16.1,254
2024-10-26 03:00,9.9,95,8.6,0.00,0.00,1009.0,0,15.5,271
2024-10-26 04:00,8.9,97,7.2,0.00,0.00,1009.0,0,10.4,281
2024-10-26 05:00,8.4,98,7.0,0.00,0.00,1009.0,0,5.3,280
2024-10-26 06:00,8.1,99,7.0,0.00,0.00,1009.1,3,3.7,223
2024-10-26 07:00,7.9,100,6.8,0.00,0.00,1008.7,100,5.6,201
2024-10-26 08:00,7.6,100,6.4,0.00,0.00,1008.6,100,6.6,191
2024-10-26 09:00,8.4,99,7.1,0.00,0.00,1009.1,100,8.8,185
2024-10-26 10:00,9.6,99,8.9,0.00,0.00,1009.1,100,9.2,179
2024-10-26 11:00,10.9,96,10.4,0.00,0.00,1009.3,100,7.4,193
2024-10-26 12:00,13.4,90,13.6,0.00,0.00,1009.1,97,6.3,198
2024-10-26 13:00,15.7,80,16.0,0.00,0.00,1008.6,49,3.6,171
2024-10-26 14:00,17.2,72,17.4,0.00,0.00,1008.0,50,4.2,137
2024-10-26 15:00,17.5,66,17.3,0.00,0.00,1007.7,49,5.5,128
2024-10-26 16:00,17.6,67,17.3,0.00,0.00,1007.4,14,6.8,112
2024-10-26 17:00,16.1,79,16.3,0.00,0.00,1007.0,34,11.1,107
2024-10-26 18:00,12.8,88,11.7,0.00,0.00,1006.7,19,15.0,104
2024-10-26 19:00,12.8,89,12.0,0.00,0.00,1006.6,55,19.6,100
2024-10-26 20:00,12.2,91,11.2,0.00,0.00,1006.4,97,21.0,105
2024-10-26 21:00,11.4,93,10.5,0.00,0.00,1006.2,100,18.9,117
2024-10-26 22:00,10.8,94,9.7,0.00,0.00,1006.2,93,18.8,131
2024-10-26 23:00,10.1,93,8.8,0.00,0.00,1006.0,100,18.8,140
2024-10-27 00:00,9.4,94,8.0,0.00,0.00,1006.0,0,17.1,158
2024-10-27 01:00,8.6,96,7.3,0.00,0.00,1005.7,9,16.7,200
2024-10-27 02:00,8.1,97,6.5,0.00,0.00,1005.2,100,15.9,193
2024-10-27 03:00,8.1,96,6.4,0.00,0.00,1005.0,87,19.0,189
2024-10-27 04:00,8.7,94,6.9,0.00,0.00,1004.8,4,21.5,177
2024-10-27 05:00,8.7,94,6.8,0.00,0.00,1004.3,1,20.8,176
2024-10-27 06:00,8.5,95,6.8,0.00,0.00,1004.1,4,19.2,186
2024-10-27 07:00,8.6,94,6.5,0.00,0.00,1004.5,24,22.7,214
2024-10-27 08:00,8.7,94,6.7,0.00,0.00,1005.2,31,23.2,237
2024-10-27 09:00,9.2,95,7.2,0.00,0.00,1005.8,70,22.3,240
2024-10-27 10:00,10.5,92,8.4,0.00,0.00,1006.4,57,23.7,234
2024-10-27 11:00,12.3,83,9.2,0.00,0.00,1006.7,39,30.2,242
2024-10-27 12:00,13.6,79,11.5,0.00,0.00,1007.1,100,21.4,241
2024-10-27 13:00,14.1,78,12.0,0.00,0.00,1007.5,98,22.1,244
2024-10-27 14:00,13.8,86,12.1,1.30,1.30,1007.9,93,24.4,252
2024-10-27 15:00,16.8,73,15.2,0.00,0.00,1008.5,85,21.7,255
2024-10-27 16:00,16.4,75,15.1,0.00,0.00,1009.1,93,20.3,258
2024-10-27 17:00,15.9,78,14.9,0.00,0.00,1009.8,100,21.3,257
2024-10-27 18:00,15.1,83,14.2,0.00,0.00,1010.5,100,21.1,270
2024-10-27 19:00,14.5,87,14.2,0.10,0.10,1011.2,100,16.0,285
2024-10-27 20:00,13.9,92,13.9,0.40,0.40,1011.8,100,12.8,309
2024-10-27 21:00,13.6,95,13.8,0.40,0.40,1012.6,100,11.7,322
2024-10-27 22:00,12.8,97,12.8,0.10,0.10,1012.9,100,10.2,326
2024-10-27 23:00,12.8,96,12.7,0.00,0.00,1013.3,100,7.7,335
2024-10-28 00:00,13.2,95,13.4,0.00,0.00,1013.5,100,5.4,26
2024-10-28 01:00,12.9,96,13.1,0.00,0.00,1013.5,100,5.5,148
2024-10-28 02:00,12.6,97,12.8,0.10,0.10,1013.4,100,8.8,163
2024-10-28 03:00,12.5,97,12.2,0.00,0.00,1013.6,100,12.6,167
2024-10-28 04:00,12.2,97,11.5,0.00,0.00,1013.1,42,17.2,190
2024-10-28 05:00,12.0,95,11.1,0.00,0.00,1013.0,100,19.1,213
2024-10-28 06:00,12.2,95,11.2,0.40,0.40,1012.8,98,20.3,217
2024-10-28 07:00,11.9,95,10.8,0.90,0.90,1012.5,41,19.5,222
2024-10-28 08:00,11.9,95,10.9,0.40,0.40,1012.2,35,19.3,219
2024-10-28 09:00,12.2,94,11.3,0.00,0.00,1012.3,28,18.8,217
2024-10-28 10:00,13.5,92,12.9,0.00,0.00,1012.4,58,18.2,219
2024-10-28 11:00,14.9,86,14.5,0.00,0.00,1012.3,73,12.4,221
2024-10-28 12:00,16.2,78,15.2,0.00,0.00,1012.2,99,16.8,239
2024-10-28 13:00,16.9,75,15.2,0.00,0.00,1011.7,100,24.0,253
2024-10-28 14:00,17.0,75,15.3,0.10,0.10,1011.1,100,24.3,255
2024-10-28 15:00,16.8,74,14.9,0.00,0.00,1011.3,100,26.3,247
2024-10-28 16:00,16.5,75,14.9,0.00,0.00,1011.1,94,24.8,240
2024-10-28 17:00,15.9,78,14.6,0.00,0.00,1011.0,100,23.4,241
2024-10-28 18:00,14.4,84,13.2,0.00,0.00,1011.3,100,24.3,243
2024-10-28 19:00,13.9,86,12.6,0.00,0.00,1011.6,98,25.0,241
2024-10-28 20:00,13.2,89,12.1,0.00,0.00,1011.8,62,23.7,241
2024-10-28 21:00,12.4,92,11.4,0.00,0.00,1012.0,33,21.9,243
2024-10-28 22:00,11.9,93,10.7,0.00,0.00,1012.4,59,22.9,251
2024-10-28 23:00,11.5,94,10.3,0.00,0.00,1012.5,27,21.9,250
2024-10-29 00:00,11.2,95,9.9,0.00,0.00,1012.7,27,22.7,251
2024-10-29 01:00,11.2,94,10.0,0.00,0.00,1012.7,100,22.3,247
2024-10-29 02:00,12.1,92,11.1,0.00,0.00,1012.5,100,20.3,245
2024-10-29 03:00,11.6,94,11.0,0.00,0.00,1012.6,100,16.1,250
2024-10-29 04:00,12.1,92,11.5,0.00,0.00,1012.7,100,15.9,250
2024-10-29 05:00,12.1,93,11.3,0.30,0.30,1012.6,100,18.0,242
2024-10-29 06:00,12.5,93,11.5,0.00,0.00,1012.8,100,20.1,242
2024-10-29 07:00,12.2,94,11.1,0.00,0.00,1012.9,52,21.7,244
2024-10-29 08:00,11.5,95,10.3,0.00,0.00,1013.0,4,22.2,242
2024-10-29 09:00,11.8,95,10.5,0.00,0.00,1013.2,3,22.7,245
2024-10-29 10:00,13.1,90,12.2,0.00,0.00,1013.3,9,22.6,249
2024-10-29 11:00,14.5,81,13.1,0.00,0.00,1013.3,24,18.2,252
2024-10-29 12:00,15.5,76,14.2,0.00,0.00,1013.4,30,17.0,250
2024-10-29 13:00,16.2,72,14.8,0.00,0.00,1013.2,53,17.7,248
2024-10-29 14:00,16.1,71,14.5,0.00,0.00,1012.9,100,18.4,250
2024-10-29 15:00,16.5,69,14.6,0.00,0.00,1012.6,31,21.0,254
2024-10-29 16:00,16.2,71,14.3,0.00,0.00,1012.4,37,22.5,254
2024-10-29 17:00,15.4,74,13.9,0.00,0.00,1012.2,43,20.8,258
2024-10-29 18:00,14.4,79,13.4,0.00,0.00,1012.3,100,17.5,261
2024-10-29 19:00,13.9,83,13.1,0.00,0.00,1012.5,99,17.2,256
2024-10-29 20:00,13.5,86,12.8,0.30,0.30,1012.7,100,17.4,263
2024-10-29 21:00,13.2,89,12.5,0.20,0.20,1012.7,51,18.0,267
2024-10-29 22:00,12.4,92,11.8,0.10,0.10,1012.6,66,17.0,266
2024-10-29 23:00,11.9,94,11.2,0.00,0.00,1012.7,99,17.2,265
2024-10-30 00:00,12.6,92,11.8,0.00,0.00,1012.8,100,18.2,256
2024-10-30 01:00,12.8,91,11.7,0.00,0.00,1012.5,100,20.9,255
2024-10-30 02:00,12.9,90,11.6,0.00,0.00,1012.7,100,21.4,257
2024-10-30 03:00,13.1,89,12.2,0.10,0.10,1013.0,100,17.3,278
2024-10-30 04:00,13.1,91,12.4,0.30,0.30,1013.0,100,15.8,277
2024-10-30 05:00,12.9,93,12.4,0.00,0.00,1013.1,100,14.9,278
2024-10-30 06:00,12.8,94,12.3,0.00,0.00,1013.2,99,13.8,263
2024-10-30 07:00,12.8,95,12.2,0.00,0.00,1013.0,100,15.2,256
2024-10-30 08:00,12.8,94,12.2,0.00,0.00,1013.6,100,15.5,267
2024-10-30 09:00,12.8,95,12.3,0.10,0.10,1014.1,100,14.2,273
2024-10-30 10:00,13.6,91,13.2,0.00,0.00,1014.7,100,10.8,298
2024-10-30 11:00,14.0,89,13.8,0.10,0.10,1014.9,99,8.1,294
2024-10-30 12:00,14.3,87,14.1,0.10,0.10,1015.2,100,8.0,290
2024-10-30 13:00,14.6,85,14.2,0.40,0.40,1015.2,100,10.5,305
2024-10-30 14:00,14.9,83,14.2,0.40,0.40,1014.8,100,12.7,305
2024-10-30 15:00,15.5,76,14.7,0.00,0.00,1014.4,100,11.5,293
2024-10-30 16:00,15.4,74,14.3,0.10,0.10,1014.5,100,12.7,288
2024-10-30 17:00,14.7,80,14.4,0.10,0.10,1014.4,100,10.7,275
2024-10-30 18:00,13.4,87,13.1,0.20,0.20,1014.6,100,12.2,297
2024-10-30 19:00,13.2,89,12.8,0.10,0.10,1014.9,100,12.6,299
2024-10-30 20:00,13.2,89,12.7,0.00,0.00,1015.3,100,14.1,295
2024-10-30 21:00,13.1,89,12.4,0.00,0.00,1015.4,100,15.0,303
2024-10-30 22:00,12.9,88,12.0,0.00,0.00,1015.7,100,16.3,311
2024-10-30 23:00,12.3,91,11.4,0.00,0.00,1015.7,100,16.5,314
2024-10-31 00:00,12.3,92,11.3,0.00,0.00,1015.7,100,16.7,335
2024-10-31 01:00,11.7,94,10.8,0.00,0.00,1015.7,100,16.2,339
2024-10-31 02:00,10.9,96,10.2,0.00,0.00,1016.0,100,13.1,333
2024-10-31 03:00,10.9,96,10.3,0.00,0.00,1016.0,100,11.5,312
2024-10-31 04:00,10.7,96,10.1,0.00,0.00,1016.1,100,11.4,311
2024-10-31 05:00,10.8,96,10.3,0.00,0.00,1016.0,100,9.4,310
2024-10-31 06:00,10.0,97,9.3,0.00,0.00,1016.3,94,8.4,304
2024-10-31 07:00,9.6,98,8.9,0.00,0.00,1016.3,94,7.9,300
2024-10-31 08:00,8.9,98,7.9,0.00,0.00,1016.1,86,6.1,289
2024-10-31 09:00,9.7,98,9.1,0.00,0.00,1016.5,77,4.2,258
2024-10-31 10:00,11.4,91,10.8,0.00,0.00,1016.4,95,7.6,211
2024-10-31 11:00,12.9,82,11.8,0.00,0.00,1016.1,95,11.0,206
2024-10-31 12:00,14.1,73,12.2,0.00,0.00,1015.7,95,17.2,227
2024-10-31 13:00,15.1,65,12.9,0.00,0.00,1015.3,100,17.6,248
2024-10-31 14:00,15.5,63,13.2,0.00,0.00,1014.7,100,19.0,253
2024-10-31 15:00,14.4,68,12.1,0.00,0.00,1014.8,95,18.7,247
2024-10-31 16:00,14.4,66,12.0,0.00,0.00,1014.5,89,20.3,250
2024-10-31 17:00,14.1,69,12.1,0.00,0.00,1014.0,60,19.0,253
2024-10-31 18:00,13.1,72,11.3,0.00,0.00,1013.7,35,19.5,253
2024-10-31 19:00,11.6,79,9.8,0.00,0.00,1013.5,4,21.5,247
2024-10-31 20:00,10.9,83,9.0,0.00,0.00,1013.2,1,23.0,247
2024-10-31 21:00,10.4,86,8.5,0.00,0.00,1013.2,0,22.2,252
2024-10-31 22:00,10.1,87,8.2,0.00,0.00,1013.2,1,23.1,250
2024-10-31 23:00,9.6,89,7.9,0.00,0.00,1013.1,0,20.7,257
2024-11-01 00:00,9.1,91,7.4,0.00,0.00,1013.0,0,20.0,262
2024-11-01 01:00,9.0,92,7.1,0.00,0.00,1012.7,0,22.2,255
2024-11-01 02:00,8.9,92,6.9,0.00,0.00,1012.3,0,23.9,249
2024-11-01 03:00,8.9,93,6.3,0.00,0.00,1011.8,0,27.8,243
2024-11-01 04:00,8.8,94,6.1,0.00,0.00,1011.3,2,28.8,244
2024-11-01 05:00,8.6,94,5.9,0.00,0.00,1011.0,5,28.9,245
2024-11-01 06:00,8.6,94,5.9,0.00,0.00,1011.0,15,27.9,248
2024-11-01 07:00,8.2,95,5.5,0.00,0.00,1010.9,86,27.9,250
2024-11-01 08:00,8.3,96,5.6,0.00,0.00,1010.9,100,27.1,252
2024-11-01 09:00,9.0,93,6.3,0.00,0.00,1011.1,97,25.6,252
2024-11-01 10:00,9.8,88,6.7,0.00,0.00,1011.5,94,26.1,251
2024-11-01 11:00,10.9,83,7.9,0.00,0.00,1011.3,87,24.7,253
2024-11-01 12:00,12.1,78,9.3,0.00,0.00,1011.1,62,23.9,252
2024-11-01 13:00,12.9,74,10.0,0.00,0.00,1010.7,60,24.4,254
2024-11-01 14:00,13.6,70,10.7,0.00,0.00,1010.2,83,24.1,256
2024-11-01 15:00,12.4,74,9.2,0.00,0.00,1010.0,77,26.3,253
2024-11-01 16:00,12.2,75,9.1,0.00,0.00,1009.7,49,26.1,256
2024-11-01 17:00,11.8,77,9.1,0.00,0.00,1009.6,5,24.6,255
2024-11-01 18:00,10.6,82,8.1,0.00,0.00,1009.9,6,23.8,266
2024-11-01 19:00,9.9,84,7.5,0.00,0.00,1010.4,16,24.9,272
2024-11-01 20:00,9.9,84,7.4,0.00,0.00,1010.8,77,24.9,268
2024-11-01 21:00,9.8,86,7.5,0.00,0.00,1011.3,80,22.0,270
2024-11-01 22:00,9.5,88,7.6,0.00,0.00,1011.8,100,18.9,278
2024-11-01 23:00,10.2,84,7.9,0.00,0.00,1011.8,100,21.2,263
2024-11-02 00:00,10.4,82,8.1,0.00,0.00,1012.0,100,21.5,260
2024-11-02 01:00,10.4,83,8.1,0.00,0.00,1012.4,100,20.7,267
2024-11-02 02:00,10.6,83,8.3,0.00,0.00,1012.3,100,21.3,261
2024-11-02 03:00,10.4,83,8.1,0.00,0.00,1012.9,100,21.5,262
2024-11-02 04:00,10.6,83,8.6,0.00,0.00,1013.3,100,19.6,278
2024-11-02 05:00,11.1,84,9.2,0.10,0.10,1013.6,100,19.3,300
2024-11-02 06:00,11.1,88,9.2,0.10,0.10,1014.1,100,21.2,324
2024-11-02 07:00,10.9,90,8.8,0.10,0.10,1014.8,100,22.3,344
2024-11-02 08:00,10.2,82,7.3,0.00,0.00,1016.0,100,24.4,351
2024-11-02 09:00,9.4,78,6.3,0.00,0.00,1017.3,100,20.9,356
2024-11-02 10:00,9.2,73,6.1,0.00,0.00,1018.3,99,17.1,358
2024-11-02 11:00,9.3,69,6.1,0.00,0.00,1018.7,91,16.2,3
2024-11-02 12:00,9.5,66,6.3,0.00,0.00,1019.4,100,15.2,7
2024-11-02 13:00,9.6,64,6.7,0.00,0.00,1019.6,100,11.8,13
2024-11-02 14:00,9.9,61,7.2,0.00,0.00,1019.6,100,9.3,22
2024-11-02 15:00,9.2,65,6.6,0.00,0.00,1019.8,100,9.7,18
2024-11-02 16:00,9.1,64,6.4,0.00,0.00,1020.0,91,9.9,29
2024-11-02 17:00,9.0,63,6.3,0.00,0.00,1020.1,95,9.8,47
2024-11-02 18:00,8.1,76,6.1,0.00,0.00,1020.3,100,7.4,67
2024-11-02 19:00,8.6,65,6.7,0.00,0.00,1020.4,100,3.7,104
2024-11-02 20:00,7.6,76,5.6,0.00,0.00,1020.9,100,4.6,26
2024-11-02 21:00,7.6,75,5.5,0.00,0.00,1020.9,96,5.9,18
2024-11-02 22:00,7.2,77,4.9,0.00,0.00,1021.1,96,8.3,14
2024-11-02 23:00,6.6,85,4.5,0.00,0.00,1021.0,76,6.9,49
2024-11-03 00:00,6.6,87,4.7,0.00,0.00,1021.3,68,6.4,100
2024-11-03 01:00,6.2,89,4.2,0.00,0.00,1021.5,74,7.3,126
2024-11-03 02:00,6.3,86,4.3,0.00,0.00,1020.8,81,11.3,160
2024-11-03 03:00,6.3,83,4.6,0.00,0.00,1021.0,100,5.1,176
2024-11-03 04:00,6.1,85,4.1,0.00,0.00,1020.6,100,5.6,186
2024-11-03 05:00,5.6,89,3.8,0.00,0.00,1020.4,100,4.3,208
2024-11-03 06:00,5.1,92,3.2,0.00,0.00,1020.0,96,4.4,212
2024-11-03 07:00,3.5,95,1.1,0.00,0.00,1019.6,72,6.5,199
2024-11-03 08:00,1.5,99,-1.5,0.00,0.00,1019.4,67,8.9,199
2024-11-03 09:00,2.8,99,0.6,0.00,0.00,1019.8,89,8.0,211
2024-11-03 10:00,4.8,91,2.7,0.00,0.00,1019.9,95,8.1,215
2024-11-03 11:00,7.0,78,5.0,0.00,0.00,1019.7,74,5.6,225
2024-11-03 12:00,8.5,70,6.1,0.00,0.00,1019.5,89,7.4,229
2024-11-03 13:00,9.6,65,6.8,0.00,0.00,1018.7,62,11.5,235
2024-11-03 14:00,10.2,64,7.4,0.00,0.00,1018.1,73,12.6,245
2024-11-03 15:00,10.3,69,7.8,0.00,0.00,1017.9,85,11.8,251
2024-11-03 16:00,10.1,71,7.8,0.00,0.00,1017.7,78,11.5,256
2024-11-03 17:00,8.9,80,7.1,0.00,0.00,1017.3,88,12.9,252
2024-11-03 18:00,6.1,89,3.6,0.00,0.00,1017.0,86,14.1,253
2024-11-03 19:00,5.3,92,2.8,0.00,0.00,1016.9,84,12.8,268
2024-11-03 20:00,4.4,95,1.9,0.00,0.00,1017.0,49,10.3,299
2024-11-03 21:00,3.8,96,1.1,0.00,0.00,1017.1,1,8.3,318
2024-11-03 22:00,3.2,95,0.5,0.00,0.00,1017.1,0,8.4,315
2024-11-03 23:00,2.8,95,0.1,0.00,0.00,1017.4,0,10.2,309
2024-11-04 00:00,2.7,94,-0.1,0.00,0.00,1018.0,0,13.1,319
2024-11-04 01:00,2.2,96,-0.8,0.00,0.00,1018.3,0,13.9,327
2024-11-04 02:00,1.9,99,-0.9,0.00,0.00,1018.3,0,13.7,326
2024-11-04 03:00,1.5,100,-1.1,0.00,0.00,1018.1,98,12.9,316
2024-11-04 04:00,2.5,100,-0.1,0.00,0.00,1018.1,99,12.8,312
2024-11-04 05:00,3.5,98,1.1,0.00,0.00,1018.0,100,10.4,312
2024-11-04 06:00,4.1,94,1.7,0.00,0.00,1018.1,100,8.3,286
2024-11-04 07:00,4.7,92,2.1,0.00,0.00,1018.0,100,8.2,262
2024-11-04 08:00,4.7,93,2.1,0.00,0.00,1018.0,100,10.3,237
2024-11-04 09:00,4.9,94,2.9,0.00,0.00,1018.6,100,9.5,241
2024-11-04 10:00,6.1,90,4.7,0.00,0.00,1019.2,100,3.6,276
2024-11-04 11:00,6.8,88,5.4,0.00,0.00,1019.6,100,1.8,259
2024-11-04 12:00,7.7,86,6.3,0.00,0.00,1019.7,100,1.4,203
2024-11-04 13:00,8.3,85,6.9,0.00,0.00,1019.4,100,3.4,177
2024-11-04 14:00,9.0,83,7.6,0.00,0.00,1018.9,100,4.5,185
2024-11-04 15:00,8.3,88,6.9,0.00,0.00,1018.6,100,4.0,129
2024-11-04 16:00,8.2,88,6.8,0.00,0.00,1018.5,100,4.6,116
2024-11-04 17:00,8.2,88,6.7,0.00,0.00,1018.1,100,5.6,112
2024-11-04 18:00,7.9,90,6.4,0.00,0.00,1018.0,100,7.7,118
2024-11-04 19:00,7.7,93,6.2,0.00,0.00,1018.1,100,9.0,105
2024-11-04 20:00,7.6,94,6.0,0.00,0.00,1018.2,100,10.6,89
2024-11-04 21:00,7.6,94,5.9,0.00,0.00,1017.8,100,12.9,96
2024-11-04 22:00,7.6,94,5.9,0.00,0.00,1017.5,100,13.2,105
2024-11-04 23:00,7.2,96,5.6,0.00,0.00,1017.5,72,13.4,105
2024-11-05 00:00,6.4,97,4.7,0.00,0.00,1017.1,9,13.3,109
2024-11-05 01:00,5.6,98,3.5,0.00,0.00,1016.7,7,12.9,115
2024-11-05 02:00,4.1,100,1.5,0.00,0.00,1016.3,11,11.9,120
2024-11-05 03:00,5.3,97,3.1,0.00,0.00,1016.1,95,9.3,108
2024-11-05 04:00,6.1,98,4.5,0.00,0.00,1015.9,100,8.1,111
2024-11-05 05:00,6.1,98,4.5,0.00,0.00,1015.7,100,5.7,145
2024-11-05 06:00,5.7,99,4.1,0.00,0.00,1015.5,100,4.2,173
2024-11-05 07:00,5.4,98,3.6,0.00,0.00,1015.5,100,5.9,169
2024-11-05 08:00,5.2,99,3.0,0.00,0.00,1015.2,100,8.3,179
2024-11-05 09:00,4.9,98,2.7,0.00,0.00,1015.4,100,10.1,185
2024-11-05 10:00,4.9,98,2.6,0.00,0.00,1015.3,100,9.9,181
2024-11-05 11:00,5.8,91,3.1,0.00,0.00,1015.3,100,12.2,180
2024-11-05 12:00,7.9,82,5.4,0.00,0.00,1015.0,17,12.1,174
2024-11-05 13:00,9.2,78,7.2,0.00,0.00,1014.4,44,8.4,160
2024-11-05 14:00,10.1,77,8.5,0.00,0.00,1013.8,97,6.8,155
2024-11-05 15:00,10.4,78,8.7,0.00,0.00,1013.6,100,7.8,134
2024-11-05 16:00,10.1,79,8.5,0.00,0.00,1013.4,100,7.9,123
2024-11-05 17:00,8.6,88,7.2,0.00,0.00,1013.2,100,9.3,117
2024-11-05 18:00,6.8,93,4.9,0.00,0.00,1013.2,100,10.8,114
2024-11-05 19:00,5.9,94,3.9,0.00,0.00,1013.3,100,12.0,108
2024-11-05 20:00,4.7,97,2.3,0.00,0.00,1013.5,100,11.7,113
2024-11-05 21:00,4.4,98,2.1,0.00,0.00,1013.6,99,13.2,120
2024-11-05 22:00,4.5,97,2.1,0.00,0.00,1013.6,100,10.3,149
2024-11-05 23:00,3.9,100,1.4,0.00,0.00,1013.9,100,11.3,200
2024-11-06 00:00,4.5,100,2.4,0.00,0.00,1014.0,100,14.2,220
2024-11-06 01:00,4.4,100,2.2,0.00,0.00,1014.3,100,14.7,241
2024-11-06 02:00,4.0,100,1.5,0.00,0.00,1014.5,100,17.3,254
2024-11-06 03:00,3.7,100,1.1,0.00,0.00,1014.7,100,15.6,251
2024-11-06 04:00,3.5,100,0.8,0.00,0.00,1015.0,100,13.4,250
2024-11-06 05:00,3.2,99,0.8,0.00,0.00,1015.3,100,12.3,259
2024-11-06 06:00,3.2,99,0.9,0.00,0.00,1015.6,100,10.7,261
2024-11-06 07:00,3.2,98,1.1,0.00,0.00,1015.9,100,8.4,260
2024-11-06 08:00,3.3,98,1.2,0.00,0.00,1016.6,100,6.7,264
2024-11-06 09:00,3.5,97,1.4,0.00,0.00,1017.2,100,6.1,268
2024-11-06 10:00,4.2,95,2.1,0.00,0.00,1017.9,100,4.7,272
2024-11-06 11:00,4.8,96,2.9,0.00,0.00,1018.3,100,4.2,288
2024-11-06 12:00,5.1,97,3.4,0.00,0.00,1018.8,100,3.3,292
2024-11-06 13:00,5.8,94,4.2,0.00,0.00,1018.9,100,2.8,281
2024-11-06 14:00,6.6,90,5.0,0.00,0.00,1018.9,100,3.4,270
2024-11-06 15:00,5.9,88,4.2,0.00,0.00,1019.1,100,3.6,267
2024-11-06 16:00,6.1,87,4.4,0.00,0.00,1019.1,100,2.4,287
2024-11-06 17:00,6.0,88,4.4,0.00,0.00,1019.4,100,2.0,275
2024-11-06 18:00,5.9,89,4.4,0.00,0.00,1019.7,100,2.0,280
2024-11-06 19:00,5.8,92,4.4,0.00,0.00,1019.9,100,2.5,291
2024-11-06 20:00,5.8,90,4.3,0.00,0.00,1020.3,100,2.4,343
2024-11-06 21:00,5.8,90,3.9,0.00,0.00,1020.5,100,3.8,25
2024-11-06 22:00,5.6,91,3.6,0.00,0.00,1020.8,100,5.6,45
2024-11-06 23:00,5.6,92,3.6,0.00,0.00,1021.2,100,5.2,63
2024-11-07 00:00,5.6,91,3.7,0.00,0.00,1021.5,100,4.6,69
2024-11-07 01:00,5.6,91,3.6,0.00,0.00,1021.6,100,4.8,42
2024-11-07 02:00,5.4,92,3.4,0.00,0.00,1021.8,100,7.1,34
2024-11-07 03:00,5.2,89,3.0,0.00,0.00,1021.6,100,6.5,14
2024-11-07 04:00,5.1,90,3.2,0.00,0.00,1021.3,100,3.3,45
2024-11-07 05:00,5.0,90,3.3,0.00,0.00,1021.1,100,1.7,108
2024-11-07 06:00,4.9,91,3.2,0.00,0.00,1021.3,100,1.8,37
2024-11-07 07:00,4.8,91,3.1,0.00,0.00,1021.4,100,2.2,9
2024-11-07 08:00,4.8,91,3.0,0.00,0.00,1021.8,100,3.8,5
2024-11-07 09:00,4.9,91,2.9,0.10,0.10,1022.3,100,5.1,32
2024-11-07 10:00,5.1,89,3.0,0.10,0.10,1022.7,100,4.8,59
2024-11-07 11:00,5.3,88,3.3,0.00,0.00,1022.8,100,5.1,63
2024-11-07 12:00,5.7,86,3.6,0.00,0.00,1022.9,100,5.7,62
2024-11-07 13:00,6.1,85,4.0,0.00,0.00,1022.6,100,5.4,69
2024-11-07 14:00,6.2,83,4.3,0.00,0.00,1021.9,100,4.1,113
2024-11-07 15:00,6.1,82,3.8,0.00,0.00,1022.0,100,6.5,67
2024-11-07 16:00,5.9,83,3.6,0.00,0.00,1021.7,100,6.3,70
2024-11-07 17:00,5.8,82,3.4,0.00,0.00,1021.6,100,8.1,62
2024-11-07 18:00,5.8,83,3.4,0.00,0.00,1021.6,100,8.5,63
2024-11-07 19:00,5.7,85,3.4,0.00,0.00,1021.9,100,8.3,66
2024-11-07 20:00,5.6,88,3.2,0.00,0.00,1022.2,100,9.6,67
2024-11-07 21:00,5.4,87,2.9,0.00,0.00,1022.2,100,10.5,84
2024-11-07 22:00,5.2,86,2.6,0.00,0.00,1022.3,100,11.9,90
2024-11-07 23:00,5.2,84,2.8,0.00,0.00,1022.1,100,9.4,88
2024-11-08 00:00,5.1,85,2.7,0.00,0.00,1022.0,100,9.4,64
2024-11-08 01:00,5.1,86,2.4,0.00,0.00,1021.8,100,12.8,58
2024-11-08 02:00,5.0,86,2.3,0.00,0.00,1021.6,100,13.3,58
2024-11-08 03:00,4.5,88,1.7,0.00,0.00,1021.2,100,12.6,56
2024-11-08 04:00,4.5,88,1.7,0.00,0.00,1020.8,100,11.6,55
2024-11-08 05:00,4.6,88,1.8,0.00,0.00,1020.4,100,11.8,62
2024-11-08 06:00,4.7,87,2.0,0.00,0.00,1020.2,100,11.5,67
2024-11-08 07:00,4.8,88,2.0,0.00,0.00,1019.9,100,13.7,63
2024-11-08 08:00,5.0,89,2.1,0.00,0.00,1019.8,100,14.8,63
2024-11-08 09:00,5.2,89,2.2,0.00,0.00,1019.8,100,16.2,69
2024-11-08 10:00,5.7,88,2.4,0.00,0.00,1019.8,100,18.7,76
2024-11-08 11:00,6.2,86,2.9,0.00,0.00,1019.3,100,17.8,87
2024-11-08 12:00,6.9,83,3.4,0.00,0.00,1019.3,100,21.0,102
2024-11-08 13:00,7.5,79,4.0,0.00,0.00,1018.7,100,20.5,101
2024-11-08 14:00,8.1,75,4.4,0.10,0.10,1018.1,100,22.3,103
2024-11-08 15:00,7.8,77,4.2,0.00,0.00,1017.5,100,22.5,102
2024-11-08 16:00,7.7,77,4.2,0.00,0.00,1017.2,100,21.2,100
2024-11-08 17:00,7.5,78,4.4,0.00,0.00,1017.2,100,19.5,88
2024-11-08 18:00,7.2,78,4.2,0.00,0.00,1017.1,100,20.3,83
2024-11-08 19:00,7.0,80,3.9,0.00,0.00,1017.1,93,21.1,91
2024-11-08 20:00,6.4,82,3.5,0.00,0.00,1017.0,33,19.7,111
2024-11-08 21:00,4.8,90,2.1,0.00,0.00,1016.9,17,18.6,125
2024-11-08 22:00,3.9,92,1.3,0.00,0.00,1017.0,11,16.7,132
2024-11-08 23:00,2.7,95,-0.0,0.00,0.00,1016.8,24,13.9,138
2024-11-09 00:00,2.0,96,-0.8,0.00,0.00,1016.7,22,12.3,130
2024-11-09 01:00,2.2,96,-0.5,0.00,0.00,1016.5,0,12.7,121
2024-11-09 02:00,1.6,98,-1.1,0.00,0.00,1016.3,2,12.8,118
2024-11-09 03:00,2.3,98,-0.3,0.00,0.00,1016.3,22,14.7,125
2024-11-09 04:00,2.2,98,-0.4,0.00,0.00,1016.1,59,14.1,134
2024-11-09 05:00,2.0,99,-0.6,0.00,0.00,1016.2,100,13.7,146
2024-11-09 06:00,2.0,100,-0.5,0.00,0.00,1016.1,97,13.4,154
2024-11-09 07:00,2.0,100,-0.4,0.00,0.00,1016.1,100,12.8,169
2024-11-09 08:00,1.6,100,-1.0,0.00,0.00,1015.9,100,12.5,187
2024-11-09 09:00,2.6,99,0.2,0.00,0.00,1016.3,100,9.1,173
2024-11-09 10:00,3.3,97,1.0,0.00,0.00,1016.4,100,6.1,133
2024-11-09 11:00,4.3,93,2.2,0.00,0.00,1016.5,89,5.2,119
2024-11-09 12:00,5.7,88,3.7,0.00,0.00,1016.4,100,5.1,113
2024-11-09 13:00,6.9,84,5.0,0.00,0.00,1015.8,100,4.6,111
2024-11-09 14:00,7.8,81,5.9,0.00,0.00,1015.5,100,4.6,99
2024-11-09 15:00,7.1,82,5.1,0.00,0.00,1015.3,100,5.6,90
2024-11-09 16:00,7.1,82,4.7,0.00,0.00,1015.1,99,9.0,85
2024-11-09 17:00,6.1,88,4.0,0.00,0.00,1015.2,93,11.5,88
2024-11-09 18:00,4.0,94,1.3,0.00,0.00,1015.2,79,10.4,104
2024-11-09 19:00,5.2,91,2.9,0.00,0.00,1015.3,91,8.2,123
2024-11-09 20:00,3.7,95,1.1,0.00,0.00,1015.2,67,8.7,122
2024-11-09 21:00,3.1,97,0.5,0.00,0.00,1015.0,15,8.8,125
2024-11-09 22:00,4.1,95,2.1,0.00,0.00,1015.0,5,5.5,139
2024-11-09 23:00,3.9,97,2.2,0.00,0.00,1015.0,24,3.1,144
2024-11-10 00:00,3.6,99,1.7,0.00,0.00,1015.2,67,3.1,121
2024-11-10 01:00,3.5,100,1.7,0.00,0.00,1015.2,99,3.3,131
2024-11-10 02:00,2.5,100,0.5,0.00,0.00,1015.1,99,2.6,168
2024-11-10 03:00,1.6,100,-0.5,0.00,0.00,1015.6,100,3.6,143
2024-11-10 04:00,2.0,100,-0.2,0.00,0.00,1015.6,100,4.0,162
2024-11-10 05:00,2.2,99,0.0,0.00,0.00,1015.5,100,2.9,223
2024-11-10 06:00,2.3,99,0.2,0.00,0.00,1015.6,100,3.5,255
2024-11-10 07:00,2.4,99,0.4,0.00,0.00,1015.7,100,2.9,227
2024-11-10 08:00,2.4,99,0.2,0.00,0.00,1015.7,100,4.4,212
2024-11-10 09:00,2.5,99,0.3,0.00,0.00,1016.1,100,4.7,212
2024-11-10 10:00,2.9,99,0.6,0.00,0.00,1016.2,100,5.3,235
2024-11-10 11:00,3.6,98,1.4,0.00,0.00,1016.2,100,4.9,242
2024-11-10 12:00,4.4,98,2.6,0.00,0.00,1016.2,100,3.7,256
2024-11-10 13:00,5.8,90,4.1,0.00,0.00,1016.0,100,3.3,279
2024-11-10 14:00,6.7,87,5.0,0.00,0.00,1015.9,100,3.7,305
2024-11-10 15:00,4.9,96,3.4,0.00,0.00,1016.0,100,1.4,23
2024-11-10 16:00,5.2,94,3.6,0.00,0.00,1016.1,100,1.2,117
2024-11-10 17:00,5.1,94,3.3,0.00,0.00,1016.3,100,3.2,124
2024-11-10 18:00,4.8,96,2.9,0.00,0.00,1016.4,100,5.6,111
2024-11-10 19:00,4.8,96,2.6,0.00,0.00,1016.5,100,6.5,109
2024-11-10 20:00,4.7,96,2.6,0.00,0.00,1016.7,100,6.2,126
2024-11-10 21:00,4.7,96,2.8,0.00,0.00,1016.7,100,4.4,159
2024-11-10 22:00,4.8,96,3.1,0.00,0.00,1016.8,100,3.9,208
2024-11-10 23:00,5.2,96,3.4,0.00,0.00,1017.0,100,4.0,207
2024-11-11 00:00,5.3,96,3.5,0.00,0.00,1017.2,100,5.6,197
2024-11-11 01:00,5.5,96,3.5,0.00,0.00,1017.1,100,7.3,189
2024-11-11 02:00,5.6,96,3.5,0.00,0.00,1016.8,100,10.6,178
2024-11-11 03:00,4.8,96,2.8,0.00,0.00,1017.0,100,8.6,182
2024-11-11 04:00,5.1,95,3.0,0.00,0.00,1016.7,100,8.7,187
2024-11-11 05:00,5.2,95,3.3,0.00,0.00,1016.4,100,9.2,206
2024-11-11 06:00,5.4,95,3.5,0.00,0.00,1016.3,100,9.1,198
2024-11-11 07:00,4.6,98,2.6,0.00,0.00,1016.0,67,10.5,215
2024-11-11 08:00,5.4,97,3.7,0.00,0.00,1016.1,100,9.8,229
2024-11-11 09:00,5.7,96,3.8,0.00,0.00,1016.0,100,9.9,233
2024-11-11 10:00,6.3,93,4.4,0.00,0.00,1015.8,100,11.0,228
2024-11-11 11:00,6.8,92,4.8,0.00,0.00,1015.3,100,12.4,214
2024-11-11 12:00,7.7,90,5.8,0.00,0.00,1015.0,100,9.6,200
2024-11-11 13:00,8.6,86,6.2,0.00,0.00,1014.5,100,13.3,237
2024-11-11 14:00,9.1,84,7.0,0.00,0.00,1013.9,100,12.3,247
2024-11-11 15:00,8.1,88,5.9,0.00,0.00,1014.0,100,12.0,234
2024-11-11 16:00,8.1,88,6.3,0.00,0.00,1013.7,100,10.0,234
2024-11-11 17:00,7.9,89,6.2,0.00,0.00,1013.5,100,11.3,228
2024-11-11 18:00,7.7,90,5.8,0.10,0.10,1013.4,100,13.4,233
2024-11-11 19:00,7.4,91,5.6,0.00,0.00,1013.5,100,12.6,237
2024-11-11 20:00,7.2,93,5.4,0.10,0.10,1013.6,100,12.3,232
2024-11-11 21:00,7.0,94,5.4,0.20,0.20,1013.8,100,11.4,235
2024-11-11 22:00,6.8,96,5.3,0.10,0.10,1013.8,100,10.0,231
2024-11-11 23:00,6.8,97,5.3,0.10,0.10,1014.0,100,5.7,221
2024-11-12 00:00,6.7,97,5.5,0.00,0.00,1014.2,100,2.5,159
2024-11-12 01:00,6.7,98,5.2,0.00,0.00,1014.5,100,5.4,116
2024-11-12 02:00,6.5,98,5.2,0.00,0.00,1014.6,100,6.5,98
2024-11-12 03:00,6.7,98,4.7,0.00,0.00,1015.3,100,14.0,59
2024-11-12 04:00,6.7,98,4.6,0.10,0.10,1015.6,100,16.2,61
2024-11-12 05:00,6.5,98,4.0,0.10,0.10,1015.9,100,18.4,63
2024-11-12 06:00,6.2,96,3.6,0.00,0.00,1016.5,100,16.8,57
2024-11-12 07:00,5.8,97,3.1,0.10,0.10,1017.2,100,19.1,60
2024-11-12 08:00,5.7,95,2.8,0.10,0.10,1017.8,100,17.6,63
2024-11-12 09:00,5.4,96,2.7,0.00,0.00,1018.4,100,16.8,62
2024-11-12 10:00,5.4,95,2.8,0.00,0.00,1019.1,100,14.2,63
2024-11-12 11:00,5.6,90,2.8,0.00,0.00,1019.5,100,13.4,61
2024-11-12 12:00,5.9,89,3.0,0.00,0.00,1020.0,100,14.2,55
2024-11-12 13:00,6.2,87,3.5,0.00,0.00,1020.1,100,13.4,51
2024-11-12 14:00,6.6,85,3.8,0.00,0.00,1020.0,100,13.1,48
2024-11-12 15:00,6.3,83,3.5,0.00,0.00,1020.0,100,13.1,46
2024-11-12 16:00,6.4,82,3.6,0.00,0.00,1020.0,100,12.3,34
2024-11-12 17:00,6.3,82,3.8,0.00,0.00,1019.9,100,11.9,18
2024-11-12 18:00,6.2,83,3.6,0.00,0.00,1020.1,100,13.6,11
2024-11-12 19:00,5.9,84,3.0,0.00,0.00,1020.1,100,17.0,19
2024-11-12 20:00,5.1,85,1.8,0.00,0.00,1020.2,100,16.9,21
2024-11-12 21:00,4.3,85,1.0,0.00,0.00,1020.2,100,15.3,8
2024-11-12 22:00,4.0,86,0.7,0.00,0.00,1020.3,100,15.4,11
2024-11-12 23:00,4.0,87,0.5,0.00,0.00,1020.3,100,17.3,23
2024-11-13 00:00,4.1,86,1.2,0.00,0.00,1020.1,99,11.3,29
2024-11-13 01:00,3.5,90,0.5,0.00,0.00,1020.0,100,14.8,354
2024-11-13 02:00,3.0,92,-0.0,0.00,0.00,1019.9,100,14.8,354
2024-11-13 03:00,3.6,93,1.1,0.00,0.00,1019.5,100,13.9,340
2024-11-13 04:00,3.8,92,1.6,0.00,0.00,1019.3,100,12.5,335
2024-11-13 05:00,4.0,92,1.7,0.00,0.00,1018.8,100,8.6,319
2024-11-13 06:00,4.0,92,1.6,0.00,0.00,1018.4,100,8.9,294
2024-11-13 07:00,4.1,90,1.4,0.00,0.00,1017.8,100,13.5,272
2024-11-13 08:00,4.8,88,2.1,0.00,0.00,1017.8,100,14.3,287
2024-11-13 09:00,5.0,93,2.3,0.00,0.00,1017.9,100,17.2,315
2024-11-13 10:00,6.2,92,3.2,0.00,0.00,1018.0,100,18.1,328
2024-11-13 11:00,6.5,87,3.3,0.00,0.00,1017.9,100,19.6,338
2024-11-13 12:00,7.1,80,3.6,0.00,0.00,1017.9,100,21.6,340
2024-11-13 13:00,7.4,79,3.8,0.00,0.00,1017.4,92,21.5,346
2024-11-13 14:00,7.8,77,4.5,0.00,0.00,1017.1,98,18.7,352
2024-11-13 15:00,7.6,79,4.4,0.00,0.00,1016.8,51,18.2,5
2024-11-13 16:00,7.6,78,4.8,0.00,0.00,1016.4,70,13.9,359
2024-11-13 17:00,6.7,84,4.4,0.00,0.00,1016.4,32,13.3,339
2024-11-13 18:00,5.6,89,3.0,0.00,0.00,1016.6,31,17.0,324
2024-11-13 19:00,4.8,94,2.1,0.00,0.00,1016.4,0,17.0,319
2024-11-13 20:00,4.0,95,1.3,0.00,0.00,1016.3,0,14.0,308
2024-11-13 21:00,3.3,95,0.8,0.00,0.00,1016.3,0,10.1,275
2024-11-13 22:00,2.9,95,-0.0,0.00,0.00,1016.1,87,13.4,244
2024-11-13 23:00,2.8,95,-0.2,0.00,0.00,1015.7,100,19.0,233
2024-11-14 00:00,3.0,95,-0.3,0.00,0.00,1015.6,100,22.7,234
2024-11-14 01:00,3.0,95,-0.5,0.00,0.00,1015.0,100,24.4,226
2024-11-14 02:00,3.2,95,-0.4,0.00,0.00,1014.4,87,26.6,229
2024-11-14 03:00,3.3,95,-0.4,0.00,0.00,1014.0,55,27.6,237
2024-11-14 04:00,4.0,94,0.2,0.00,0.00,1013.1,100,28.5,235
2024-11-14 05:00,4.8,93,1.2,0.20,0.20,1012.5,100,27.0,234
2024-11-14 06:00,5.3,93,1.7,0.10,0.10,1012.0,100,26.9,235
2024-11-14 07:00,5.7,94,2.2,0.20,0.20,1011.5,100,27.2,240
2024-11-14 08:00,5.9,95,2.6,0.30,0.30,1011.3,100,27.4,247
2024-11-14 09:00,6.3,96,3.1,0.10,0.10,1011.1,100,25.9,255
2024-11-14 10:00,7.1,95,4.0,0.00,0.00,1011.2,100,26.1,263
2024-11-14 11:00,8.2,92,5.3,0.00,0.00,1011.4,100,24.5,260
2024-11-14 12:00,8.4,93,5.2,0.30,0.30,1011.6,98,28.4,279
2024-11-14 13:00,9.4,84,6.7,0.00,0.00,1011.6,98,18.5,317
2024-11-14 14:00,9.3,82,6.7,0.00,0.00,1011.2,100,17.2,315
2024-11-14 15:00,9.2,86,6.6,0.00,0.00,1011.0,83,21.5,305
2024-11-14 16:00,9.1,80,6.1,0.00,0.00,1011.2,100,21.9,308
2024-11-14 17:00,8.9,80,6.1,0.00,0.00,1011.1,100,21.3,295
2024-11-14 18:00,8.5,83,5.3,0.00,0.00,1011.5,98,25.7,302
2024-11-14 19:00,8.2,83,5.2,0.00,0.00,1011.7,100,23.6,299
2024-11-14 20:00,8.4,82,5.3,0.00,0.00,1011.9,100,24.2,295
2024-11-14 21:00,8.6,83,5.5,0.00,0.00,1012.2,100,23.9,299
2024-11-14 22:00,8.4,85,5.8,0.00,0.00,1012.2,100,20.3,306
2024-11-14 23:00,8.2,86,5.7,0.00,0.00,1012.8,100,19.6,317
2024-11-15 00:00,8.2,85,5.6,0.00,0.00,1013.1,100,19.0,311
2024-11-15 01:00,7.9,87,5.5,0.00,0.00,1013.0,86,18.1,299
2024-11-15 02:00,7.6,91,5.1,0.00,0.00,1013.1,60,18.8,300
2024-11-15 03:00,7.2,91,4.6,0.00,0.00,1013.1,100,20.0,296
2024-11-15 04:00,7.2,90,4.6,0.00,0.00,1012.9,100,20.3,295
2024-11-15 05:00,7.3,89,5.0,0.00,0.00,1012.9,100,17.9,294
2024-11-15 06:00,7.3,90,5.0,0.00,0.00,1012.9,100,17.3,286
2024-11-15 07:00,6.9,92,4.5,0.00,0.00,1012.9,87,17.6,276
2024-11-15 08:00,6.6,94,4.1,0.00,0.00,1013.1,91,18.6,274
2024-11-15 09:00,6.8,93,4.4,0.00,0.00,1013.4,99,17.6,276
2024-11-15 10:00,7.4,90,5.0,0.00,0.00,1013.8,38,17.7,265
2024-11-15 11:00,8.4,86,5.9,0.00,0.00,1013.6,15,16.0,261
2024-11-15 12:00,9.4,78,6.5,0.00,0.00,1013.8,71,17.1,277
2024-11-15 13:00,9.9,72,6.8,0.00,0.00,1013.5,100,18.0,299
2024-11-15 14:00,10.4,66,7.3,0.00,0.00,1013.3,85,16.9,292
2024-11-15 15:00,10.2,65,7.4,0.00,0.00,1013.3,91,13.9,272
2024-11-15 16:00,9.9,70,7.6,0.00,0.00,1013.1,90,13.5,243
2024-11-15 17:00,8.9,75,6.4,0.00,0.00,1013.0,100,17.1,236
2024-11-15 18:00,8.0,79,5.3,0.00,0.00,1012.8,100,19.5,254
2024-11-15 19:00,7.8,82,5.0,0.00,0.00,1012.8,100,21.2,270
2024-11-15 20:00,7.6,83,4.9,0.00,0.00,1012.9,100,18.9,269
2024-11-15 21:00,7.3,84,4.6,0.00,0.00,1012.8,100,19.4,263
2024-11-15 22:00,7.1,84,4.3,0.00,0.00,1012.9,85,19.8,262
2024-11-15 23:00,6.7,85,3.9,0.00,0.00,1012.7,36,19.6,260
2024-11-16 00:00,5.8,88,3.0,0.00,0.00,1012.2,20,18.8,257
2024-11-16 01:00,5.0,90,2.1,0.00,0.00,1011.9,15,19.1,244
2024-11-16 02:00,4.5,91,1.5,0.00,0.00,1011.4,8,19.7,233
2024-11-16 03:00,5.4,87,2.2,0.00,0.00,1010.8,2,23.1,232
2024-11-16 04:00,5.1,87,1.8,0.00,0.00,1010.3,1,23.6,230
2024-11-16 05:00,4.7,87,1.3,0.00,0.00,1009.8,1,23.9,236
2024-11-16 06:00,4.2,89,0.7,0.00,0.00,1009.4,0,23.5,236
2024-11-16 07:00,3.8,90,0.4,0.00,0.00,1009.2,0,23.1,233
2024-11-16 08:00,3.5,91,0.1,0.00,0.00,1008.9,4,22.8,231
2024-11-16 09:00,3.5,90,0.1,0.00,0.00,1008.8,50,22.5,229
2024-11-16 10:00,4.9,87,1.7,0.00,0.00,1008.4,63,21.9,224
2024-11-16 11:00,6.7,77,3.3,0.00,0.00,1007.9,32,19.9,232
2024-11-16 12:00,7.8,69,3.4,0.00,0.00,1007.4,100,27.5,243
2024-11-16 13:00,8.2,67,3.9,0.00,0.00,1006.7,83,26.9,248
2024-11-16 14:00,8.4,65,4.1,0.00,0.00,1006.0,88,25.8,248
2024-11-16 15:00,7.3,68,3.0,0.00,0.00,1005.6,89,25.1,244
2024-11-16 16:00,7.2,69,3.4,0.00,0.00,1005.0,79,22.7,245
2024-11-16 17:00,6.8,70,3.1,0.00,0.00,1004.6,52,21.8,242
2024-11-16 18:00,5.9,74,2.4,0.00,0.00,1004.2,16,22.3,244
2024-11-16 19:00,5.3,76,1.6,0.00,0.00,1003.8,3,24.7,243
2024-11-16 20:00,4.9,77,1.0,0.00,0.00,1003.5,8,26.4,242
2024-11-16 21:00,4.8,76,0.7,0.00,0.00,1002.9,32,27.2,239
2024-11-16 22:00,4.8,75,0.5,0.00,0.00,1002.5,93,29.1,237
2024-11-16 23:00,4.8,76,0.4,0.00,0.00,1001.7,18,29.6,238
2024-11-17 00:00,4.7,77,0.2,0.00,0.00,1001.0,88,31.5,240
2024-11-17 01:00,4.8,77,0.3,0.00,0.00,1000.4,100,32.2,239
2024-11-17 02:00,4.8,77,0.0,0.00,0.00,999.6,72,34.9,235
2024-11-17 03:00,5.2,78,-0.1,0.00,0.00,999.1,100,39.8,235
2024-11-17 04:00,5.6,77,0.0,0.00,0.00,998.5,100,42.8,237
2024-11-17 05:00,5.8,78,0.3,0.00,0.00,997.8,100,42.3,237
2024-11-17 06:00,5.8,80,0.3,0.10,0.10,997.2,99,42.8,239
2024-11-17 07:00,5.5,83,0.6,0.10,0.10,997.1,100,36.7,241
2024-11-17 08:00,5.9,84,1.2,0.10,0.10,996.5,100,36.3,242
2024-11-17 09:00,5.9,86,1.3,0.50,0.50,996.2,100,36.5,239
2024-11-17 10:00,6.2,88,1.4,0.20,0.20,996.1,100,38.6,240
2024-11-17 11:00,6.3,87,1.4,0.30,0.30,995.7,100,40.0,243
2024-11-17 12:00,6.4,89,1.6,0.30,0.30,995.5,100,39.0,243
2024-11-17 13:00,7.1,86,2.5,0.00,0.00,995.2,100,37.7,243
2024-11-17 14:00,7.2,86,2.8,0.10,0.10,994.8,100,36.4,247
2024-11-17 15:00,7.2,86,3.2,0.10,0.10,995.2,100,30.4,246
2024-11-17 16:00,6.9,84,1.9,0.50,0.50,995.1,100,40.9,253
2024-11-17 17:00,6.2,86,1.6,0.10,0.10,995.0,59,36.8,254
2024-11-17 18:00,5.8,85,1.3,0.00,0.00,994.8,87,35.0,252
2024-11-17 19:00,5.4,82,0.8,0.00,0.00,995.1,4,34.7,256
2024-11-17 20:00,4.8,80,0.1,0.00,0.00,995.7,11,34.4,258
2024-11-17 21:00,4.6,79,-0.1,0.00,0.00,996.1,8,33.7,260
2024-11-17 22:00,4.3,81,-0.4,0.00,0.00,996.2,98,33.3,255
2024-11-17 23:00,4.2,81,-0.6,0.00,0.00,996.1,100,33.6,252
2024-11-18 00:00,4.5,80,-0.4,0.10,0.10,996.2,97,34.6,250
2024-11-18 01:00,4.0,82,-1.1,0.20,0.20,996.3,40,36.2,251
2024-11-18 02:00,4.2,83,-0.5,0.00,0.00,996.3,100,31.8,249
2024-11-18 03:00,4.1,84,-0.6,0.00,0.00,996.0,100,33.4,246
2024-11-18 04:00,4.1,85,-0.3,0.00,0.00,995.4,100,30.9,244
2024-11-18 05:00,4.1,87,-0.0,0.20,0.20,994.8,100,27.5,245
2024-11-18 06:00,3.8,91,-0.4,0.50,0.50,994.7,100,29.9,245
2024-11-18 07:00,3.2,97,-0.8,1.00,1.00,994.5,100,24.1,249
2024-11-18 08:00,2.5,99,-1.3,1.10,1.10,994.4,91,24.6,233
2024-11-18 09:00,2.5,97,-1.6,0.00,0.00,994.5,99,27.2,252
2024-11-18 10:00,3.2,93,-1.4,0.00,0.00,995.3,100,32.8,259
2024-11-18 11:00,3.8,87,-0.5,0.00,0.00,995.5,51,28.8,261
2024-11-18 12:00,4.6,80,-0.2,0.00,0.00,996.0,18,30.5,257
2024-11-18 13:00,5.3,74,0.5,0.00,0.00,996.2,3,29.5,256
2024-11-18 14:00,5.9,69,1.0,0.00,0.00,996.1,10,29.1,258
2024-11-18 15:00,6.2,66,1.3,0.00,0.00,996.4,15,29.7,261
2024-11-18 16:00,5.8,67,1.2,0.00,0.00,996.6,8,28.5,256
2024-11-18 17:00,5.0,70,0.4,0.00,0.00,996.9,3,29.7,259
2024-11-18 18:00,4.2,73,-0.1,0.00,0.00,997.2,26,28.2,259
2024-11-18 19:00,3.8,74,-0.6,0.00,0.00,997.5,81,27.9,256
2024-11-18 20:00,3.5,75,-0.9,0.00,0.00,997.6,99,28.3,254
2024-11-18 21:00,3.3,76,-1.1,0.00,0.00,997.7,100,28.3,254
2024-11-18 22:00,3.2,76,-1.2,0.00,0.00,997.7,100,27.7,250
2024-11-18 23:00,2.7,81,-1.5,0.00,0.00,997.5,100,27.0,246
2024-11-19 00:00,2.5,86,-1.6,0.00,0.00,997.3,100,26.9,243
2024-11-19 01:00,2.5,90,-1.5,0.00,0.00,997.0,100,26.3,240
2024-11-19 02:00,2.6,91,-1.1,0.00,0.00,996.3,100,23.9,235
2024-11-19 03:00,2.7,91,-0.9,0.00,0.00,995.8,100,22.7,225
2024-11-19 04:00,3.0,90,-0.5,0.00,0.00,994.8,100,21.2,209
2024-11-19 05:00,3.5,89,0.1,0.10,0.10,993.3,100,20.2,198
2024-11-19 06:00,3.8,89,0.3,0.20,0.20,991.8,100,22.0,185
2024-11-19 07:00,3.7,92,0.2,0.40,0.40,989.6,100,22.8,159
2024-11-19 08:00,3.6,96,0.1,1.30,1.30,987.3,100,23.7,144
2024-11-19 09:00,4.0,96,0.2,1.00,1.00,985.1,100,27.9,154
2024-11-19 10:00,5.8,94,2.4,0.60,0.60,983.3,100,29.0,197
2024-11-19 11:00,8.2,91,3.5,2.60,2.60,981.3,100,45.3,212
2024-11-19 12:00,9.6,84,4.1,0.50,0.50,980.1,100,52.9,222
2024-11-19 13:00,10.6,78,4.7,0.10,0.10,979.0,100,57.6,228
2024-11-19 14:00,11.6,72,6.2,0.00,0.00,978.6,100,50.6,232
2024-11-19 15:00,11.8,74,7.0,0.10,0.10,978.0,100,45.3,224
2024-11-19 16:00,11.5,74,6.3,0.00,0.00,976.8,100,49.8,223
2024-11-19 17:00,10.9,77,5.4,0.20,0.20,975.5,100,52.9,222
2024-11-19 18:00,10.1,83,4.5,0.70,0.70,974.2,100,54.8,222
2024-11-19 19:00,9.7,88,4.1,1.00,1.00,973.4,100,54.5,233
2024-11-19 20:00,8.4,90,4.2,1.00,1.00,974.6,100,38.8,279
2024-11-19 21:00,5.2,95,0.4,0.60,0.60,976.3,100,38.0,309
2024-11-19 22:00,2.5,91,-2.7,0.40,0.40,977.6,100,35.5,309
2024-11-19 23:00,2.0,90,-3.2,0.10,0.10,978.7,100,34.3,307
2024-11-20 00:00,2.0,89,-2.7,0.00,0.00,979.3,100,29.1,306
2024-11-20 01:00,2.0,88,-2.4,0.00,0.00,979.7,100,26.1,308
2024-11-20 02:00,2.2,86,-2.4,0.00,0.00,980.1,100,26.3,308
2024-11-20 03:00,2.1,85,-2.7,0.00,0.00,980.4,100,27.7,306
2024-11-20 04:00,2.3,83,-1.9,0.00,0.00,980.9,40,23.8,298
2024-11-20 05:00,1.9,84,-2.5,0.00,0.00,981.5,74,26.1,293
2024-11-20 06:00,2.3,83,-2.0,0.00,0.00,982.4,100,25.5,289
2024-11-20 07:00,2.8,81,-1.6,0.00,0.00,983.2,100,25.7,279
2024-11-20 08:00,2.7,81,-1.6,0.00,0.00,983.8,100,24.2,265
2024-11-20 09:00,2.3,83,-2.3,0.10,0.10,984.7,100,28.7,252
2024-11-20 10:00,2.9,80,-1.5,0.00,0.00,984.9,54,25.3,248
2024-11-20 11:00,3.5,77,-1.4,0.10,0.10,985.0,100,28.3,251
2024-11-20 12:00,3.7,70,-1.9,0.30,0.20,985.0,87,33.7,252
2024-11-20 13:00,3.7,73,-1.3,2.10,0.20,984.6,74,28.9,250
2024-11-20 14:00,4.2,73,-0.9,1.10,0.20,984.8,39,30.8,268
2024-11-20 15:00,4.0,83,-0.6,0.60,0.40,985.4,59,27.6,258
2024-11-20 16:00,3.8,79,-0.9,0.10,0.10,985.3,48,28.8,261
2024-11-20 17:00,3.1,78,-1.7,0.00,0.00,985.7,100,30.8,264
2024-11-20 18:00,3.0,77,-1.9,0.00,0.00,985.8,100,31.7,262
2024-11-20 19:00,3.0,77,-1.9,0.00,0.00,985.8,100,31.1,262
2024-11-20 20:00,2.8,77,-2.5,0.00,0.00,985.8,100,34.6,254
2024-11-20 21:00,2.9,74,-2.5,0.10,0.00,985.7,100,35.4,250
2024-11-20 22:00,1.9,78,-3.5,0.20,0.00,986.3,100,34.6,254
2024-11-20 23:00,2.0,81,-3.7,0.70,0.20,986.4,100,40.1,263
2024-11-21 00:00,2.2,82,-3.3,0.30,0.20,986.9,100,37.3,271
2024-11-21 01:00,2.2,81,-3.1,0.10,0.10,987.4,100,33.8,271
2024-11-21 02:00,2.1,75,-3.6,0.00,0.00,987.5,61,38.3,265
2024-11-21 03:00,1.8,81,-3.6,0.00,0.00,988.1,74,35.3,264
2024-11-21 04:00,1.7,79,-3.4,0.00,0.00,988.4,12,32.1,268
2024-11-21 05:00,1.5,78,-3.5,0.00,0.00,989.0,39,30.3,261
2024-11-21 06:00,0.9,79,-3.8,0.00,0.00,989.2,30,27.9,253
2024-11-21 07:00,0.4,81,-4.1,0.00,0.00,989.0,10,25.6,244
2024-11-21 08:00,0.0,82,-4.6,0.00,0.00,988.8,1,26.0,237
2024-11-21 09:00,-0.6,84,-5.3,0.00,0.00,988.9,46,27.3,233
2024-11-21 10:00,-0.2,82,-4.9,0.00,0.00,988.8,77,27.8,239
2024-11-21 11:00,0.9,76,-4.4,0.00,0.00,988.2,59,29.0,240
2024-11-21 12:00,2.0,71,-4.1,0.00,0.00,987.7,99,35.4,245
2024-11-21 13:00,2.8,69,-3.0,0.00,0.00,986.7,91,34.4,242
2024-11-21 14:00,2.5,76,-2.7,0.10,0.10,985.8,83,29.8,232
2024-11-21 15:00,2.2,76,-2.8,0.20,0.10,985.3,48,26.9,240
2024-11-21 16:00,2.2,67,-2.7,0.00,0.00,984.1,56,26.4,241
2024-11-21 17:00,1.4,66,-3.4,0.00,0.00,983.0,38,25.8,241
2024-11-21 18:00,0.4,69,-4.2,0.00,0.00,982.0,100,24.8,226
2024-11-21 19:00,-0.1,73,-4.8,0.00,0.00,981.6,92,26.4,216
2024-11-21 20:00,-0.4,75,-5.0,0.00,0.00,981.4,100,24.9,221
2024-11-21 21:00,-0.9,78,-5.3,0.00,0.00,981.0,100,23.6,228
2024-11-21 22:00,-1.1,80,-5.5,0.00,0.00,980.8,99,23.2,228
2024-11-21 23:00,-1.1,80,-5.6,0.00,0.00,980.6,100,24.2,231
2024-11-22 00:00,-1.1,78,-5.7,0.00,0.00,980.5,100,25.1,241
2024-11-22 01:00,-0.9,77,-5.8,0.00,0.00,980.8,100,26.6,245
2024-11-22 02:00,-0.6,77,-5.4,0.00,0.00,980.7,100,26.5,256
2024-11-22 03:00,0.1,80,-4.9,0.00,0.00,981.3,100,29.4,258
2024-11-22 04:00,0.1,83,-4.8,0.00,0.00,981.9,44,29.2,264
2024-11-22 05:00,-0.3,85,-5.1,0.00,0.00,982.9,72,28.1,264
2024-11-22 06:00,0.0,85,-4.5,0.00,0.00,983.7,100,26.5,263
2024-11-22 07:00,1.0,82,-3.5,0.00,0.00,984.3,100,25.9,256
2024-11-22 08:00,0.3,83,-4.5,0.00,0.00,985.3,100,28.3,261
2024-11-22 09:00,0.4,80,-4.5,0.00,0.00,986.2,18,29.1,261
2024-11-22 10:00,0.7,77,-4.2,0.00,0.00,986.8,21,28.0,256
2024-11-22 11:00,1.4,72,-3.3,0.00,0.00,987.1,1,22.8,235
2024-11-22 12:00,1.9,67,-3.9,0.00,0.00,987.7,21,32.4,246
2024-11-22 13:00,2.5,64,-3.6,0.00,0.00,987.8,99,36.6,253
2024-11-22 14:00,3.1,63,-2.6,0.00,0.00,987.8,100,32.9,249
2024-11-22 15:00,3.0,72,-2.7,0.10,0.10,989.0,88,34.4,237
2024-11-22 16:00,2.8,71,-2.9,0.00,0.00,989.4,98,37.4,244
2024-11-22 17:00,2.1,70,-3.6,0.00,0.00,989.8,89,37.1,239
2024-11-22 18:00,1.6,71,-4.2,0.00,0.00,990.3,23,38.5,235
2024-11-22 19:00,1.8,68,-4.3,0.00,0.00,990.5,88,40.6,229
2024-11-22 20:00,1.9,70,-4.1,0.00,0.00,990.9,91,39.8,232
2024-11-22 21:00,2.0,71,-4.0,0.10,0.00,991.0,100,40.8,230
2024-11-22 22:00,1.7,76,-4.8,0.30,0.00,991.7,100,44.7,236
2024-11-22 23:00,1.5,82,-4.0,0.30,0.00,992.6,100,36.1,251
2024-11-23 00:00,2.3,81,-3.4,0.00,0.00,994.4,69,39.8,302
2024-11-23 01:00,1.5,70,-5.0,0.00,0.00,997.0,0,43.4,308
2024-11-23 02:00,0.2,63,-5.7,0.00,0.00,998.9,0,36.9,310
2024-11-23 03:00,-0.6,65,-5.5,0.00,0.00,1001.3,1,26.9,284
2024-11-23 04:00,-1.1,69,-6.2,0.00,0.00,1002.4,5,29.2,249
2024-11-23 05:00,-0.5,84,-5.7,0.00,0.00,1003.6,3,34.1,253
2024-11-23 06:00,0.1,88,-4.9,0.00,0.00,1004.6,31,32.4,253
2024-11-23 07:00,0.1,88,-5.0,0.00,0.00,1005.1,6,34.0,247
2024-11-23 08:00,-0.1,88,-5.1,0.00,0.00,1006.0,51,32.6,239
2024-11-23 09:00,-0.2,90,-5.5,0.00,0.00,1006.8,100,35.9,234
2024-11-23 10:00,1.0,88,-4.2,0.00,0.00,1007.3,100,34.6,238
2024-11-23 11:00,2.5,82,-2.2,0.00,0.00,1007.5,88,28.5,236
2024-11-23 12:00,3.7,75,-1.6,0.00,0.00,1008.4,100,32.5,235
2024-11-23 13:00,4.0,72,-1.0,0.00,0.00,1008.4,26,29.4,234
2024-11-23 14:00,4.2,69,-0.8,0.00,0.00,1008.6,43,29.0,231
2024-11-23 15:00,4.4,70,-0.4,0.00,0.00,1008.4,100,27.5,224
2024-11-23 16:00,4.2,71,-0.6,0.00,0.00,1008.3,99,28.2,223
2024-11-23 17:00,3.9,75,-0.4,0.00,0.00,1008.0,100,25.1,210
2024-11-23 18:00,4.1,76,-0.4,0.00,0.00,1008.0,100,27.7,201
2024-11-23 19:00,3.8,77,-0.8,0.00,0.00,1007.4,100,29.2,192
2024-11-23 20:00,3.7,77,-1.0,0.00,0.00,1006.8,100,30.1,189
2024-11-23 21:00,3.8,72,-1.0,0.00,0.00,1005.5,100,31.9,183
2024-11-23 22:00,3.7,67,-1.4,0.00,0.00,1004.5,100,33.3,180
2024-11-23 23:00,4.2,59,-1.5,0.00,0.00,1003.8,100,36.8,186
2024-11-24 00:00,4.3,56,-0.9,0.00,0.00,1003.2,100,32.0,186
2024-11-24 01:00,4.5,60,-0.5,0.20,0.20,1002.5,100,30.5,192
2024-11-24 02:00,5.0,60,-0.1,0.10,0.10,1001.7,100,32.4,204
2024-11-24 03:00,5.3,71,-0.2,0.30,0.30,1000.1,100,40.4,215
2024-11-24 04:00,6.2,67,0.9,0.00,0.00,999.8,100,38.1,213
2024-11-24 05:00,6.9,68,1.9,0.10,0.10,999.9,100,38.1,225
2024-11-24 06:00,7.1,78,1.8,0.40,0.40,1000.2,100,42.9,228
2024-11-24 07:00,7.3,82,2.3,0.30,0.30,1000.4,100,43.2,229
2024-11-24 08:00,7.9,80,3.0,0.20,0.20,1000.8,100,42.4,228
2024-11-24 09:00,8.8,75,3.9,0.20,0.20,1001.1,100,42.4,228
2024-11-24 10:00,9.9,69,5.2,0.00,0.00,1001.9,100,38.8,230
2024-11-24 11:00,10.6,66,5.9,0.00,0.00,1002.0,100,40.0,227
2024-11-24 12:00,11.1,66,6.8,0.00,0.00,1002.5,100,36.5,228
2024-11-24 13:00,11.8,66,8.2,0.00,0.00,1002.5,100,30.9,225
2024-11-24 14:00,12.9,64,9.5,0.00,0.00,1002.3,100,30.0,225
2024-11-24 15:00,13.2,61,9.5,0.30,0.30,1001.9,100,34.2,226
2024-11-24 16:00,13.2,64,9.2,0.40,0.40,1001.6,100,38.3,228
2024-11-24 17:00,13.4,62,9.0,0.00,0.00,1001.6,98,41.8,230
2024-11-24 18:00,13.4,63,8.9,0.00,0.00,1001.8,100,42.6,228
2024-11-24 19:00,12.5,67,8.9,0.00,0.00,1002.2,100,33.9,222
2024-11-24 20:00,11.4,72,8.5,0.00,0.00,1002.5,100,26.7,200
2024-11-24 21:00,11.4,72,8.7,0.00,0.00,1002.1,100,26.6,200
2024-11-24 22:00,12.1,69,9.0,0.00,0.00,1002.1,100,30.9,210
2024-11-24 23:00,12.4,67,8.5,0.00,0.00,1001.4,100,39.1,210
2024-11-25 00:00,12.4,64,7.6,0.00,0.00,1001.3,99,46.3,213
2024-11-25 01:00,11.9,65,7.1,0.00,0.00,1001.4,100,44.2,212
2024-11-25 02:00,11.4,66,6.7,0.00,0.00,1001.4,100,43.1,210
2024-11-25 03:00,11.1,66,7.0,0.00,0.00,1001.0,99,36.3,201
2024-11-25 04:00,10.9,63,6.4,0.00,0.00,1000.6,92,40.2,202
2024-11-25 05:00,11.0,60,6.2,0.00,0.00,1000.2,63,41.8,198
2024-11-25 06:00,10.9,59,5.9,0.00,0.00,1000.1,86,43.4,196
2024-11-25 07:00,11.0,58,5.8,0.00,0.00,999.7,91,44.7,197
2024-11-25 08:00,10.8,58,5.5,0.00,0.00,999.4,100,43.7,198
2024-11-25 09:00,10.4,59,5.2,0.00,0.00,999.5,100,43.1,201
2024-11-25 10:00,11.1,58,6.4,0.00,0.00,999.6,100,39.9,204
2024-11-25 11:00,12.1,56,7.5,0.00,0.00,999.4,97,37.2,202
2024-11-25 12:00,13.1,54,9.0,0.00,0.00,999.0,96,32.9,203
2024-11-25 13:00,14.3,52,10.7,0.00,0.00,998.2,99,29.4,200
2024-11-25 14:00,14.8,49,11.1,0.00,0.00,997.5,38,29.5,201
2024-11-25 15:00,14.6,53,11.0,0.00,0.00,996.7,99,29.9,194
2024-11-25 16:00,14.4,53,10.8,0.00,0.00,996.6,64,31.6,199
2024-11-25 17:00,14.1,53,10.4,0.00,0.00,996.3,66,32.6,200
2024-11-25 18:00,13.5,52,9.7,0.00,0.00,996.0,32,32.6,196
2024-11-25 19:00,13.0,51,8.7,0.00,0.00,996.0,33,36.0,197
2024-11-25 20:00,12.8,50,8.0,0.00,0.00,996.1,67,39.8,198
2024-11-25 21:00,12.6,50,7.9,0.00,0.00,996.1,93,39.3,198
2024-11-25 22:00,13.1,52,8.7,0.00,0.00,996.6,88,37.1,202
2024-11-25 23:00,12.9,55,8.8,0.00,0.00,996.9,97,34.4,207
2024-11-26 00:00,12.9,60,9.4,0.00,0.00,997.7,100,30.2,224
2024-11-26 01:00,12.1,76,9.3,0.30,0.30,998.9,100,27.5,257
2024-11-26 02:00,10.7,93,8.8,0.60,0.60,999.6,100,24.3,262
2024-11-26 03:00,10.7,95,8.9,0.50,0.50,1000.5,100,24.2,247
2024-11-26 04:00,10.4,93,8.5,0.50,0.50,1001.0,100,23.8,262
2024-11-26 05:00,10.1,88,7.5,0.00,0.00,1001.3,100,27.6,275
2024-11-26 06:00,9.6,89,7.1,0.00,0.00,1002.3,100,25.0,276
2024-11-26 07:00,9.1,92,7.0,0.10,0.10,1002.7,100,20.0,269
2024-11-26 08:00,8.7,92,6.5,0.00,0.00,1003.5,100,21.7,251
2024-11-26 09:00,8.8,90,6.2,0.00,0.00,1004.2,100,23.6,252
2024-11-26 10:00,8.8,90,6.2,0.00,0.00,1004.9,100,23.5,249
2024-11-26 11:00,8.9,89,6.4,0.00,0.00,1005.7,23,22.6,246
2024-11-26 12:00,10.1,82,7.8,0.00,0.00,1006.0,5,17.2,250
2024-11-26 13:00,10.6,75,7.8,0.00,0.00,1006.0,22,19.1,251
2024-11-26 14:00,10.9,70,7.8,0.00,0.00,1006.1,94,21.5,256
2024-11-26 15:00,10.2,74,7.4,0.00,0.00,1006.9,85,20.1,234
2024-11-26 16:00,9.3,76,6.7,0.00,0.00,1007.2,92,17.8,252
2024-11-26 17:00,8.8,79,7.0,0.20,0.20,1007.2,55,13.9,239
2024-11-26 18:00,8.4,85,6.0,0.20,0.20,1007.4,1,19.8,222
2024-11-26 19:00,6.8,90,4.4,0.00,0.00,1007.6,0,20.6,230
2024-11-26 20:00,5.9,90,3.4,0.00,0.00,1007.8,1,20.0,228
2024-11-26 21:00,5.7,91,2.7,0.00,0.00,1008.2,1,23.6,223
2024-11-26 22:00,5.8,92,2.6,0.00,0.00,1008.6,2,26.3,231
2024-11-26 23:00,5.7,93,2.2,0.00,0.00,1008.5,6,28.7,235
2024-11-27 00:00,5.8,92,2.1,0.00,0.00,1009.0,5,29.6,240
2024-11-27 01:00,5.6,93,2.0,0.00,0.00,1009.0,15,28.9,238
2024-11-27 02:00,5.4,93,2.0,0.00,0.00,1009.1,27,27.0,242
2024-11-27 03:00,5.7,91,2.5,0.00,0.00,1009.2,28,24.2,239
2024-11-27 04:00,5.3,92,2.2,0.00,0.00,1009.4,14,24.4,239
2024-11-27 05:00,5.1,93,2.0,0.00,0.00,1009.5,14,23.4,244
2024-11-27 06:00,4.8,94,1.7,0.00,0.00,1009.5,36,22.8,243
2024-11-27 07:00,4.7,94,1.7,0.00,0.00,1009.5,17,21.5,238
2024-11-27 08:00,4.2,94,1.2,0.00,0.00,1009.9,24,20.8,233
2024-11-27 09:00,3.8,95,0.9,0.00,0.00,1010.2,53,18.5,222
2024-11-27 10:00,4.3,94,1.6,0.00,0.00,1010.2,48,15.5,213
2024-11-27 11:00,5.2,92,2.9,0.00,0.00,1010.0,100,15.6,204
2024-11-27 12:00,6.4,86,3.9,0.00,0.00,1009.6,74,12.5,195
2024-11-27 13:00,7.4,84,5.1,0.00,0.00,1008.7,100,11.5,190
2024-11-27 14:00,8.1,84,5.7,0.00,0.00,1008.1,95,14.6,180
2024-11-27 15:00,8.8,84,6.6,0.00,0.00,1007.6,100,15.3,177
2024-11-27 16:00,8.7,85,5.9,0.00,0.00,1006.5,80,23.1,176
2024-11-27 17:00,9.1,80,5.5,0.00,0.00,1005.3,52,32.1,183
2024-11-27 18:00,8.9,79,5.1,0.00,0.00,1004.4,90,32.8,178
2024-11-27 19:00,8.9,76,4.7,0.00,0.00,1003.0,100,36.5,175
2024-11-27 20:00,9.3,71,4.4,0.00,0.00,1001.3,100,41.6,185
2024-11-27 21:00,8.7,76,3.8,3.20,3.20,1000.7,100,42.4,195
2024-11-27 22:00,8.6,78,4.3,0.00,0.00,1000.2,100,36.1,197
2024-11-27 23:00,9.9,70,5.3,0.00,0.00,998.7,100,39.8,200
2024-11-28 00:00,10.2,71,5.3,0.10,0.10,997.8,100,42.7,209
2024-11-28 01:00,10.4,74,5.5,0.00,0.00,997.4,83,44.6,218
2024-11-28 02:00,10.6,78,5.8,0.00,0.00,997.2,13,44.2,237
2024-11-28 03:00,9.6,74,4.1,0.00,0.00,996.9,5,49.8,247
2024-11-28 04:00,7.6,71,1.3,0.00,0.00,996.9,73,50.8,239
2024-11-28 05:00,7.3,72,1.0,0.00,0.00,997.3,100,49.0,244
2024-11-28 06:00,7.1,72,1.0,0.00,0.00,997.7,100,45.5,247
2024-11-28 07:00,7.1,72,1.2,0.00,0.00,997.9,98,43.9,249
2024-11-28 08:00,6.9,74,0.8,0.00,0.00,998.2,98,46.6,255
2024-11-28 09:00,6.7,77,0.4,0.00,0.00,999.0,100,46.7,257
2024-11-28 10:00,6.6,79,0.8,0.00,0.00,999.9,100,44.5,260
2024-11-28 11:00,6.2,82,0.8,0.10,0.10,1001.1,100,40.9,267
2024-11-28 12:00,6.2,81,0.3,0.10,0.10,1002.1,100,45.0,275
2024-11-28 13:00,6.4,77,0.4,0.00,0.00,1002.8,100,45.2,284
2024-11-28 14:00,6.9,73,1.1,0.00,0.00,1003.7,100,42.9,284
2024-11-28 15:00,6.8,78,1.4,0.10,0.10,1004.5,100,42.0,291
2024-11-28 16:00,6.6,78,1.4,0.00,0.00,1005.6,100,41.2,292
2024-11-28 17:00,6.5,78,1.2,0.10,0.10,1006.8,100,41.6,296
2024-11-28 18:00,6.2,81,1.0,0.20,0.20,1008.0,100,41.2,300
2024-11-28 19:00,6.2,81,1.1,0.10,0.10,1008.8,100,39.1,302
2024-11-28 20:00,5.9,82,0.8,0.10,0.10,1010.0,100,39.3,305
2024-11-28 21:00,5.7,84,0.7,0.10,0.10,1011.3,100,38.6,309
2024-11-28 22:00,5.6,84,0.8,0.00,0.00,1012.3,100,35.9,312
2024-11-28 23:00,5.6,83,0.9,0.00,0.00,1013.3,100,35.3,312
2024-11-29 00:00,5.5,83,0.8,0.00,0.00,1014.2,100,34.3,311
2024-11-29 01:00,5.3,83,0.7,0.00,0.00,1015.0,100,32.9,312
2024-11-29 02:00,5.0,84,0.4,0.00,0.00,1015.8,100,33.2,317
2024-11-29 03:00,5.5,82,1.2,0.00,0.00,1016.5,90,30.3,326
2024-11-29 04:00,5.2,84,1.2,0.00,0.00,1017.2,34,27.9,326
2024-11-29 05:00,4.4,88,0.5,0.00,0.00,1017.8,82,27.2,321
2024-11-29 06:00,4.0,90,0.0,0.00,0.00,1018.4,100,27.1,323
2024-11-29 07:00,4.2,87,0.2,0.00,0.00,1018.9,100,25.5,329
2024-11-29 08:00,4.2,85,0.4,0.00,0.00,1019.5,100,22.8,334
2024-11-29 09:00,3.9,85,0.4,0.00,0.00,1019.9,100,19.9,337
2024-11-29 10:00,3.9,85,0.9,0.00,0.00,1020.4,100,13.9,337
2024-11-29 11:00,4.6,82,1.8,0.00,0.00,1021.0,90,9.6,347
2024-11-29 12:00,4.9,73,2.1,0.00,0.00,1021.6,94,6.8,358
2024-11-29 13:00,5.2,69,2.3,0.00,0.00,1021.7,79,6.3,340
2024-11-29 14:00,5.2,68,2.6,0.00,0.00,1021.4,91,3.5,305
2024-11-29 15:00,5.3,68,2.3,0.00,0.00,1021.9,91,7.5,330
2024-11-29 16:00,5.1,68,2.3,0.00,0.00,1022.0,92,6.0,355
2024-11-29 17:00,4.6,77,2.5,0.00,0.00,1021.8,83,2.2,48
2024-11-29 18:00,4.0,77,1.9,0.00,0.00,1022.0,75,0.9,37
2024-11-29 19:00,3.7,78,1.5,0.00,0.00,1021.9,65,2.7,110
2024-11-29 20:00,3.5,79,0.7,0.00,0.00,1022.1,62,9.4,132
2024-11-29 21:00,3.0,82,0.2,0.00,0.00,1022.6,42,10.7,150
2024-11-29 22:00,3.0,83,0.1,0.00,0.00,1022.8,94,10.7,163
2024-11-29 23:00,2.7,84,-0.7,0.00,0.00,1022.4,93,17.3,172
2024-11-30 00:00,2.8,83,-0.6,0.00,0.00,1022.4,80,18.9,166
2024-11-30 01:00,2.8,85,-0.5,0.00,0.00,1022.4,72,17.3,157
2024-11-30 02:00,2.5,88,-0.8,0.00,0.00,1022.0,37,17.2,146
2024-11-30 03:00,1.8,88,-1.4,0.00,0.00,1021.9,4,16.3,154
2024-11-30 04:00,1.2,91,-2.2,0.00,0.00,1021.8,7,17.5,158
2024-11-30 05:00,0.7,93,-3.0,0.00,0.00,1021.4,12,21.5,153
2024-11-30 06:00,0.2,92,-3.7,0.00,0.00,1021.0,31,22.5,162
2024-11-30 07:00,-0.3,92,-4.1,0.00,0.00,1020.8,0,20.6,171
2024-11-30 08:00,-0.6,91,-4.6,0.00,0.00,1021.0,1,21.2,171
2024-11-30 09:00,-0.7,90,-4.8,0.00,0.00,1021.0,0,22.8,174
2024-11-30 10:00,0.1,87,-4.0,0.00,0.00,1021.1,0,22.5,180
2024-11-30 11:00,1.5,83,-2.2,0.00,0.00,1021.1,4,23.0,189
2024-11-30 12:00,2.9,78,-0.8,0.00,0.00,1020.8,92,16.2,182
2024-11-30 13:00,4.2,73,0.5,0.00,0.00,1019.8,88,16.7,174
2024-11-30 14:00,5.3,71,1.8,0.00,0.00,1019.1,58,14.8,177
2024-11-30 15:00,5.2,73,2.0,0.00,0.00,1019.1,5,12.4,181
2024-11-30 16:00,4.8,78,1.8,0.00,0.00,1018.7,2,15.4,173
2024-11-30 17:00,3.7,84,0.4,0.00,0.00,1018.4,43,19.3,164
2024-11-30 18:00,3.0,86,-0.6,0.00,0.00,1018.1,100,22.0,162
2024-11-30 19:00,2.4,88,-1.2,0.00,0.00,1017.9,74,22.2,172
2024-11-30 20:00,1.7,89,-2.0,0.00,0.00,1018.0,64,22.7,188
2024-11-30 21:00,1.3,87,-2.6,0.00,0.00,1017.8,29,23.5,199
2024-11-30 22:00,0.9,86,-3.2,0.00,0.00,1017.7,18,23.2,205
2024-11-30 23:00,0.4,85,-3.5,0.00,0.00,1017.6,12,22.2,206
2024-12-01 00:00,0.1,86,-3.9,0.00,0.00,1017.1,73,21.5,206
2024-12-01 01:00,-0.2,87,-4.1,0.00,0.00,1017.2,100,19.9,217
2024-12-01 02:00,-0.6,88,-4.4,0.00,0.00,1016.7,0,20.0,207
2024-12-01 03:00,-0.6,87,-4.5,0.00,0.00,1016.1,0,20.6,210
2024-12-01 04:00,-0.7,87,-4.6,0.00,0.00,1015.8,0,20.1,211
2024-12-01 05:00,-0.9,88,-4.9,0.00,0.00,1015.4,0,20.1,210
2024-12-01 06:00,-1.1,89,-5.1,0.00,0.00,1015.1,0,20.1,207
2024-12-01 07:00,-1.3,89,-5.1,0.00,0.00,1014.6,0,19.0,210
2024-12-01 08:00,-1.4,89,-5.2,0.00,0.00,1014.4,0,18.4,209
2024-12-01 09:00,-1.5,90,-5.4,0.00,0.00,1014.3,0,19.3,204
2024-12-01 10:00,-0.8,90,-4.7,0.00,0.00,1014.2,0,19.2,208
2024-12-01 11:00,0.7,89,-3.0,0.00,0.00,1013.9,0,20.9,208
2024-12-01 12:00,2.2,83,-1.2,0.00,0.00,1013.4,0,20.7,206
2024-12-01 13:00,3.5,78,0.2,0.00,0.00,1012.7,0,13.5,203
2024-12-01 14:00,4.2,75,1.1,0.00,0.00,1012.0,0,10.5,193
2024-12-01 15:00,4.3,72,1.0,0.00,0.00,1011.7,0,14.2,192
2024-12-01 16:00,3.5,73,0.0,0.00,0.00,1011.0,0,18.5,199
2024-12-01 17:00,2.1,76,-1.5,0.00,0.00,1010.6,0,19.0,200
2024-12-01 18:00,1.3,77,-2.6,0.00,0.00,1010.1,0,21.6,204
2024-12-01 19:00,0.6,79,-3.5,0.00,0.00,1009.8,0,23.3,213
2024-12-01 20:00,0.1,81,-4.2,0.00,0.00,1009.5,0,24.0,208
2024-12-01 21:00,-0.2,81,-4.7,0.00,0.00,1009.3,6,26.3,207
2024-12-01 22:00,-0.4,83,-4.9,0.00,0.00,1009.0,1,26.3,213
2024-12-01 23:00,-0.8,83,-5.3,0.00,0.00,1008.7,0,26.7,213
2024-12-02 00:00,-0.9,82,-5.7,0.00,0.00,1008.2,0,27.8,211
2024-12-02 01:00,-1.0,80,-5.8,0.00,0.00,1007.7,5,28.8,210
2024-12-02 02:00,-0.6,77,-5.5,0.00,0.00,1007.1,16,28.8,214
2024-12-02 03:00,0.9,77,-4.1,0.00,0.00,1006.9,50,32.7,226
2024-12-02 04:00,1.2,79,-3.6,0.00,0.00,1006.6,46,30.9,226
2024-12-02 05:00,1.7,78,-3.0,0.00,0.00,1006.2,89,31.0,232
2024-12-02 06:00,2.2,78,-2.1,0.00,0.00,1006.2,78,26.7,235
2024-12-02 07:00,1.9,79,-2.1,0.00,0.00,1006.1,94,23.7,232
2024-12-02 08:00,2.3,78,-1.7,0.00,0.00,1005.9,100,24.6,226
2024-12-02 09:00,2.8,78,-1.2,0.00,0.00,1005.8,100,24.1,225
2024-12-02 10:00,3.5,79,-0.3,0.00,0.00,1005.8,100,23.6,223
2024-12-02 11:00,4.8,78,0.8,0.00,0.00,1005.6,98,26.7,224
2024-12-02 12:00,6.2,78,2.2,0.00,0.00,1005.0,99,28.0,228
2024-12-02 13:00,7.7,79,3.8,0.00,0.00,1004.3,44,28.2,231
2024-12-02 14:00,8.4,78,5.2,0.00,0.00,1003.5,29,22.7,222
2024-12-02 15:00,7.2,72,3.5,0.00,0.00,1003.3,24,25.0,209
2024-12-02 16:00,6.8,74,2.8,0.00,0.00,1002.9,38,30.1,215
2024-12-02 17:00,5.3,82,1.0,0.00,0.00,1002.7,90,34.1,220
2024-12-02 18:00,4.6,85,0.4,0.00,0.00,1002.5,98,32.2,219
2024-12-02 19:00,4.8,85,0.9,0.00,0.00,1002.1,100,30.6,216
2024-12-02 20:00,4.3,89,0.6,0.00,0.00,1002.0,100,28.9,219
2024-12-02 21:00,4.0,91,0.3,0.00,0.00,1001.8,98,28.1,229
2024-12-02 22:00,4.1,92,0.2,0.00,0.00,1001.8,81,29.5,241
2024-12-02 23:00,3.8,93,-0.1,0.00,0.00,1001.6,57,30.2,238
2024-12-03 00:00,3.4,93,-0.6,0.00,0.00,1001.6,100,30.9,240
2024-12-03 01:00,3.8,94,-0.2,0.00,0.00,1001.4,100,32.0,243
2024-12-03 02:00,4.2,94,0.3,0.00,0.00,1001.2,100,31.3,241
2024-12-03 03:00,5.8,92,2.0,0.00,0.00,1001.4,100,30.5,247
2024-12-03 04:00,5.4,93,1.9,0.00,0.00,1001.6,99,28.1,247
2024-12-03 05:00,5.3,93,1.6,0.00,0.00,1001.5,92,29.1,248
2024-12-03 06:00,5.4,93,1.6,0.00,0.00,1001.6,96,31.2,246
2024-12-03 07:00,5.6,91,1.7,0.00,0.00,1001.3,25,31.7,244
2024-12-03 08:00,4.8,93,1.0,0.00,0.00,1001.6,72,29.5,239
2024-12-03 09:00,4.7,95,0.9,0.00,0.00,1002.1,100,29.0,243
2024-12-03 10:00,5.1,93,1.4,0.00,0.00,1002.6,100,26.0,243
2024-12-03 11:00,5.4,91,1.9,0.00,0.00,1002.9,100,23.4,239
2024-12-03 12:00,5.9,86,2.4,0.10,0.10,1003.0,100,22.4,242
2024-12-03 13:00,6.2,86,2.9,0.00,0.00,1002.9,100,18.0,233
2024-12-03 14:00,6.0,88,3.1,0.10,0.10,1002.8,100,17.1,221
2024-12-03 15:00,6.6,94,3.3,0.90,0.90,1003.0,100,25.4,253
2024-12-03 16:00,6.1,94,3.0,0.80,0.80,1003.1,96,24.0,239
2024-12-03 17:00,5.7,95,2.5,0.40,0.40,1003.8,100,25.0,255
2024-12-03 18:00,5.6,93,1.8,0.30,0.30,1004.5,100,28.3,314
2024-12-03 19:00,4.9,93,1.5,0.00,0.00,1005.2,100,22.7,303
2024-12-03 20:00,4.8,92,1.8,0.00,0.00,1005.9,100,18.9,291
2024-12-03 21:00,4.7,93,1.7,0.00,0.00,1006.4,98,19.4,269
2024-12-03 22:00,4.3,93,1.0,0.00,0.00,1006.7,100,21.6,270
2024-12-03 23:00,3.0,94,-0.5,0.00,0.00,1007.2,1,24.1,263
2024-12-04 00:00,2.0,94,-1.7,0.00,0.00,1007.5,12,24.7,256
2024-12-04 01:00,1.5,95,-2.4,0.00,0.00,1007.8,89,24.5,249
2024-12-04 02:00,2.2,92,-1.5,0.00,0.00,1007.9,100,23.1,246
2024-12-04 03:00,2.9,94,-0.7,0.00,0.00,1007.8,80,22.9,247
2024-12-04 04:00,2.8,93,-0.9,0.00,0.00,1008.1,74,24.6,255
2024-12-04 05:00,2.8,93,-1.0,0.00,0.00,1008.3,67,25.0,263
2024-12-04 06:00,2.8,93,-0.8,0.00,0.00,1008.4,100,23.8,267
2024-12-04 07:00,3.2,92,-0.3,0.00,0.00,1008.5,97,22.7,263
2024-12-04 08:00,3.2,93,-0.5,0.00,0.00,1008.9,54,23.7,255
2024-12-04 09:00,2.8,94,-0.9,0.20,0.20,1009.5,80,24.9,260
2024-12-04 10:00,3.2,92,-0.6,0.00,0.00,1009.9,95,24.3,256
2024-12-04 11:00,3.5,89,-0.4,0.00,0.00,1010.2,84,25.0,255
2024-12-04 12:00,4.0,86,0.4,0.00,0.00,1010.7,86,19.2,251
2024-12-04 13:00,4.2,85,0.5,0.10,0.10,1010.5,100,20.3,250
2024-12-04 14:00,4.1,87,0.4,0.50,0.50,1010.8,100,21.7,258
2024-12-04 15:00,4.3,88,0.8,0.10,0.10,1011.5,100,21.7,279
2024-12-04 16:00,4.1,89,0.4,0.20,0.20,1011.7,97,22.5,269
2024-12-04 17:00,3.8,90,0.2,0.20,0.20,1012.3,100,22.5,267
2024-12-04 18:00,3.8,89,0.1,0.00,0.00,1012.8,95,22.7,268
2024-12-04 19:00,3.3,89,-0.4,0.00,0.00,1013.2,100,23.3,266
2024-12-04 20:00,3.0,88,-0.9,0.00,0.00,1013.5,100,24.4,262
2024-12-04 21:00,3.0,87,-0.9,0.00,0.00,1013.7,100,23.9,260
2024-12-04 22:00,3.0,88,-1.0,0.00,0.00,1013.9,100,24.5,257
2024-12-04 23:00,2.8,88,-1.2,0.00,0.00,1014.3,100,25.5,257
2024-12-05 00:00,2.7,89,-1.4,0.00,0.00,1014.4,99,24.9,257
2024-12-05 01:00,2.5,89,-1.3,0.00,0.00,1014.4,96,23.2,254
2024-12-05 02:00,2.2,91,-1.9,0.00,0.00,1014.5,100,25.0,255
2024-12-05 03:00,3.0,91,-0.7,0.00,0.00,1014.7,83,23.5,259
2024-12-05 04:00,2.3,93,-1.6,0.00,0.00,1014.6,52,24.9,260
2024-12-05 05:00,1.5,94,-2.5,0.00,0.00,1014.4,20,24.8,254
2024-12-05 06:00,1.1,94,-2.7,0.00,0.00,1014.2,35,23.5,247
2024-12-05 07:00,0.9,93,-3.0,0.00,0.00,1013.8,80,22.5,236
2024-12-05 08:00,0.8,93,-3.2,0.00,0.00,1013.6,100,22.5,229
2024-12-05 09:00,0.9,92,-3.0,0.00,0.00,1013.2,100,21.1,225
2024-12-05 10:00,1.4,91,-2.3,0.00,0.00,1013.2,28,18.8,212
2024-12-05 11:00,2.2,84,-1.8,0.00,0.00,1012.8,0,20.1,198
2024-12-05 12:00,2.8,81,-1.0,0.00,0.00,1012.4,3,17.6,198
2024-12-05 13:00,3.8,77,-0.2,0.00,0.00,1011.3,51,18.6,197
2024-12-05 14:00,4.4,74,0.1,0.00,0.00,1010.2,37,22.6,185
2024-12-05 15:00,4.7,71,0.0,0.00,0.00,1008.8,68,27.0,182
2024-12-05 16:00,4.2,69,-1.0,0.00,0.00,1008.4,93,32.0,192
2024-12-05 17:00,2.9,72,-2.3,0.00,0.00,1007.9,100,33.6,193
2024-12-05 18:00,2.9,70,-2.4,0.00,0.00,1006.5,100,33.6,185
2024-12-05 19:00,3.0,68,-2.2,0.00,0.00,1005.4,100,32.5,184
2024-12-05 20:00,3.2,66,-2.1,0.00,0.00,1004.0,100,33.3,189
2024-12-05 21:00,3.5,65,-1.6,0.00,0.00,1002.8,100,31.8,185
2024-12-05 22:00,3.8,64,-1.2,0.00,0.00,1001.6,100,29.6,183
2024-12-05 23:00,4.0,65,-1.1,0.00,0.00,1000.2,100,30.7,185
2024-12-06 00:00,3.9,66,-0.9,0.00,0.00,998.9,100,29.0,182
2024-12-06 01:00,4.0,72,-0.7,0.10,0.10,997.2,100,28.4,181
2024-12-06 02:00,4.4,71,-0.4,0.00,0.00,995.3,100,31.7,183
2024-12-06 03:00,4.2,81,-0.6,0.80,0.80,993.1,100,32.3,193
2024-12-06 04:00,3.7,93,-1.0,0.90,0.90,991.1,100,35.7,189
2024-12-06 05:00,3.8,90,-0.7,0.60,0.60,989.7,100,33.4,183
2024-12-06 06:00,4.2,93,-0.1,1.40,1.40,987.7,100,34.1,184
2024-12-06 07:00,5.1,93,1.2,1.80,1.80,986.7,100,30.6,199
2024-12-06 08:00,5.5,93,1.7,1.40,1.40,986.1,100,30.8,218
2024-12-06 09:00,6.0,92,1.9,0.40,0.40,986.5,100,34.1,247
2024-12-06 10:00,6.6,91,2.0,0.10,0.10,987.7,100,39.4,258
2024-12-06 11:00,7.0,87,2.2,0.00,0.00,988.7,99,40.2,261
2024-12-06 12:00,7.2,83,2.7,0.00,0.00,989.4,100,36.2,249
2024-12-06 13:00,7.8,77,4.0,0.00,0.00,989.5,86,27.2,230
2024-12-06 14:00,7.7,76,2.7,0.00,0.00,989.1,98,35.4,232
2024-12-06 15:00,6.9,83,2.3,0.40,0.40,990.5,96,35.3,230
2024-12-06 16:00,6.4,85,1.9,0.20,0.20,990.9,100,35.2,235
2024-12-06 17:00,6.1,87,1.6,0.30,0.30,991.3,100,35.0,250
2024-12-06 18:00,6.1,88,2.2,0.10,0.10,992.4,100,30.1,270
2024-12-06 19:00,6.9,91,3.1,0.00,0.00,993.8,100,32.0,307
2024-12-06 20:00,6.9,93,3.0,0.00,0.00,995.6,100,33.0,312
2024-12-06 21:00,6.7,92,3.2,0.00,0.00,997.1,100,27.9,313
2024-12-06 22:00,6.8,91,3.3,0.00,0.00,998.0,100,27.9,302
2024-12-06 23:00,6.9,88,3.2,0.00,0.00,998.8,100,29.6,296
2024-12-07 00:00,7.1,86,3.6,0.00,0.00,999.3,100,26.7,291
2024-12-07 01:00,7.2,86,4.1,0.00,0.00,999.6,100,22.6,280
2024-12-07 02:00,6.8,91,3.7,0.30,0.30,999.6,100,24.1,249
2024-12-07 03:00,6.4,95,2.8,0.50,0.50,1000.1,100,31.2,262
2024-12-07 04:00,6.5,91,2.4,0.00,0.00,1000.1,100,34.0,262
2024-12-07 05:00,5.9,89,1.9,0.00,0.00,999.7,83,31.5,254
2024-12-07 06:00,4.8,91,0.9,0.00,0.00,998.8,95,28.2,242
2024-12-07 07:00,3.5,91,-0.7,0.00,0.00,998.3,100,30.0,230
2024-12-07 08:00,3.0,88,-1.0,0.00,0.00,997.8,100,27.5,216
2024-12-07 09:00,2.6,89,-1.5,0.00,0.00,996.9,100,27.3,194
2024-12-07 10:00,2.5,88,-1.6,0.00,0.00,995.5,100,27.2,178
2024-12-07 11:00,3.5,82,-0.8,0.00,0.00,994.2,100,27.1,175
2024-12-07 12:00,4.6,78,0.5,0.00,0.00,993.1,100,24.8,174
2024-12-07 13:00,5.0,77,0.6,0.10,0.10,991.5,100,29.6,173
2024-12-07 14:00,5.2,76,0.6,0.20,0.20,990.1,100,30.5,171
2024-12-07 15:00,5.7,78,1.2,0.20,0.20,989.5,100,31.2,185
2024-12-07 16:00,5.3,84,1.0,0.60,0.60,989.1,100,32.0,180
2024-12-07 17:00,4.8,92,0.5,1.00,1.00,988.8,100,32.9,181
2024-12-07 18:00,4.7,93,0.4,0.70,0.70,988.7,100,32.8,184
2024-12-07 19:00,4.6,94,0.7,0.90,0.90,988.5,100,29.6,188
2024-12-07 20:00,4.6,94,1.1,0.90,0.90,988.1,100,25.1,185
2024-12-07 21:00,4.5,95,1.3,0.30,0.30,988.1,100,22.4,188
2024-12-07 22:00,4.4,94,1.3,0.10,0.10,988.3,100,21.2,187
2024-12-07 23:00,4.2,95,1.1,0.00,0.00,988.5,100,20.5,191
2024-12-08 00:00,4.1,95,1.0,0.00,0.00,988.7,100,21.1,203
2024-12-08 01:00,4.2,95,1.5,0.00,0.00,989.0,100,19.5,209
2024-12-08 02:00,3.9,95,1.6,0.00,0.00,989.4,100,13.6,197
2024-12-08 03:00,3.7,95,0.9,0.00,0.00,990.4,100,18.9,208
2024-12-08 04:00,3.3,96,0.7,0.00,0.00,991.0,40,17.8,200
2024-12-08 05:00,2.9,97,0.2,0.00,0.00,991.3,43,18.7,208
2024-12-08 06:00,2.2,97,-0.4,0.00,0.00,991.9,24,15.2,211
2024-12-08 07:00,2.0,97,-0.6,0.00,0.00,992.4,66,11.6,210
2024-12-08 08:00,1.8,98,-0.7,0.00,0.00,993.2,92,9.1,205
2024-12-08 09:00,1.6,98,-0.7,0.00,0.00,994.2,83,6.3,211
2024-12-08 10:00,2.0,98,-0.0,0.00,0.00,995.1,100,0.5,45
2024-12-08 11:00,3.0,97,1.0,0.00,0.00,995.7,51,5.2,25
2024-12-08 12:00,4.6,96,2.6,0.00,0.00,996.8,98,9.8,40
2024-12-08 13:00,5.7,91,3.3,0.00,0.00,997.4,100,10.2,26
2024-12-08 14:00,6.2,90,3.5,0.00,0.00,997.9,100,14.3,25
2024-12-08 15:00,6.1,91,3.5,0.00,0.00,999.2,100,13.7,28
2024-12-08 16:00,6.0,92,3.1,0.00,0.00,999.8,100,17.2,26
2024-12-08 17:00,5.4,95,2.2,0.00,0.00,1000.4,100,20.7,27
2024-12-08 18:00,5.1,96,1.6,0.10,0.10,1001.2,100,24.5,38
2024-12-08 19:00,4.7,94,0.9,0.10,0.10,1001.7,100,25.4,48
2024-12-08 20:00,4.1,96,0.1,0.00,0.00,1002.4,100,26.7,45
2024-12-08 21:00,3.8,94,-0.2,0.00,0.00,1003.0,100,25.5,47
2024-12-08 22:00,3.4,93,-0.7,0.00,0.00,1004.1,100,26.2,46
2024-12-08 23:00,3.1,93,-0.9,0.00,0.00,1004.7,100,23.9,43
2024-12-09 00:00,3.0,93,-0.9,0.00,0.00,1005.5,100,23.9,34
2024-12-09 01:00,3.0,91,-1.0,0.00,0.00,1006.1,100,24.6,28
2024-12-09 02:00,3.0,89,-1.2,0.00,0.00,1006.4,100,25.4,25
2024-12-09 03:00,3.1,90,-0.9,0.10,0.10,1006.7,100,25.1,29
2024-12-09 04:00,3.0,89,-1.0,0.00,0.00,1007.0,100,24.8,30
2024-12-09 05:00,2.9,88,-0.9,0.00,0.00,1006.9,100,21.6,23
2024-12-09 06:00,2.7,90,-1.0,0.00,0.00,1007.0,100,20.2,23
2024-12-09 07:00,2.7,90,-1.0,0.00,0.00,1007.0,100,19.8,21
2024-12-09 08:00,2.5,92,-1.1,0.10,0.10,1007.5,100,18.1,27
2024-12-09 09:00,2.3,94,-1.2,0.00,0.00,1008.3,100,18.3,41
2024-12-09 10:00,2.5,93,-1.3,0.00,0.00,1009.0,100,20.7,53
2024-12-09 11:00,2.8,89,-1.4,0.00,0.00,1009.8,100,23.5,56
2024-12-09 12:00,3.0,88,-1.3,0.10,0.10,1010.4,94,24.1,51
2024-12-09 13:00,3.3,83,-0.9,0.00,0.00,1010.7,100,23.2,49
2024-12-09 14:00,3.3,85,-0.9,0.00,0.00,1011.0,100,23.4,34
2024-12-09 15:00,3.1,89,-1.0,0.10,0.10,1011.4,100,23.2,29
2024-12-09 16:00,3.2,90,-0.8,0.10,0.10,1011.6,100,23.9,26
2024-12-09 17:00,3.2,93,-0.4,0.10,0.10,1012.0,100,22.6,21
2024-12-09 18:00,3.5,93,-0.3,0.00,0.00,1012.4,100,23.8,28
2024-12-09 19:00,3.6,93,-0.2,0.30,0.30,1012.7,100,24.5,34
2024-12-09 20:00,3.6,96,-0.3,0.40,0.40,1012.9,100,25.8,37
2024-12-09 21:00,3.7,96,-0.3,0.10,0.10,1013.3,100,26.8,38
2024-12-09 22:00,3.7,95,-0.4,0.00,0.00,1014.0,100,27.1,45
2024-12-09 23:00,3.5,94,-0.6,0.00,0.00,1014.4,100,26.5,42
2024-12-10 00:00,3.2,93,-0.9,0.00,0.00,1014.7,100,26.8,35
2024-12-10 01:00,3.2,93,-1.0,0.10,0.10,1014.8,100,27.5,34
2024-12-10 02:00,3.1,92,-1.1,0.10,0.10,1015.0,100,27.2,36
2024-12-10 03:00,3.3,94,-0.6,0.00,0.00,1015.1,100,25.4,38
2024-12-10 04:00,3.2,94,-0.9,0.10,0.10,1015.4,100,26.9,39
2024-12-10 05:00,3.2,93,-0.8,0.00,0.00,1015.3,100,25.1,39
2024-12-10 06:00,3.0,94,-0.9,0.00,0.00,1015.2,100,24.6,44
2024-12-10 07:00,2.9,94,-1.1,0.00,0.00,1015.2,100,24.2,45
2024-12-10 08:00,2.8,93,-1.1,0.00,0.00,1015.5,100,23.9,43
2024-12-10 09:00,2.7,93,-1.2,0.00,0.00,1015.8,100,23.4,43
2024-12-10 10:00,2.7,92,-1.3,0.00,0.00,1016.3,100,23.2,44
2024-12-10 11:00,2.7,87,-1.5,0.00,0.00,1016.6,100,22.1,49
2024-12-10 12:00,2.7,85,-1.6,0.00,0.00,1016.8,100,22.2,55
2024-12-10 13:00,2.5,83,-1.7,0.00,0.00,1016.9,100,21.0,55
2024-12-10 14:00,2.5,82,-1.8,0.00,0.00,1017.0,100,21.6,51
2024-12-10 15:00,2.8,83,-1.4,0.00,0.00,1017.1,100,21.5,53
2024-12-10 16:00,2.7,83,-1.3,0.00,0.00,1017.4,100,19.3,51
2024-12-10 17:00,2.5,84,-1.2,0.00,0.00,1017.6,100,16.7,48
2024-12-10 18:00,2.3,84,-1.3,0.00,0.00,1017.9,100,17.3,44
2024-12-10 19:00,2.2,85,-1.3,0.00,0.00,1017.8,100,17.1,44
2024-12-10 20:00,2.2,86,-1.3,0.00,0.00,1018.0,100,17.6,44
2024-12-10 21:00,2.2,86,-1.4,0.00,0.00,1018.0,100,17.3,48
2024-12-10 22:00,2.1,86,-1.5,0.00,0.00,1018.2,100,17.9,54
2024-12-10 23:00,2.0,86,-1.4,0.00,0.00,1018.3,100,14.9,65
2024-12-11 00:00,2.0,87,-1.0,0.00,0.00,1018.4,100,9.7,65
2024-12-11 01:00,2.0,88,-0.8,0.00,0.00,1018.4,100,8.4,50
2024-12-11 02:00,1.9,89,-0.8,0.00,0.00,1018.2,100,7.4,47
2024-12-11 03:00,1.6,91,-1.2,0.00,0.00,1018.2,100,10.5,31
2024-12-11 04:00,1.5,90,-1.4,0.00,0.00,1017.9,100,10.8,37
2024-12-11 05:00,1.5,89,-1.3,0.00,0.00,1017.8,96,9.0,43
2024-12-11 06:00,1.5,89,-1.2,0.00,0.00,1017.6,100,7.0,35
2024-12-11 07:00,1.5,89,-1.1,0.00,0.00,1017.8,100,6.9,9
2024-12-11 08:00,1.5,90,-1.8,0.00,0.00,1017.9,100,12.8,11
2024-12-11 09:00,1.4,86,-2.0,0.00,0.00,1018.1,100,13.3,27
2024-12-11 10:00,1.5,83,-1.5,0.00,0.00,1018.4,100,8.4,50
2024-12-11 11:00,1.9,81,-0.9,0.00,0.00,1018.8,100,4.5,29
2024-12-11 12:00,2.3,81,-0.2,0.00,0.00,1018.7,100,3.5,12
2024-12-11 13:00,2.5,82,-0.2,0.00,0.00,1018.4,100,5.0,347
2024-12-11 14:00,2.5,81,-0.3,0.00,0.00,1018.0,100,6.6,323
2024-12-11 15:00,3.0,81,0.2,0.00,0.00,1017.6,100,6.2,319
2024-12-11 16:00,3.0,79,0.1,0.00,0.00,1017.7,100,6.9,329
2024-12-11 17:00,2.5,82,-0.3,0.00,0.00,1018.0,100,9.0,338
2024-12-11 18:00,2.5,83,-0.4,0.00,0.00,1018.2,100,9.5,339
2024-12-11 19:00,2.3,85,-0.4,0.00,0.00,1018.2,100,8.5,333
2024-12-11 20:00,2.3,88,-0.1,0.00,0.00,1018.7,100,5.6,329
2024-12-11 21:00,2.2,89,-0.2,0.00,0.00,1018.7,100,5.1,297
2024-12-11 22:00,2.2,90,-0.3,0.00,0.00,1018.8,100,7.1,291
2024-12-11 23:00,2.2,91,-0.2,0.00,0.00,1018.9,100,7.5,300
2024-12-12 00:00,2.2,92,-0.3,0.00,0.00,1018.9,100,6.7,301
2024-12-12 01:00,2.2,93,-0.2,0.00,0.00,1019.1,100,5.9,320
2024-12-12 02:00,2.0,93,-0.3,0.00,0.00,1019.0,100,5.4,345
2024-12-12 03:00,1.9,92,-0.4,0.00,0.00,1019.0,100,3.6,354
2024-12-12 04:00,1.8,92,-0.3,0.00,0.00,1019.0,100,1.1,108
2024-12-12 05:00,1.8,93,-0.8,0.00,0.00,1018.8,100,7.9,213
2024-12-12 06:00,1.8,92,-0.5,0.00,0.00,1018.8,100,4.7,242
2024-12-12 07:00,1.5,94,-0.8,0.00,0.00,1018.9,100,6.1,246
2024-12-12 08:00,1.5,94,-1.0,0.00,0.00,1019.0,100,6.3,252
2024-12-12 09:00,1.4,92,-1.5,0.00,0.00,1019.0,100,8.1,253
2024-12-12 10:00,1.4,89,-1.5,0.00,0.00,1019.4,100,7.2,266
2024-12-12 11:00,1.5,87,-1.3,0.00,0.00,1019.4,100,5.8,256
2024-12-12 12:00,2.1,84,-0.6,0.00,0.00,1019.3,100,4.1,255
2024-12-12 13:00,2.5,80,0.0,0.00,0.00,1019.2,94,2.7,266
2024-12-12 14:00,2.9,74,0.4,0.00,0.00,1018.8,92,1.5,284
2024-12-12 15:00,2.2,80,-0.4,0.00,0.00,1019.2,90,3.3,279
2024-12-12 16:00,2.2,79,-0.4,0.00,0.00,1019.3,89,3.5,12
2024-12-12 17:00,2.0,83,-0.6,0.00,0.00,1019.3,95,4.9,73
2024-12-12 18:00,1.9,84,-0.8,0.00,0.00,1019.1,100,5.6,123
2024-12-12 19:00,1.5,87,-1.1,0.00,0.00,1019.3,100,6.1,124
2024-12-12 20:00,1.4,89,-1.4,0.00,0.00,1019.5,100,6.9,137
2024-12-12 21:00,1.4,89,-1.3,0.00,0.00,1019.6,100,7.5,147
2024-12-12 22:00,1.5,88,-1.3,0.00,0.00,1020.0,100,8.0,146
2024-12-12 23:00,1.5,87,-1.2,0.00,0.00,1020.1,100,7.0,116
2024-12-13 00:00,1.5,85,-1.4,0.00,0.00,1020.3,100,8.8,107
2024-12-13 01:00,1.4,84,-1.7,0.00,0.00,1020.4,100,11.0,113
2024-12-13 02:00,1.2,84,-1.9,0.00,0.00,1020.4,100,11.8,117
2024-12-13 03:00,0.9,85,-2.3,0.00,0.00,1020.6,100,10.3,109
2024-12-13 04:00,0.8,84,-2.7,0.00,0.00,1020.8,100,12.8,101
2024-12-13 05:00,0.6,83,-3.1,0.00,0.00,1020.7,93,14.0,99
2024-12-13 06:00,0.4,83,-3.3,0.00,0.00,1020.6,100,14.6,100
2024-12-13 07:00,0.3,84,-3.4,0.00,0.00,1020.4,100,14.6,108
2024-12-13 08:00,0.1,84,-3.4,0.00,0.00,1020.4,75,13.4,116
2024-12-13 09:00,-0.4,86,-3.7,0.00,0.00,1020.3,38,12.0,106
2024-12-13 10:00,-0.6,89,-4.3,0.00,0.00,1020.2,17,15.2,95
2024-12-13 11:00,-0.2,86,-3.9,0.00,0.00,1019.8,26,13.8,104
2024-12-13 12:00,0.3,83,-3.3,0.00,0.00,1019.4,52,11.3,123
2024-12-13 13:00,0.8,79,-2.6,0.00,0.00,1018.6,64,9.3,133
2024-12-13 14:00,1.0,79,-2.3,0.00,0.00,1017.7,34,8.2,131
2024-12-13 15:00,0.2,82,-3.2,0.00,0.00,1017.6,78,8.1,141
2024-12-13 16:00,0.1,81,-3.5,0.00,0.00,1017.0,18,10.6,133
2024-12-13 17:00,-0.8,86,-4.4,0.00,0.00,1016.5,1,14.4,126
2024-12-13 18:00,-1.3,88,-5.0,0.00,0.00,1015.7,0,15.7,121
2024-12-13 19:00,-1.5,89,-5.1,0.00,0.00,1015.0,0,15.9,128
2024-12-13 20:00,-1.5,89,-5.2,0.00,0.00,1014.3,0,16.7,139
2024-12-13 21:00,-1.5,90,-5.4,0.00,0.00,1013.9,0,19.7,159
2024-12-13 22:00,-1.5,89,-5.7,0.00,0.00,1013.2,0,21.9,173
2024-12-13 23:00,-1.6,85,-5.8,0.00,0.00,1012.5,0,21.2,190
2024-12-14 00:00,-1.9,84,-6.1,0.00,0.00,1012.0,0,20.5,208
2024-12-14 01:00,-2.1,85,-6.2,0.00,0.00,1011.5,10,19.1,215
2024-12-14 02:00,-2.3,86,-6.4,0.00,0.00,1010.8,99,19.5,218
2024-12-14 03:00,-1.6,89,-5.7,0.00,0.00,1009.7,100,19.5,218
2024-12-14 04:00,-1.8,89,-5.7,0.00,0.00,1009.0,98,18.4,222
2024-12-14 05:00,-1.6,89,-5.6,0.00,0.00,1008.3,100,19.6,222
2024-12-14 06:00,-1.1,88,-5.3,0.00,0.00,1007.5,100,21.7,221
2024-12-14 07:00,-0.2,85,-4.4,0.00,0.00,1006.8,100,22.2,230
2024-12-14 08:00,0.4,84,-3.7,0.00,0.00,1006.2,100,21.7,243
2024-12-14 09:00,0.6,85,-3.4,0.00,0.00,1006.2,100,21.2,244
2024-12-14 10:00,1.0,84,-3.1,0.00,0.00,1006.3,100,20.5,247
2024-12-14 11:00,1.1,84,-3.4,0.00,0.00,1006.0,100,22.6,257
2024-12-14 12:00,1.2,81,-3.5,0.00,0.00,1005.8,100,25.2,261
2024-12-14 13:00,1.4,78,-3.6,0.00,0.00,1005.2,100,27.0,263
2024-12-14 14:00,1.5,76,-3.7,0.00,0.00,1004.7,100,28.0,265
2024-12-14 15:00,1.8,75,-3.5,0.00,0.00,1004.4,99,28.9,265
2024-12-14 16:00,1.9,77,-2.7,0.00,0.00,1004.1,100,24.8,254
2024-12-14 17:00,2.0,78,-2.8,0.00,0.00,1003.9,100,27.5,242
2024-12-14 18:00,1.9,80,-3.1,0.00,0.00,1003.9,100,31.1,241
2024-12-14 19:00,2.0,81,-3.2,0.00,0.00,1003.8,99,34.6,248
2024-12-14 20:00,2.1,81,-3.4,0.00,0.00,1004.0,100,37.3,247
2024-12-14 21:00,2.3,80,-3.2,0.00,0.00,1004.3,100,37.8,250
2024-12-14 22:00,2.5,82,-3.2,0.10,0.10,1004.5,100,39.2,250
2024-12-14 23:00,2.3,85,-3.2,0.10,0.10,1004.4,100,38.6,251
2024-12-15 00:00,2.7,85,-2.8,0.00,0.00,1004.6,100,38.4,257
2024-12-15 01:00,2.7,87,-2.5,0.20,0.20,1005.3,100,36.8,263
2024-12-15 02:00,2.8,89,-2.1,0.20,0.10,1005.6,100,34.9,262
2024-12-15 03:00,2.5,91,-2.4,0.00,0.00,1005.8,92,35.2,259
2024-12-15 04:00,2.9,90,-2.0,0.00,0.00,1006.6,100,34.9,264
2024-12-15 05:00,3.2,91,-1.4,0.00,0.00,1007.0,100,32.0,265
2024-12-15 06:00,3.5,90,-0.9,0.00,0.00,1007.5,82,31.0,268
2024-12-15 07:00,3.7,89,-0.8,0.00,0.00,1008.0,74,31.9,272
2024-12-15 08:00,3.8,89,-0.7,0.00,0.00,1008.6,82,32.2,269
2024-12-15 09:00,3.9,89,-0.7,0.00,0.00,1009.3,92,33.2,265
2024-12-15 10:00,4.2,87,-0.5,0.00,0.00,1010.0,89,34.0,262
2024-12-15 11:00,4.8,83,-0.2,0.00,0.00,1010.4,85,35.4,263
2024-12-15 12:00,5.4,80,0.8,0.00,0.00,1010.7,40,33.2,254
2024-12-15 13:00,5.5,78,0.4,0.00,0.00,1010.7,29,36.1,244
2024-12-15 14:00,5.6,80,0.7,0.00,0.00,1010.7,98,34.2,241
2024-12-15 15:00,5.2,82,0.3,0.00,0.00,1011.3,100,34.2,247
2024-12-15 16:00,5.1,84,0.1,0.10,0.10,1010.9,100,37.8,243
2024-12-15 17:00,4.9,88,-0.2,0.50,0.50,1010.6,100,39.9,239
2024-12-15 18:00,5.2,88,-0.1,0.10,0.10,1010.4,100,42.7,243
2024-12-15 19:00,5.8,85,0.6,0.00,0.00,1010.4,100,43.3,251
2024-12-15 20:00,6.2,86,1.0,0.00,0.00,1010.5,100,43.9,252
2024-12-15 21:00,6.9,86,1.7,0.00,0.00,1010.7,100,45.2,256
2024-12-15 22:00,7.1,85,1.8,0.00,0.00,1011.0,100,46.0,256
2024-12-15 23:00,7.4,85,2.0,0.00,0.00,1011.4,100,48.0,255
2024-12-16 00:00,7.6,85,2.6,0.00,0.00,1011.8,100,43.8,254
2024-12-16 01:00,7.8,86,3.2,0.00,0.00,1011.9,100,40.6,254
2024-12-16 02:00,8.2,86,3.7,0.00,0.00,1011.8,100,40.7,257
2024-12-16 03:00,8.2,86,3.1,0.00,0.00,1011.1,100,47.2,252
2024-12-16 04:00,8.6,85,3.5,0.00,0.00,1011.1,100,47.6,254
2024-12-16 05:00,8.9,85,4.0,0.00,0.00,1011.3,100,45.1,256
2024-12-16 06:00,9.2,84,4.7,0.00,0.00,1011.5,100,42.8,261
2024-12-16 07:00,9.6,83,4.9,0.00,0.00,1011.6,100,44.8,262
2024-12-16 08:00,9.8,83,5.2,0.00,0.00,1012.3,100,44.0,264
2024-12-16 09:00,9.9,84,5.6,0.00,0.00,1013.1,100,40.7,267
2024-12-16 10:00,9.9,84,5.9,0.00,0.00,1013.8,100,38.7,265
2024-12-16 11:00,10.1,84,5.9,0.00,0.00,1014.4,100,40.9,267
2024-12-16 12:00,10.2,83,6.3,0.00,0.00,1014.8,100,37.6,263
2024-12-16 13:00,10.1,81,5.6,0.00,0.00,1014.6,100,42.5,265
2024-12-16 14:00,10.2,81,6.2,0.00,0.00,1014.6,100,36.6,264
2024-12-16 15:00,10.6,79,6.3,0.00,0.00,1014.6,100,38.0,257
2024-12-16 16:00,10.5,79,6.3,0.00,0.00,1014.1,87,37.0,257
2024-12-16 17:00,9.9,84,6.2,0.10,0.10,1014.0,100,33.6,253
2024-12-16 18:00,9.9,83,6.0,0.00,0.00,1014.0,99,35.9,258
2024-12-16 19:00,9.4,86,5.9,0.00,0.00,1014.1,100,32.3,250
2024-12-16 20:00,9.3,88,5.9,0.00,0.00,1014.3,100,31.2,261
2024-12-16 21:00,9.3,85,5.2,0.00,0.00,1014.3,100,37.4,266
2024-12-16 22:00,9.1,77,4.3,0.00,0.00,1014.3,100,40.3,270
2024-12-16 23:00,8.9,76,3.7,0.00,0.00,1014.2,100,43.3,267
2024-12-17 00:00,8.6,78,3.9,0.00,0.00,1014.0,100,38.1,265
2024-12-17 01:00,8.4,80,4.1,0.00,0.00,1014.0,99,34.9,268
2024-12-17 02:00,8.4,81,4.1,0.00,0.00,1013.9,99,35.3,269
2024-12-17 03:00,8.8,75,4.3,0.00,0.00,1013.5,95,37.0,263
2024-12-17 04:00,8.4,77,4.1,0.00,0.00,1013.3,100,37.5,258
2024-12-17 05:00,8.2,75,3.8,0.00,0.00,1013.4,100,37.0,261
2024-12-17 06:00,8.2,78,4.0,0.00,0.00,1013.6,100,36.0,262
2024-12-17 07:00,8.6,80,4.7,0.00,0.00,1013.4,93,33.8,258
2024-12-17 08:00,8.3,82,4.4,0.00,0.00,1014.2,85,33.7,264
2024-12-17 09:00,8.2,83,4.6,0.00,0.00,1014.7,100,31.4,266
2024-12-17 10:00,8.2,83,4.6,0.00,0.00,1014.9,84,29.6,261
2024-12-17 11:00,8.6,82,4.8,0.00,0.00,1014.9,63,29.8,256
2024-12-17 12:00,9.0,78,4.7,0.00,0.00,1015.0,86,32.6,261
2024-12-17 13:00,9.1,77,4.8,0.00,0.00,1015.0,72,33.3,260
2024-12-17 14:00,9.4,75,5.4,0.00,0.00,1014.9,10,29.0,260
2024-12-17 15:00,9.8,71,5.7,0.00,0.00,1014.5,7,30.3,259
2024-12-17 16:00,9.3,74,5.8,0.00,0.00,1014.5,9,26.3,258
2024-12-17 17:00,8.4,77,5.1,0.00,0.00,1014.5,12,24.7,254
2024-12-17 18:00,7.4,82,4.1,0.00,0.00,1014.4,23,26.3,244
2024-12-17 19:00,7.2,83,3.6,0.00,0.00,1014.4,16,29.5,243
2024-12-17 20:00,7.0,84,3.3,0.00,0.00,1014.1,97,29.9,241
2024-12-17 21:00,6.5,85,2.9,0.00,0.00,1013.7,100,29.1,239
2024-12-17 22:00,6.2,87,2.5,0.00,0.00,1013.5,100,28.4,240
2024-12-17 23:00,5.7,89,2.2,0.00,0.00,1013.0,82,26.4,234
2024-12-18 00:00,4.9,91,1.5,0.00,0.00,1012.6,93,24.9,228
2024-12-18 01:00,3.9,94,0.8,0.00,0.00,1011.9,50,19.7,208
2024-12-18 02:00,3.3,94,-0.0,0.00,0.00,1011.4,78,22.1,207
2024-12-18 03:00,4.4,91,0.9,0.00,0.00,1009.9,99,24.8,202
2024-12-18 04:00,4.6,90,0.9,0.00,0.00,1009.0,100,25.8,204
2024-12-18 05:00,5.4,88,1.7,0.00,0.00,1007.9,100,27.2,208
2024-12-18 06:00,6.1,86,2.7,0.00,0.00,1006.9,66,24.4,213
2024-12-18 07:00,6.3,84,2.5,0.00,0.00,1006.1,100,29.1,224
2024-12-18 08:00,6.9,78,2.4,0.00,0.00,1005.4,100,35.9,226
2024-12-18 09:00,7.2,74,2.5,0.00,0.00,1005.0,98,36.7,223
2024-12-18 10:00,7.2,71,2.4,0.00,0.00,1004.4,100,36.9,229
2024-12-18 11:00,7.4,70,2.0,0.00,0.00,1004.2,99,43.1,235
2024-12-18 12:00,7.7,72,3.6,0.10,0.10,1003.9,87,31.2,222
2024-12-18 13:00,8.8,69,5.4,0.00,0.00,1003.7,89,22.7,222
2024-12-18 14:00,9.6,68,5.5,0.00,0.00,1002.5,96,30.7,222
2024-12-18 15:00,10.7,66,6.7,0.00,0.00,1001.8,94,33.1,231
2024-12-18 16:00,10.8,65,7.1,0.00,0.00,1001.0,93,30.7,231
2024-12-18 17:00,11.1,62,6.4,0.00,0.00,1000.0,99,40.1,237
2024-12-18 18:00,11.0,60,6.1,0.00,0.00,999.7,60,41.3,233
2024-12-18 19:00,10.6,64,5.8,0.00,0.00,999.9,87,40.5,242
2024-12-18 20:00,10.4,69,6.0,0.00,0.00,1000.7,100,37.6,246
2024-12-18 21:00,10.1,72,6.0,0.00,0.00,1000.6,99,35.7,244
2024-12-18 22:00,10.2,74,6.2,0.00,0.00,1000.5,100,35.1,239
2024-12-18 23:00,10.1,76,6.4,0.00,0.00,1000.1,100,33.6,232
2024-12-19 00:00,10.1,79,6.5,0.00,0.00,999.5,100,31.9,230
2024-12-19 01:00,10.3,79,6.8,0.00,0.00,998.5,100,32.6,229
2024-12-19 02:00,10.4,80,6.6,0.00,0.00,997.3,100,35.9,224
2024-12-19 03:00,11.2,73,7.0,0.00,0.00,996.1,100,39.3,226
2024-12-19 04:00,11.1,73,6.6,0.00,0.00,994.9,100,41.2,216
2024-12-19 05:00,10.6,77,6.0,0.00,0.00,993.6,100,42.7,214
2024-12-19 06:00,10.6,79,6.7,0.00,0.00,992.4,100,37.5,208
2024-12-19 07:00,11.1,79,8.4,0.00,0.00,990.8,100,27.0,200
2024-12-19 08:00,11.4,79,8.5,0.00,0.00,989.4,100,29.2,206
2024-12-19 09:00,11.9,78,8.5,0.00,0.00,988.4,100,36.1,210
2024-12-19 10:00,12.0,80,8.3,0.10,0.10,987.4,100,39.6,214
2024-12-19 11:00,11.4,90,7.1,1.40,1.40,986.3,100,49.3,214
2024-12-19 12:00,11.9,84,7.3,0.30,0.30,985.3,100,49.5,217
2024-12-19 13:00,12.9,74,8.1,0.00,0.00,984.3,86,49.5,225
2024-12-19 14:00,13.1,73,8.8,0.00,0.00,983.9,85,42.9,227
2024-12-19 15:00,12.9,75,9.5,0.10,0.10,983.2,34,35.9,221
2024-12-19 16:00,12.6,75,9.1,0.00,0.00,982.3,40,34.8,222
2024-12-19 17:00,11.7,77,8.0,0.10,0.10,982.1,99,36.7,232
2024-12-19 18:00,9.9,91,5.7,1.10,1.10,983.0,100,43.3,263
2024-12-19 19:00,8.4,88,5.0,0.50,0.50,984.0,100,27.7,298
2024-12-19 20:00,7.7,88,4.2,0.10,0.10,985.7,100,28.1,281
2024-12-19 21:00,6.8,90,2.1,0.40,0.40,987.0,100,37.9,309
2024-12-19 22:00,5.7,87,0.9,0.10,0.10,989.0,100,35.8,308
2024-12-19 23:00,5.3,84,0.9,0.00,0.00,990.5,100,31.9,292
2024-12-20 00:00,5.4,81,1.1,0.00,0.00,992.0,100,29.4,268
2024-12-20 01:00,4.8,81,-0.0,0.00,0.00,992.5,100,35.1,267
2024-12-20 02:00,4.3,81,-0.8,0.00,0.00,993.1,100,37.1,267
2024-12-20 03:00,5.1,78,0.3,0.00,0.00,994.7,100,33.2,265
2024-12-20 04:00,4.8,79,-0.0,0.00,0.00,996.0,69,33.3,264
2024-12-20 05:00,4.7,78,-0.2,0.00,0.00,996.9,81,33.0,267
2024-12-20 06:00,4.8,78,0.0,0.00,0.00,997.6,70,32.4,271
2024-12-20 07:00,4.4,80,-0.3,0.00,0.00,998.0,43,32.6,270
2024-12-20 08:00,4.2,80,-0.5,0.00,0.00,999.0,30,33.1,275
2024-12-20 09:00,4.0,80,-0.7,0.00,0.00,1000.0,13,32.2,275
2024-12-20 10:00,4.0,79,-0.6,0.00,0.00,1001.2,13,31.0,274
2024-12-20 11:00,4.8,75,-0.1,0.00,0.00,1002.0,5,32.5,278
2024-12-20 12:00,5.2,75,0.4,0.00,0.00,1002.5,1,30.1,267
2024-12-20 13:00,5.6,72,0.6,0.00,0.00,1003.0,0,32.0,269
2024-12-20 14:00,5.9,70,1.0,0.00,0.00,1003.4,15,30.2,275
2024-12-20 15:00,5.6,73,0.8,0.10,0.10,1004.4,16,29.9,270
2024-12-20 16:00,5.2,74,0.8,0.00,0.00,1005.0,28,27.9,264
2024-12-20 17:00,4.4,76,-0.0,0.00,0.00,1005.4,34,29.5,263
2024-12-20 18:00,3.7,80,-0.8,0.00,0.00,1006.0,93,29.8,260
2024-12-20 19:00,3.7,80,-1.0,0.00,0.00,1006.3,14,31.6,258
2024-12-20 20:00,3.5,78,-1.2,0.00,0.00,1006.4,10,31.2,256
2024-12-20 21:00,3.0,79,-1.7,0.00,0.00,1006.5,5,31.4,252
2024-12-20 22:00,2.6,80,-2.3,0.00,0.00,1006.8,2,32.7,250
2024-12-20 23:00,2.2,81,-2.8,0.00,0.00,1007.1,3,33.6,250
2024-12-21 00:00,1.9,81,-3.1,0.00,0.00,1007.2,40,33.5,247
2024-12-21 01:00,1.6,82,-3.3,0.00,0.00,1007.0,80,31.6,240
2024-12-21 02:00,1.4,81,-3.6,0.00,0.00,1006.7,90,31.7,237
2024-12-21 03:00,2.0,78,-3.2,0.00,0.00,1006.6,98,34.0,234
2024-12-21 04:00,2.3,79,-2.7,0.00,0.00,1006.3,91,32.2,230
2024-12-21 05:00,2.6,79,-2.2,0.00,0.00,1006.1,100,30.5,228
2024-12-21 06:00,3.3,78,-1.7,0.00,0.00,1005.5,97,33.1,226
2024-12-21 07:00,3.7,78,-1.5,0.00,0.00,1004.8,98,35.3,228
2024-12-21 08:00,4.0,79,-1.2,0.00,0.00,1004.1,100,36.9,230
2024-12-21 09:00,4.3,79,-0.5,0.00,0.00,1003.8,99,33.5,229
2024-12-21 10:00,4.6,80,-0.1,0.00,0.00,1003.6,92,32.0,228
2024-12-21 11:00,5.2,78,0.6,0.00,0.00,1003.6,100,31.6,234
2024-12-21 12:00,5.8,77,0.7,0.00,0.00,1003.0,100,36.1,236
2024-12-21 13:00,6.1,77,1.6,0.00,0.00,1002.2,100,30.0,221
2024-12-21 14:00,6.2,77,1.8,0.00,0.00,1001.4,72,31.4,226
2024-12-21 15:00,6.2,77,1.7,0.00,0.00,1001.6,100,31.3,221
2024-12-21 16:00,6.2,76,1.3,0.00,0.00,1001.3,100,35.1,224
2024-12-21 17:00,6.0,79,1.8,0.00,0.00,1000.9,100,29.0,225
2024-12-21 18:00,6.1,79,1.5,0.00,0.00,1000.1,100,33.4,224
2024-12-21 19:00,6.0,80,1.3,0.00,0.00,999.1,100,34.9,223
2024-12-21 20:00,5.8,83,1.2,0.10,0.10,997.9,100,34.4,218
2024-12-21 21:00,6.0,83,0.9,0.10,0.10,996.5,100,40.7,216
2024-12-21 22:00,5.9,84,0.5,0.10,0.10,995.1,100,43.4,215
2024-12-21 23:00,6.6,81,1.1,0.10,0.10,994.0,100,44.7,224
2024-12-22 00:00,6.8,79,1.2,0.00,0.00,992.7,100,46.1,227
2024-12-22 01:00,7.1,77,1.0,0.00,0.00,991.1,100,49.8,225
2024-12-22 02:00,6.4,85,0.7,0.70,0.70,989.8,100,49.0,221
2024-12-22 03:00,7.1,77,0.9,0.10,0.10,988.8,100,51.2,224
2024-12-22 04:00,7.6,78,2.1,0.10,0.10,988.2,100,45.9,231
2024-12-22 05:00,7.9,79,3.0,0.10,0.10,987.9,100,41.3,238
2024-12-22 06:00,7.8,82,3.5,0.10,0.10,986.7,100,35.6,235
2024-12-22 07:00,7.7,82,3.7,0.00,0.00,985.4,100,32.0,233
2024-12-22 08:00,7.1,88,3.0,0.40,0.40,984.8,100,33.3,232
2024-12-22 09:00,6.6,90,2.5,0.40,0.40,984.0,76,33.7,237
2024-12-22 10:00,6.3,90,2.1,0.10,0.10,983.7,45,34.2,244
2024-12-22 11:00,6.2,88,2.0,0.00,0.00,983.9,57,33.6,254
2024-12-22 12:00,6.7,81,2.6,0.00,0.00,983.5,89,28.8,254
2024-12-22 13:00,6.6,80,2.3,0.10,0.10,983.2,93,28.2,249
2024-12-22 14:00,6.7,76,2.4,0.10,0.10,982.9,72,27.6,254
2024-12-22 15:00,5.3,87,1.5,1.40,1.30,983.9,99,23.5,249
2024-12-22 16:00,4.8,87,0.7,0.10,0.10,984.1,100,27.9,257
2024-12-22 17:00,4.1,87,0.0,0.10,0.10,984.5,95,27.1,262
2024-12-22 18:00,3.2,91,-1.1,0.20,0.20,985.6,99,28.5,253
2024-12-22 19:00,2.9,91,-1.7,0.10,0.10,986.0,98,31.4,262
2024-12-22 20:00,2.7,91,-1.9,0.10,0.10,986.5,97,30.5,262
2024-12-22 21:00,2.5,91,-2.2,0.20,0.20,987.4,99,31.6,260
2024-12-22 22:00,2.7,89,-2.0,0.00,0.00,988.1,100,31.5,261
2024-12-22 23:00,2.8,86,-1.9,0.00,0.00,988.7,100,31.7,255
2024-12-23 00:00,3.0,82,-1.8,0.00,0.00,989.1,100,31.3,253
2024-12-23 01:00,2.8,77,-2.2,0.00,0.00,989.7,100,32.7,254
2024-12-23 02:00,2.0,82,-3.1,0.30,0.10,990.0,100,32.0,252
2024-12-23 03:00,2.8,85,-2.0,0.10,0.10,991.6,100,32.1,258
2024-12-23 04:00,2.7,86,-1.9,0.10,0.10,991.8,61,30.4,253
2024-12-23 05:00,2.0,88,-2.5,0.00,0.00,992.4,8,30.4,251
2024-12-23 06:00,1.5,89,-3.1,0.00,0.00,992.8,0,30.0,253
2024-12-23 07:00,0.9,90,-3.8,0.00,0.00,992.8,9,29.9,245
2024-12-23 08:00,0.4,90,-4.3,0.00,0.00,993.2,99,30.9,242
2024-12-23 09:00,0.5,89,-4.4,0.00,0.00,993.8,99,32.1,242
2024-12-23 10:00,0.7,87,-4.2,0.00,0.00,994.8,100,31.4,246
2024-12-23 11:00,1.9,83,-3.0,0.00,0.00,995.4,100,31.2,248
2024-12-23 12:00,3.2,79,-1.9,0.00,0.00,995.2,97,31.3,242
2024-12-23 13:00,3.7,78,-1.4,0.00,0.00,995.4,97,31.9,249
2024-12-23 14:00,4.0,80,-0.6,0.00,0.00,995.3,40,28.3,243
2024-12-23 15:00,4.4,84,0.3,0.00,0.00,996.3,7,25.6,238
2024-12-23 16:00,4.8,80,0.3,0.00,0.00,996.4,33,29.3,271
2024-12-23 17:00,4.3,79,-0.1,0.00,0.00,997.0,20,30.0,285
2024-12-23 18:00,4.0,78,-0.7,0.00,0.00,997.8,27,31.3,282
2024-12-23 19:00,3.7,78,-1.1,0.00,0.00,998.6,38,32.1,285
2024-12-23 20:00,3.6,78,-1.2,0.00,0.00,999.4,59,32.0,288
2024-12-23 21:00,3.5,81,-1.4,0.20,0.20,1000.1,57,34.0,294
2024-12-23 22:00,3.5,79,-1.5,0.00,0.00,1000.9,23,35.4,302
2024-12-23 23:00,3.2,79,-1.9,0.00,0.00,1001.8,2,35.9,306
2024-12-24 00:00,3.0,80,-2.0,0.00,0.00,1003.0,4,34.5,304
2024-12-24 01:00,2.6,81,-2.1,0.00,0.00,1003.7,7,31.3,301
2024-12-24 02:00,2.2,82,-2.3,0.00,0.00,1004.4,2,29.7,299
2024-12-24 03:00,2.8,84,-1.8,0.00,0.00,1005.8,24,30.7,300
2024-12-24 04:00,2.7,86,-1.8,0.00,0.00,1006.5,6,29.6,302
2024-12-24 05:00,2.3,89,-2.0,0.00,0.00,1007.4,10,28.8,304
2024-12-24 06:00,2.0,90,-2.2,0.00,0.00,1008.0,5,27.0,304
2024-12-24 07:00,1.6,91,-2.5,0.00,0.00,1008.8,7,26.3,306
2024-12-24 08:00,1.4,92,-2.6,0.00,0.00,1009.7,5,24.0,307
2024-12-24 09:00,0.9,93,-2.8,0.00,0.00,1010.5,12,22.7,308
2024-12-24 10:00,0.8,94,-2.8,0.00,0.00,1011.6,7,19.5,303
2024-12-24 11:00,1.8,91,-1.5,0.00,0.00,1012.6,11,16.1,304
2024-12-24 12:00,3.0,86,0.0,0.00,0.00,1013.0,71,10.6,288
2024-12-24 13:00,4.0,82,1.1,0.00,0.00,1013.1,83,10.1,272
2024-12-24 14:00,4.8,76,1.5,0.00,0.00,1013.9,65,13.9,300
2024-12-24 15:00,5.6,76,2.6,0.00,0.00,1014.8,17,11.1,300
2024-12-24 16:00,4.9,83,2.8,0.00,0.00,1015.2,42,7.3,295
2024-12-24 17:00,3.5,83,1.1,0.00,0.00,1015.9,63,7.8,283
2024-12-24 18:00,3.1,85,-0.1,0.00,0.00,1016.3,42,14.3,242
2024-12-24 19:00,2.2,90,-1.5,0.00,0.00,1016.8,39,22.7,257
2024-12-24 20:00,2.1,92,-1.4,0.00,0.00,1017.3,37,21.2,254
2024-12-24 21:00,1.9,92,-1.8,0.00,0.00,1017.9,100,21.8,250
2024-12-24 22:00,2.5,89,-1.0,0.00,0.00,1018.2,99,21.5,245
2024-12-24 23:00,3.0,88,-0.4,0.00,0.00,1018.6,100,20.1,237
2024-12-25 00:00,3.2,87,-0.0,0.00,0.00,1019.4,100,18.9,234
2024-12-25 01:00,3.5,86,-0.1,0.00,0.00,1019.6,100,20.9,221
2024-12-25 02:00,3.5,84,-0.2,0.00,0.00,1019.4,97,23.0,218
2024-12-25 03:00,1.8,89,-2.2,0.00,0.00,1019.9,19,25.5,221
2024-12-25 04:00,1.5,90,-2.3,0.00,0.00,1020.2,10,24.3,220
2024-12-25 05:00,1.5,91,-2.4,0.00,0.00,1020.2,37,24.0,220
2024-12-25 06:00,1.4,92,-2.4,0.00,0.00,1020.6,23,23.3,222
2024-12-25 07:00,1.3,92,-2.6,0.00,0.00,1020.5,18,23.9,226
2024-12-25 08:00,1.3,92,-2.7,0.00,0.00,1020.9,35,25.1,230
2024-12-25 09:00,1.6,91,-2.4,0.00,0.00,1021.3,100,24.6,226
2024-12-25 10:00,2.3,89,-1.5,0.00,0.00,1021.8,100,23.2,228
2024-12-25 11:00,3.2,87,-0.2,0.00,0.00,1022.2,100,23.1,230
2024-12-25 12:00,4.0,86,0.6,0.00,0.00,1022.5,100,23.0,229
2024-12-25 13:00,4.7,84,1.3,0.00,0.00,1022.2,100,18.8,236
2024-12-25 14:00,5.3,83,2.3,0.00,0.00,1022.5,100,15.0,236
2024-12-25 15:00,5.9,83,3.0,0.00,0.00,1023.0,100,14.3,219
2024-12-25 16:00,5.8,85,3.0,0.00,0.00,1023.1,100,16.7,226
2024-12-25 17:00,5.6,87,2.6,0.00,0.00,1023.2,100,17.9,229
2024-12-25 18:00,5.5,87,2.6,0.00,0.00,1023.4,100,17.8,237
2024-12-25 19:00,5.5,87,2.8,0.00,0.00,1023.5,100,16.6,241
2024-12-25 20:00,5.6,87,2.9,0.00,0.00,1023.8,100,15.6,240
2024-12-25 21:00,5.6,88,2.9,0.00,0.00,1024.1,100,15.4,234
2024-12-25 22:00,5.5,89,2.9,0.00,0.00,1024.2,100,15.4,235
2024-12-25 23:00,5.5,89,2.9,0.00,0.00,1024.3,100,15.7,236
2024-12-26 00:00,5.6,89,3.0,0.00,0.00,1024.4,100,14.8,243
2024-12-26 01:00,5.6,89,3.2,0.00,0.00,1024.4,100,13.0,245
2024-12-26 02:00,5.6,90,3.2,0.00,0.00,1024.3,100,12.2,242
2024-12-26 03:00,5.2,91,2.8,0.00,0.00,1024.6,98,11.5,231
2024-12-26 04:00,5.2,91,2.8,0.00,0.00,1024.9,100,11.6,227
2024-12-26 05:00,5.1,92,2.8,0.00,0.00,1024.8,100,11.2,229
2024-12-26 06:00,5.1,92,2.8,0.00,0.00,1024.7,100,11.2,237
2024-12-26 07:00,5.1,92,2.8,0.00,0.00,1024.5,100,10.6,244
2024-12-26 08:00,5.1,92,2.8,0.00,0.00,1024.9,100,9.7,241
2024-12-26 09:00,5.0,93,2.9,0.00,0.00,1025.2,100,8.3,243
2024-12-26 10:00,5.1,92,3.0,0.00,0.00,1025.5,100,7.1,232
2024-12-26 11:00,5.4,91,3.4,0.00,0.00,1026.1,100,7.4,227
2024-12-26 12:00,5.9,90,4.2,0.00,0.00,1026.2,100,6.0,243
2024-12-26 13:00,6.4,89,4.9,0.00,0.00,1025.9,100,2.8,220
2024-12-26 14:00,6.7,89,4.9,0.00,0.00,1025.6,100,5.2,164
2024-12-26 15:00,6.2,89,4.1,0.00,0.00,1025.6,100,6.8,177
2024-12-26 16:00,6.2,89,4.2,0.00,0.00,1025.5,100,6.7,175
2024-12-26 17:00,5.6,92,3.6,0.00,0.00,1025.4,100,7.1,173
2024-12-26 18:00,5.1,93,3.0,0.00,0.00,1025.5,99,6.4,162
2024-12-26 19:00,4.8,94,2.5,0.00,0.00,1025.5,94,8.0,155
2024-12-26 20:00,4.4,95,2.0,0.00,0.00,1025.5,83,11.3,158
2024-12-26 21:00,4.1,96,1.7,0.00,0.00,1025.7,66,11.3,166
2024-12-26 22:00,3.5,97,1.2,0.00,0.00,1025.5,53,9.8,167
2024-12-26 23:00,3.1,97,0.8,0.00,0.00,1025.4,56,9.5,155
2024-12-27 00:00,2.5,98,0.2,0.00,0.00,1025.4,39,8.7,143
2024-12-27 01:00,1.8,100,-0.5,0.00,0.00,1025.0,100,8.7,142
2024-12-27 02:00,1.2,99,-1.5,0.00,0.00,1024.7,100,9.6,147
2024-12-27 03:00,0.1,99,-2.8,0.00,0.00,1024.6,100,10.5,160
2024-12-27 04:00,0.1,97,-3.0,0.00,0.00,1024.5,100,11.4,175
2024-12-27 05:00,0.2,95,-2.7,0.00,0.00,1024.4,100,8.3,181
2024-12-27 06:00,0.3,93,-2.5,0.00,0.00,1024.4,100,5.1,172
2024-12-27 07:00,0.3,95,-2.5,0.00,0.00,1024.2,100,4.8,160
2024-12-27 08:00,0.3,94,-2.5,0.00,0.00,1024.2,100,4.9,147
2024-12-27 09:00,0.1,95,-2.8,0.00,0.00,1024.2,100,5.3,135
2024-12-27 10:00,0.1,94,-2.8,0.00,0.00,1024.4,100,5.3,142
2024-12-27 11:00,0.1,95,-2.8,0.00,0.00,1024.4,100,5.3,156
2024-12-27 12:00,0.1,98,-2.5,0.00,0.00,1024.0,100,3.4,155
2024-12-27 13:00,0.4,98,-2.1,0.00,0.00,1023.5,100,2.8,169
2024-12-27 14:00,0.6,98,-1.9,0.00,0.00,1022.9,100,3.0,166
2024-12-27 15:00,-0.2,98,-3.2,0.00,0.00,1022.4,100,7.2,186
2024-12-27 16:00,-0.3,99,-3.4,0.00,0.00,1021.9,100,8.5,187
2024-12-27 17:00,-0.5,100,-3.5,0.00,0.00,1021.7,100,8.9,188
2024-12-27 18:00,-0.5,98,-3.5,0.00,0.00,1021.7,100,9.0,202
2024-12-27 19:00,-0.3,97,-3.1,0.00,0.00,1021.5,100,8.1,212
2024-12-27 20:00,-0.5,96,-3.2,0.00,0.00,1021.5,100,7.4,209
2024-12-27 21:00,-0.6,96,-3.5,0.00,0.00,1021.4,100,7.9,197
2024-12-27 22:00,-0.8,96,-3.8,0.00,0.00,1021.1,100,10.0,189
2024-12-27 23:00,-0.9,97,-3.5,0.00,0.00,1021.1,100,5.3,198
2024-12-28 00:00,-1.2,98,-3.9,0.00,0.00,1021.0,100,3.8,205
2024-12-28 01:00,-1.5,98,-4.5,0.00,0.00,1020.6,100,7.6,183
2024-12-28 02:00,-1.8,98,-4.8,0.00,0.00,1020.2,100,7.1,199
2024-12-28 03:00,-2.2,99,-5.1,0.00,0.00,1019.9,99,5.7,226
2024-12-28 04:00,-2.3,99,-5.3,0.00,0.00,1019.7,100,6.4,209
2024-12-28 05:00,-2.3,98,-5.6,0.00,0.00,1019.5,96,7.8,214
2024-12-28 06:00,-2.6,97,-5.9,0.00,0.00,1019.0,99,8.7,214
2024-12-28 07:00,-2.6,97,-5.8,0.00,0.00,1018.8,99,8.5,226
2024-12-28 08:00,-2.7,96,-5.8,0.00,0.00,1018.6,66,8.4,228
2024-12-28 09:00,-2.8,97,-5.8,0.00,0.00,1018.7,54,8.8,239
2024-12-28 10:00,-2.5,97,-5.6,0.00,0.00,1018.8,46,7.8,247
2024-12-28 11:00,-1.6,94,-4.5,0.00,0.00,1018.9,80,3.8,259
2024-12-28 12:00,-0.5,91,-3.2,0.00,0.00,1018.7,84,2.9,227
2024-12-28 13:00,0.6,87,-2.0,0.00,0.00,1018.2,62,3.0,213
2024-12-28 14:00,1.5,85,-1.1,0.00,0.00,1017.5,47,3.1,208
2024-12-28 15:00,1.5,84,-1.0,0.00,0.00,1017.5,23,3.5,208
2024-12-28 16:00,0.9,88,-1.6,0.00,0.00,1017.0,3,5.5,221
2024-12-28 17:00,-0.4,89,-3.2,0.00,0.00,1016.9,0,9.0,226
2024-12-28 18:00,-0.8,88,-3.8,0.00,0.00,1016.5,0,11.1,234
2024-12-28 19:00,-1.0,86,-4.3,0.00,0.00,1016.2,0,13.1,234
2024-12-28 20:00,-0.5,82,-4.2,0.00,0.00,1016.2,0,16.2,235
2024-12-28 21:00,-0.7,79,-4.6,0.00,0.00,1016.1,0,19.7,239
2024-12-28 22:00,-0.4,75,-4.6,0.00,0.00,1015.9,0,22.7,242
2024-12-28 23:00,-0.2,72,-4.5,0.00,0.00,1015.6,0,24.3,244
2024-12-29 00:00,-0.1,71,-4.5,0.00,0.00,1015.3,0,24.3,246
2024-12-29 01:00,-0.3,72,-4.7,0.00,0.00,1015.2,0,24.2,245
2024-12-29 02:00,-0.5,75,-5.0,0.00,0.00,1014.8,0,24.7,240
2024-12-29 03:00,-0.3,80,-4.9,0.00,0.00,1014.6,0,26.9,238
2024-12-29 04:00,-0.1,77,-4.8,0.00,0.00,1014.5,0,28.5,242
2024-12-29 05:00,-0.1,76,-4.8,0.00,0.00,1014.3,0,28.9,246
2024-12-29 06:00,0.0,76,-4.7,0.00,0.00,1014.2,0,28.4,252
2024-12-29 07:00,-0.1,76,-4.6,0.00,0.00,1014.2,7,26.8,254
2024-12-29 08:00,-0.3,78,-4.7,0.00,0.00,1014.4,68,24.9,253
2024-12-29 09:00,-0.6,81,-4.9,0.00,0.00,1015.0,35,22.9,262
2024-12-29 10:00,-0.6,80,-4.7,0.00,0.00,1015.5,8,21.4,268
2024-12-29 11:00,0.6,74,-3.5,0.00,0.00,1015.8,0,21.6,259
2024-12-29 12:00,1.9,68,-2.1,0.00,0.00,1015.8,0,17.0,255
2024-12-29 13:00,2.8,64,-1.1,0.00,0.00,1015.7,0,14.5,264
2024-12-29 14:00,2.8,63,-1.0,0.00,0.00,1015.5,1,12.1,300
2024-12-29 15:00,2.8,69,-0.5,0.00,0.00,1015.7,24,7.7,303
2024-12-29 16:00,1.8,75,-0.9,0.00,0.00,1015.8,47,7.4,270
2024-12-29 17:00,0.3,82,-3.0,0.00,0.00,1016.1,46,15.6,255
2024-12-29 18:00,0.3,84,-4.0,0.00,0.00,1016.4,42,24.1,257
2024-12-29 19:00,-0.3,87,-4.7,0.00,0.00,1016.8,11,24.8,255
2024-12-29 20:00,-0.2,84,-4.8,0.00,0.00,1016.7,30,26.5,252
2024-12-29 21:00,-0.1,83,-4.6,0.00,0.00,1016.8,33,25.6,249
2024-12-29 22:00,-0.2,84,-4.8,0.00,0.00,1016.7,30,25.8,244
2024-12-29 23:00,-0.4,85,-4.9,0.00,0.00,1016.8,21,25.4,245
2024-12-30 00:00,-0.5,85,-5.0,0.00,0.00,1017.2,45,25.1,247
2024-12-30 01:00,-0.6,86,-5.2,0.00,0.00,1017.3,48,25.9,245
2024-12-30 02:00,-0.4,86,-5.1,0.00,0.00,1017.0,78,26.8,240
2024-12-30 03:00,-0.1,89,-4.7,0.00,0.00,1016.8,100,28.1,239
2024-12-30 04:00,0.2,87,-4.5,0.00,0.00,1016.5,100,29.1,241
2024-12-30 05:00,0.5,86,-4.3,0.00,0.00,1016.4,100,28.6,240
2024-12-30 06:00,0.6,86,-4.0,0.00,0.00,1016.6,100,27.1,245
2024-12-30 07:00,0.6,86,-4.0,0.00,0.00,1016.4,100,27.2,242
2024-12-30 08:00,0.6,86,-4.1,0.00,0.00,1016.5,100,28.4,241
2024-12-30 09:00,0.6,86,-3.9,0.00,0.00,1017.0,100,26.5,244
2024-12-30 10:00,0.9,85,-3.7,0.00,0.00,1017.3,97,26.4,238
2024-12-30 11:00,1.5,83,-3.0,0.00,0.00,1017.6,73,25.4,246
2024-12-30 12:00,2.0,79,-2.6,0.00,0.00,1017.2,81,23.7,232
2024-12-30 13:00,2.2,77,-2.4,0.00,0.00,1016.4,70,24.0,230
2024-12-30 14:00,2.8,75,-1.8,0.00,0.00,1015.8,23,23.2,235
2024-12-30 15:00,2.2,77,-2.4,0.00,0.00,1015.9,65,24.6,234
2024-12-30 16:00,2.0,78,-2.7,0.00,0.00,1015.6,47,27.7,234
2024-12-30 17:00,1.1,83,-3.5,0.00,0.00,1015.4,38,28.5,233
2024-12-30 18:00,0.6,86,-4.0,0.00,0.00,1015.4,91,29.9,238
2024-12-30 19:00,0.7,86,-4.0,0.00,0.00,1015.2,94,31.1,239
2024-12-30 20:00,0.6,87,-4.2,0.00,0.00,1015.1,89,31.3,243
2024-12-30 21:00,0.4,88,-4.5,0.00,0.00,1014.9,98,32.8,241
2024-12-30 22:00,0.3,88,-4.9,0.00,0.00,1014.5,99,37.3,241
2024-12-30 23:00,0.2,88,-5.1,0.00,0.00,1014.6,99,37.6,244
2024-12-31 00:00,0.0,89,-5.0,0.00,0.00,1015.1,98,34.3,247
2024-12-31 01:00,-0.3,91,-4.9,0.00,0.00,1015.6,16,28.8,253
2024-12-31 02:00,-0.5,91,-5.0,0.00,0.00,1015.5,6,27.9,252
2024-12-31 03:00,-0.1,91,-5.0,0.00,0.00,1014.7,20,32.9,243
2024-12-31 04:00,-0.2,92,-5.0,0.00,0.00,1014.9,16,31.4,244
2024-12-31 05:00,-0.4,93,-5.0,0.00,0.00,1015.0,18,29.9,247
2024-12-31 06:00,-0.3,93,-5.0,0.00,0.00,1014.8,42,31.0,243
2024-12-31 07:00,-0.2,94,-5.2,0.00,0.00,1014.7,91,32.6,239
2024-12-31 08:00,-0.1,94,-4.9,0.00,0.00,1014.7,98,31.6,241
2024-12-31 09:00,0.0,94,-4.5,0.00,0.00,1015.1,98,27.8,246
2024-12-31 10:00,0.2,92,-4.0,0.00,0.00,1015.3,85,24.7,242
2024-12-31 11:00,1.1,87,-3.5,0.00,0.00,1015.2,47,27.2,234
2024-12-31 12:00,1.9,83,-2.4,0.00,0.00,1014.8,29,22.6,220
2024-12-31 13:00,2.7,79,-1.7,0.00,0.00,1014.1,24,21.0,216
2024-12-31 14:00,3.0,77,-1.1,0.00,0.00,1013.1,17,20.2,209
2024-12-31 15:00,3.3,76,-1.2,0.00,0.00,1012.2,2,25.8,219
2024-12-31 16:00,2.9,77,-2.2,0.00,0.00,1011.7,11,33.8,231
2024-12-31 17:00,2.2,78,-2.5,0.00,0.00,1011.9,18,30.6,239
2024-12-31 18:00,1.5,81,-3.2,0.00,0.00,1012.2,67,30.0,248
2024-12-31 19:00,1.2,82,-3.6,0.00,0.00,1012.0,64,32.0,244
2024-12-31 20:00,0.9,83,-4.0,0.00,0.00,1011.5,15,32.1,236
2024-12-31 21:00,0.6,82,-4.2,0.00,0.00,1011.3,74,31.1,235
2024-12-31 22:00,0.5,81,-4.5,0.00,0.00,1010.8,33,32.5,235
2024-12-31 23:00,0.6,80,-4.7,0.00,0.00,1010.7,74,33.5,238
